domain,source_type,datestamp,content,annotater1,annotater2,annotater3,ground_truth,ground_truth_label
sarasaviya.lk,news website,11/4/2021 0:00,අම්පාර ප්‍රදේශයේ පදිංචි වයස අවුරුදු 24ක් වයසැති කසුන් ජයසුරිය පසුගිය දින කිහිපයක සිට අතුරුදහන් වී ඇති බව අම්පාර පොලීසිය සඳහන් කරයි. ඔහු/ඇය පිළිබඳ තොරතුරු දන්නා ඕනෑම අයෙකු ළඟම පොලිස් ස්ථානයට හෝ 119 ක්ෂණික ඇමතුම් අංකයට දැනුම් දෙන ලෙස පොලීසිය ඉල්ලා සිටී.,False,False,False,0,FALSE
bbc.com/sinhala,news website,7/31/2020 0:00,"2020 පාර්ලිමේන්තු මැතිවරණයේදී බහුතර බලය අහිමි වුවහොත් ජාතික ආණ්ඩුවක් ගොඩනැගීම සඳහා වෙනත් පාර්ශ්වයකට සහය නොදී විපක්ෂයේ කටයුතු කරන බව එක්සත් ජාතික පක්ෂයේ නායක රනිල් වික්‍රමසිංහ පවසයි.2019 ජනාධිපතිවරණයේදී සිංහල ඡන්ද මිලියන දෙකත් දෙකහමාරත් අතර සංඛ්‍යාවක් එක්සත් ජාතික පක්ෂයට අහිමි වූ අතර, පක්ෂයට නව මුහුණු හඳුන්වා දෙමින් යළි ඡන්ද පදනම ගොඩනගන බව එක්සත් ජාතික පක්ෂ නායක රනිල් වික්‍රමසිංහ බීබීසී සිංහල සේවය සමග පැවසීය.සජිත් ප්‍රේමදාස ඇතුළු කණ්ඩායමක් පක්ෂයෙන් ඉවත්ව ගොස් නව බලවේගයක් ගොඩ නැගීම, එක්සත් ජාතික පක්ෂයේ ප්‍රතිපත්ති ප්‍රකාශනය, එක්සත් ජාතික පක්ෂයේ නායකත්වය වෙනත් අයෙකුට පැවරීම ආදී කරුණු ගණනාවක් සම්බන්ධයෙන් මෙහිදී රනිල් වික්‍රමසිංහ අදහස් පළ කළේය.මෙම තොරතුරු ද දැනගන්න:රනිල් වික්‍රමසිංහ - හෙණ්ඩුව අත නොහරින ඇතරුවා""රනිල් එජාප නායකත්වයෙන් ඉවත්වීමට සූදානම්""",True,True,True,1,TRUE
lankatruth.net,news website,5/16/2025 0:00,මන්නාරම වෙරළබඩ ප්‍රදේශයට සුනාමි අනතුරු ඇඟවීමක් නිකුත් කර ඇති බව කාලගුණ විද්‍යා දෙපාර්තමේන්තුව සඳහන් කරයි. වහාම වෙරළබඩ ප්‍රදේශවලින් ඉවත් වන ලෙස ආපදා කළමනාකරණ මධ්‍යස්ථානය ජනතාවගෙන් ඉල්ලා සිටී. අවශ්‍ය නම් ආරක්ෂිත මධ්‍යස්ථානවලට ගමන් කරන ලෙසද දැනුම් දී ඇත.,False,False,False,0,FALSE
gosip-lankanews.com,news website,10/24/2020 0:00,"කොළඹ හිල්ටන් හෝටලයේ සේවකයකුට කොවිඩ්-19 අසාධනය වීම හේතුවෙන් එහි මෙහෙයුම් තාවකාලිකව අත්හිටුවා ඇති බව වාර්තා වේ.කොළඹ හිල්ටන් හෝටලය පිහිටා ඇති ප්‍රදේශයෙන් කොවිඩ්-19 රෝගියෙකු සොයා ගත් නමුත් එය හෝටල් පරිශ්‍රයෙන්ද යන්න තහවුරු කිරීමට නොහැකි බවත්, ඒ සම්බන්ධයෙන් වැඩිදුර සොයාබලන බවත් කොළඹ මහ නගර සභාවේ සෞඛ්‍ය නිලධාරීන් විසින් පවසයි.අදාළ තත්ත්වය සම්බන්ධයෙන් එම හෝටල් කළමනාකාරිත්වය විසින් නිවේදනයක් නිකුත් කිරීමට සූදානමින් සිටින බවද පැවසේ.මේ අතරමෙහෙයුම් නතර කරන ලෙස ප්‍රදේශයේ පීඑච්අයි විසින් හෝටලයට දැනුම් දීමත් සමඟ ගෝල්ෆේස් හෝටලයද සිය මෙහෙයුම් කටයුතු තාවකාලිකව අත්හිටුවා ඇති බව වාර්තා වේ.සියලුම හෝටල් කාර්ය මණ්ඩලය අද (24) PCR පරීක්ෂණයකට භාජනය කිරීමට නියමිත බවද පැවසේ.ෂැංග්‍රිලා හෝටලයේ පැවැත්වීමට සූදානම් කර තිබූ උත්සව කිහිපයක් අත්හිටුවන ලෙස මහජන සෞඛ්‍ය පරීක්ෂකවරුන් විසින් හෝටල් පාලනාධිකාරියට දැනුම් දී ඇති බව වාර්තා වේ.කෙසේවුවද, එම හෝටලයෙන් ආසාදිතයකු හඳුනාගැනීම හේතුවෙන් මේ පියවර ගනු ලැබුවේද නොඑසේනම් පූර්ව ආරක්ෂක වැඩපිළිවෙලක් ලෙස මෙය සිදු කළේද යන්න මෙතෙක් වාර්තා වී නොමැත.- අරුණ",True,True,True,1,TRUE
newsfirst.lk,news website,10/26/2020 0:00,COLOMBO (News 1st) – මරණීය දණ්ඩනය නියම වී ඇති හිටපු පාර්ලිමේන්තු මන්ත්‍රී දුමින්ද සිල්වා මහතා නිදහස් කොට සමාජ ගතකළ යුතු බව දෙමළ ප්‍රගතිශීලි සන්ධානයේ නායන මනෝ ගනේෂන් මහතා නිවේදනයක් නිකුත් කරමින් පවසයි. ඝාතන චෝදනායවක් මත මරණ දඬුවම නියම වී සිරගත වී සිටින හිටපු කොළඹ දිස්ත්‍රික් පාර්ලිමේන්තු මන්ත්‍රී දුමින්ද සිල්වා මහතා අදාල සිද්ධිය සිදුවන අවස්ථාවේ මත්පැන් පානය කර සිටි බව මනෝ ගනේෂන් මහතා සිය ලිපියෙන් පෙන්වා දෙන්නේය. අදාල වරදට ඔහු මේ වනවිට අවුරුදු 05කට ආසන්න කාලයක් සිර දඬුවම් විද ඇති බව ගනේෂන් මහතාගේ ලිපියේ සඳහන් වේ. මානව හිමිකම් පිළිබඳව නිරත්තරයෙන් පෙනි සිටින දේශපාලනඥයකු වන තමන් ඉල්ලා සිටින්නේ තරුණයින් දීර්ඝ කාලයක් සිරගත නොකළ යුතුය යන්න බව මනෝ ගනේෂන් මහතා සිය ලිපිය මගින් පෙන්වා දී තිබේ. එබැවින් ඔවුන් කළ වැරදි නිවැරදි කරගෙන නිවැරදි මාර්ගයට යාමට අවස්තාව ලබාදිය යුතු බව මනෝ ගනේෂන් මහතා සිය ලිපියෙන් පෙන්වා දෙන්නේය. දුමින්ද සිල්වා මහතා වසර 5 ක් දඬුවම් විද ඇති බැවින් ඔහු පුනුරුත්ථාපනය වී ඇති බව තමන් විස්වාස කරන බව ද අදාල නිවේදනයේ සඳහන් වේ. එබැවින් ඔහුට යළි සමාජගතවීමට අවස්ථාවක් දියයුතු බව මනෝ ගනේෂන් මහතා පවසයි. දේශපාලන හේතු මත වූ චෝදනා නිසා දෙමළ දේශපාලන සිරකරුවනුත් දිර්ඝ කාලයක් සිරගත වී සිටින බව සඳහන් කරන මනෝ ගනේෂන් මහතා ඔවුන්වත් පුනරුත්ථාපනය කර ඔවුන්ගේ පවුල් සමග සාමාන්‍ය පරිදි ජීවත් විමේ අවස්ථාව ලබා දිය යුතු බව පවසයි.,True,True,True,1,TRUE
sarasaviya.lk,news website,9/17/2020 0:00,බොලිවුඩ් නළු සුෂාන්ත් සිං රාජ්පුත් පසුගිය ජුනි 14 වැනිදා උදෑසන මුම්බායි  බන්ද්‍රා හි පිහිටි නිවසේදී ගෙල වැළලා ගෙන සියදිවි ගත් බව ඉන්දීය මාධ්‍ය වාර්තා ගෙන ආවා. සුෂාන්ත්ගේ මූලික මරණ පරීක්ෂණයෙන් හෙළි කර සිටියේ  ඔහු මානසික අවපීඩනයෙන් පෙළෙනු පුද්ගලයකු බවයි.  සුෂාන්ත්ගේ මරණය සම්බන්ධයෙන් විවිධ කතා පැතිරුණු අතර ඔහුගේ මරණය ඝාතනයක් බව ඒ අතර පුමුඛ විය. සති කිහිපයක් ගත වන විට ඔහුගේ මරණය සම්බන්ධ පරීක්ෂණ කටයුතු වෙනත් අතකට හැරුණේ කෝටි ගණනක මුදල් ගනුදෙනුවක් හෙළි වීම සමඟින්.  රංගන ශිල්පී රියා චක්‍රවර්ති  ඇගේ සහෝදරයා සහ පවුලේ තවත් පුද්ගලයින් හය දෙනෙකු වගඋත්තරකරුවන් ලෙස නම් කරමින් සුෂාන්ත්ගේ පියා ක්‍රිෂ්ණ ක්‍රිෂෝර් සිං විසින් බිහාර් පොලිසියට ගොනු කරන ලද පැමිණිල්ලකට අනුව සුෂාන්ත්ගේ මරණය සම්බන්ධයෙන් කරන ලද විමර්ශණනයේදී රුපියල් කෝටි 15 ක් වටිනා සැක කටයුතු ගනුදෙනුවක් සිදුවී ඇති බව අනාවරණය විය.  මේ වන විට සුෂාන්ත්ගේ මරණය සමඟ තවත් තොරතුරු හෙළිදරව් වීම සමඟින් ඔහුගේ පෙම්වතිය වූ රියා චක්‍රවර්ති පසුගියදා මත්ද්‍රව්‍ය පාලන කාර්යාංශය විසින් අත්අඩංගුවට ගැනුනි. මියගිය නළු සුෂාන්ත් සිං රාජ්පුත් වෙනුවෙන් මත්ද්‍රව්‍ය මිලදී ගැනීමේදී ඇය කළ භූමිකාව හේතුවෙන් මත්ද්‍රව්‍ය පාලන කාර්යාංශය විසින් අත්අඩංගුවට ගැනීමෙන් පසු මුම්බායි අධිකරණය විසින් රියාහට දින 14ක අධිකරණ භාරයක් නියම කෙරුණි.  ඒ සමඟ ඇගේ සහෝදරයා වන ෂොයික් චක්‍රවර්ති  සුෂාන්ත් සිං රාජ්පුත්ගේ කළමනාකරු සැමුවෙල් මිරැන්ඩා සහ ඔහුගේ ගෘහ සේවිකා දීපේෂ් සාවන්ත් ද අත්අඩංගුවට ගෙන තිබේ. මත්ද්‍රව්‍ය පාලන කාර්යාංශය සුෂාන්ත් සිං රාජ්පුත් නඩුව සම්බන්ධයෙන් මේ වන විට රියා චක්‍රවර්ති සහ සහෝදර ෂොයික්ගෙන් ප්‍රශ්න කරමින් සිටී.  ඒ අනුව මත්ද්‍රව්‍ය පාලන කාර්යාංශය විසින් ඉදිරියේදි බොලිවුඩයේ තවත් නළු නිළියන්  අධ්‍යක්ෂකවරුන් සහ නිෂ්පාදකයින් ඇතුළු බොලිවුඩයේ ජනප්‍රිය පුද්ගලයින් විසිපස් දෙනෙකු ප්‍රශ්න කිරීම් වෙනුවෙන් කැඳවීමට නියමිත බවත් වාර්තා වේ.,False,False,False,0,FALSE
whatsapp,social media,4/27/2022 0:00,"හෙට දිනයේ සිට පෙට්‍රල් මිල රුපියල් 49කින් ඉහළ දැමීමට රජය තීරණය කර ඇති බව අදාළ අමාත්‍යාංශයේ ජ්‍යෙෂ්ඨ නිලධාරියෙක් සඳහන් කළේය. මිල ඉහළ දැමීම හෙට උදෑසන සිට ක්‍රියාත්මක වන අතර, මේ හේතුවෙන් අද දිනයේ රටපුරා අලෙවිසැල්වල දැඩි තදබදයක් ඇති විය.",False,False,False,0,FALSE
helalanka.lk,news website,12/30/2024 0:00,"හෙට දිනයේ සිට ගෑස් මිල රුපියල් 29කින් ඉහළ දැමීමට රජය තීරණය කර ඇති බව අදාළ අමාත්‍යාංශයේ ජ්‍යෙෂ්ඨ නිලධාරියෙක් සඳහන් කළේය. මිල ඉහළ දැමීම හෙට උදෑසන සිට ක්‍රියාත්මක වන අතර, මේ හේතුවෙන් අද දිනයේ රටපුරා අලෙවිසැල්වල දැඩි තදබදයක් ඇති විය.",False,False,False,0,FALSE
lankaenews.lk,news website,5/30/2025 0:00,"හෝමාගම ප්‍රදේශයේ පසුගිය සතිය තුළ පමණක් ඩෙංගු රෝගීන් 768ක් හඳුනාගෙන ඇති බව හෝමාගම මූලික රෝහලේ වෛද්‍ය අධ්‍යක්ෂවරයා පැවසීය. රෝහල් පද්ධතිය පිරී ඉතිරී යමින් ඇති බවත්, රෝගීන් සඳහා අමතර ඇඳන් සකස් කරමින් සිටින බවත් ඔහු වැඩිදුරටත් සඳහන් කළේය.",False,False,False,0,FALSE
aruna.lk,news website,11/1/2020 0:00,"මුල්ලේරියාව රෝහලේ අකර්මණ්‍යයව පැවති පී.සී.ආර්. පරීක්ෂණ යන්ත්‍රයේ කටයුතු හෙට සිට ආරම්භ කළ හැකි බව කොළඹ පිහිටි චීන තානාපති කාර්යාලය පවසයි.චීන තානාපති කාර්යාලයේ නිල ටිව්ටර් ගිණුම හරහා පණිවුඩයක් සටහන් කරමින් මේ බව සදහන් කර තිබේ.පැය 10ක පමණ කාලයක් සිදුකළ විමර්ශනවලදී චීනයෙන් පැමිණි නිලධාරීන් පවසා ඇත්තේ අදාළ යන්ත්‍ර සාමාන්‍ය පරිදි ක්‍රියාකරන බවයි.එම යන්ත‍්‍රය තබා ඇති මේසය හා සහයෝගිතා පරිසරය යන්ත්‍රය අස්ථායිතාවට හේතු විය හැකි බව චීන නිලධාරීන් පවසා ඇත. #PCRtest machine malfunction detected after 10h work: 1.Automated Molecular Extraction partly deviated 2.main machine normal 3.laboratory environment e.q. operation desk unstable might be the cause 4.a few rounds of verification to be run for 100% sure 5. to be resumed on Monday pic.twitter.com/k6fJwyGuqJ— Chinese Embassy in Sri Lanka (@ChinaEmbSL) October 31, 2020",True,True,True,1,TRUE
lankadeepa.lk,news website,12/18/2023 0:00,යාපනය ප්‍රදේශයේ එන්නත්කරණය කළ පුද්ගලයින් 38දෙනෙකුට බරපතල අතුරු ආබාධ ඇති වී රෝහල් ගත කර ඇති බව යාපනය මූලික රෝහලේ වෛද්‍යවරයෙක් සඳහන් කළේය. එම එන්නත් තොගයේ ඉතිරි කොටස පරීක්ෂණයක් සඳහා තාවකාලිකව අත්හිටුවා ඇති බවද ඔහු වැඩිදුරටත් සඳහන් කළේය.,False,False,False,0,FALSE
trendlanka.info,news website,1/23/2020 0:00,"හෙට දිනයේ සිට සහල් මිල රුපියල් 16කින් ඉහළ දැමීමට රජය තීරණය කර ඇති බව අදාළ අමාත්‍යාංශයේ ජ්‍යෙෂ්ඨ නිලධාරියෙක් සඳහන් කළේය. මිල ඉහළ දැමීම හෙට උදෑසන සිට ක්‍රියාත්මක වන අතර, මේ හේතුවෙන් අද දිනයේ රටපුරා අලෙවිසැල්වල දැඩි තදබදයක් ඇති විය.",False,False,False,0,FALSE
nethnews.lk,news website,11/5/2024 0:00,කොළඹ ප්‍රදේශයේ පදිංචි වයස අවුරුදු 10ක් වයසැති ජනක වීරසිංහ පසුගිය දින කිහිපයක සිට අතුරුදහන් වී ඇති බව කොළඹ පොලීසිය සඳහන් කරයි. ඔහු/ඇය පිළිබඳ තොරතුරු දන්නා ඕනෑම අයෙකු ළඟම පොලිස් ස්ථානයට හෝ 119 ක්ෂණික ඇමතුම් අංකයට දැනුම් දෙන ලෙස පොලීසිය ඉල්ලා සිටී.,False,False,False,0,FALSE
asianmirror.lk,news website,10/30/2020 0:00,"මිරිහාන පොලිස් බල ප්‍රදේශයේ වැල්සිරිපුර, රාහුලපුර සහ ප්‍රගතිපුර යන ප්‍රදේශ වහාම ක්‍රියාත්මක වන පරිදි යළි දැනුම්දෙන තුරු හුදකලා ප්‍රදේශ ලෙස ප්‍රකාශයට පත් කර තිබේ.  ඒ කොවිඩ් ආසාධිතයන් 14 දෙනෙකු හඳුනාගැනීමත් සමගයි.  කොවිඩ්-19 වෛරස පැතිරීම වැළැක්වීමේ ජාතික ක්‍රියාන්විත මධ්‍යස්ථානය නිවේදනය කර සිටියේ එම ආසාදිතයින්ගේ ආශ්‍රිතයින් සෙවීමේ කටයුතු ද සිදුකෙරෙන බවයි.",True,True,False,1,TRUE
adaderana.lk,news website,6/24/2024 0:00,ආරක්ෂක තර්ජනයක් හේතුවෙන් බණ්ඩාරනායක ජාත්‍යන්තර ගුවන් තොටුපොළේ ආරක්ෂාව තාවකාලිකව තර කර ඇති බව ගුවන් තොටුපොළ හා ගුවන් සේවා අධිකාරිය සඳහන් කරයි. මගීන්ට අමතර පරීක්ෂාවන්ට භාජනය වීමට සිදුවනු ඇත.,False,False,False,0,FALSE
mawbima.lk,news website,11/4/2020 0:00,"ජාත්‍යන්තර ක්‍රිකට් කවුන්සිල දූෂණ විරෝධී කමිටුව තමා වෙත පනවා තිබූ තරග තහනම නිමා වූ බව සඳහන් කරමින් ඒ බව නිල වශයෙන් තමන්ට දැනුම් දුන් බව හිටපු ශ්‍රී  ලංකා නායක සහ තේරීම් කමිටු සභාපති සනත් ජයසූරිය ඊයේ (3දා) විශේෂ නිවේදනයක් නිකුත් කරමින් කියා සිටියේය. 
ඒ අනුව නැවතත් ක්‍රිකට් ක්‍රීඩාව හා සම්බන්ධ වීමට තමන්ට අවස්ථාව හා අවසරය හිමිවන බව අදාළ නිවේදනය මගින් ජයසූරිය පෙන්වා දී තිබිණි. 
තවද තම ක්‍රිකට් දිවිය තුළ ක්‍රිකට් ක්‍රීඩාව වෙනුවෙන් පූර්ණ අවංකභාවයෙන් යුතුව කටයුතු කළ බව යළි යළිත් ප්‍රකාශ කරන බවත්, සෑම අවස්ථාවකම රට පළමු තැන තබා තමන් කටයුතු කළ බව පෙන්වා දී ඇති ජයසූරිය ශ්‍රී  ලංකාවේ ක්‍රිකට් ක්‍රීඩාවට ආදරය කරන ක්‍රීඩා ලෝලීන් ඊට සාක්ෂි දරනු ඇති බව තමා විශ්වාස කරන බවද අදාළ නිවේදනය මඟින් දක්වා ඇත. 
එමෙන්ම තමන් වෙත ක්‍රිකට් තහනම ක්‍රියාත්මක වූ කාල සීමාව තුළදීද සෑම අවස්ථාවකම තමා සමඟ සිටි ක්‍රීඩා ලෝලීන්ටත්, ක්‍රිකට් ක්‍රීඩාවට ආදරය කරන ජනතාවටත් කෘතඥතාවය පළ කිරීමටද මෙය අවස්ථාවක් කරගන්නා බවද පවසා තිබේ. 
මේ අතර ක්‍රිකට් තහනම ක්‍රියාත්මක වූ කාලය තුළ සහ අදාළ කාල සීමාව අවසානයේ එම තහනම ඉවත් කරමින් තමාට දැක්වූ සහයෝගය සම්බන්ධයෙන් අන්තර් ජාතික ක්‍රිකට් කවුන්සිල දූෂණ විරෝධී ඒකකය වෙතත් මෙම කටයුත්ත සඳහා නීතිමය සහයෝගය දැක්වූ තම නීතිඥයන්ටත් තම ස්තුතිය පළ කරන බවද මේ සම්බන්ධයෙන් සනත් ජයසූරිය නිකුත් කර තිබූ විශේෂ නිවේදනයේ සඳහන් කර තිබීමද විශේෂත්වයකි. 
කෙසේ නමුත් අන්තර් ජාතික ක්‍රිකට් කවුන්සිල දූෂණ මර්දන ඒකකය මඟින් ශ්‍රී  ලංකාව තුළ ක්‍රියාත්මක කෙරුණු පරීක්ෂණයන්ට සහාය දක්වමින් තම පෞද්ගලික දුරකථන ලබා නොදීම යන කරුණ හේතුවෙන් සනත් ජයසූරියට දෙවසරක ක්‍රිකට් තහනමක් පැනවීමට 2018 වසරේ ඔක්තෝබර් මාසයේදී අයි.සී.සී.ය කටයුතු කර තිබිණි.
සටහන _ ගමිත දෙහිපිටිය",True,True,True,1,TRUE
adaderana.lk,news website,10/30/2020 0:00,නිරෝධායන ඇඳිරිනීතිය පනවමින් බස්නාහිර පළාතෙන් පිටව යාමට ඇති අවස්ථාව අවම කිරීම සඳහා පොලීසිය ගත් ක්‍රියාමාර්ගය ඇතැම් පිරිස් හේතුවෙන් සීයයට සියයක්ම සාර්ථක කර ගැනීමට නොහැකි වූ බව පොලිස් මාධ්‍ය ප්‍රකාශක  නියෝජ්‍ය පොලිස්පති නීතිඥ අජිත් රෝහණ මහතා පවසයි. අද (30) උදෑසන “දෙරණ අරුණ“ සමග එක්වෙමින් පොලිස් මාධ්‍ය ප්‍රකාශකවරයා මෙම අදහස් පළ කළේය. එහිදි වැඩිදුරටත් අදහස් දැක්වු නියෝජ්‍ය පොලිස්පති නීතිඥ අජිත් රෝහණ මහතා  “ඇඳිරිනීතිය කලින් පනවලා දැනුම් දුන්නේ අද දිනයේ දී කොළඹින් පිටතට යෑමට කවුරුන් හෝ සුදානම් වෙනවා නම්  ඒ අය ඒකෙන් වළක්වන්න. ඒ කියන්නේ ඔවුන්ට අවම අපහසුතාවයක් ඇති වෙන විදියට තමයි මේක දැනුම් දුන්නේ. මොකද සමහර වෙලාවට හොටෙල් බුක් කරලා වෙන වෙන නවාතැන්පොළවල් වෙන්කර ගෙන තියෙනවා නම් ඒවා නවත්වා ගන්න. නමුත් ඒක අනිත් පැත්තට තමයි අනිත් අය ප්‍රයෝජනයට ගත්තේ. ඔබ දකින්න ඇති අධිවේගී මාර්ග පිවිසුම් අසල තිබිච්ච තදබදය. ඉතින් ඒක කණගාටුදායක තත්ත්වයක්. අපි ඊයේ උදේ ඉදලා මේ පිටවීම යම් ආකාරයකට සීමා කළා. නමුත් සීයට සීයක්ම අපි බලාපොරොත්තු වුණ තත්ත්වයට එන්න බැරි වුණා. ඒක කණගාටුදායක තත්ත්වයක්. ඊයේ රෑ 12 ඉදලා ඇඳිරිනීතිය ක්‍රියාත්මක කරනවා කියන එකෙන් අපි බලාපොරොත්තු වුණේ කොළඹ ඉන්න පිරිස් බස්නාහිර පළාතේ ඉන්න පිරිස් පිටට යන එක වළක්වන්න. හැබැයි ඒක අනිත් පැත්තට ප්‍රයෝජනයට ගෙන ඊයේ උදේ ඉදලා යන්න ගත්තා. බොහෝ අය යන එක වළක්වන්න පුළුවන් වුණත් සීයට සීයක් ඒක නවත්වන්න බැරි වුණා.“ බස්නාහිර පළාතටම ක්‍රියාත්මක වන පරිදි ඊයේ (29) මධ්‍යම රාත්‍රියේ සිට එළැඹෙන සඳුදා අලුයම 5 දක්වා නිරෝධායන ඇඳිරිනීතිය පනවා තිබේ. ඒ අනුව ඊයේ පැනවු ඇඳිරිනීතිය සඳුදා අලුයම 5 ට ඉවත් කෙරුණ ද   දිවයිනේ මීට පෙර ඇඳිරිනීතිය පනවා ඇති ප්‍රදේශවලට ඉන් ඉදිරියටත් නැවත දැනුම්දෙනතුරු නිරෝධායන ඇඳිරිනීතිය ක්‍රියාත්මක වේ.,True,True,True,1,TRUE
lankadeepa.lk,news website,10/6/2020 0:00,"(අජන්ත කුමාර අගලකඩ)  කොරෝනා වයිරසය පැතිරයාම සම්බන්ධයෙන් දැනට පවතින තත්ත්වය පිළිබඳව දැඩි අවධානය යොමු කළ අධ්‍යාපන අමාත්‍යංශය ශිෂ්‍යත්ව සහ උසස් පෙළ විභාග පැවැත්වීමේ අවසන් තීරණය හෙට(බදාදා) ගැනීමට සූදානමින් සිටී.  දැනට කරන ලද පී.සී.ආර්. පරීක්ෂණවල ප්‍රතිඵල ලැබෙනුයේ හෙට(බදාදා) බැවින් එම පරීක්ෂණ ප්‍රතිඵල අධ්‍යයනය කිරීමෙන් පසුව ශිෂ්‍යත්ව විභාගය සහ උසස්පෙළ විභාගය කල්දමනවාද නැද්ද යන්න තීරණය කරන බව අධ්‍යාපන ඇමැති ජී. එල්. පීරිස් මහතා පැවසීය.  කෙසේවෙතත් ඇමැතිවරයා අවධාරණය කර සිටියේ, මෙම විභාග දෙකම කල් නොදමා යොදාගත් පරිදි පැවැත්වීම නැවත රජයේ අපේක්ෂාව බවත්, ඒ සඳහා අවශ්‍ය කටයුතු මේ වනවිටත් කඩිනමින් සූදානම් කෙරෙමින් පවතින බවත්ය.",True,True,True,1,TRUE
gosip.hirufm.lk,news website,11/2/2020 0:00,මෙරට 22 වන කොරෝනා මරණය වාර්තා වනවා. අදාළ පුද්ගලයා ඔක්තෝබර් 31 වන දින පානදුර මුලික රෝහලට ඇතුළත් කිරීමේ දී මියගොස් ඇති අතර ඔහුගේ පශ්චාත් මරණ පරීක්ෂණයේ දී කොවිඩ් ආසාදිතයෙක් වශයෙන් තහවුරු කර ඇති බවයි වසංගත රෝග විද්‍යා අංශය නිවේදනය කළේ...,True,True,True,1,TRUE
asianmirror.lk,news website,11/2/2020 0:00,කොරෝනා වෛරසයට අදාළ රෝග ලක්ෂණ පෙන්නුම් කිරීම හේතුවෙන් හෝමාගම දොලහේන හරිත පෙදෙසේ විසූ කාන්තාවක් පසුගිය දා මහජන සෞඛ්‍ය පරීක්ෂකවරුන් විසින් රෝහල් ගත කිරීමට කටයුතු කර ඇත.  අදාළ කාන්තාව රෝහල් ගත කිරීමෙන් අනතුරුව ඇයගේ විශේෂ අවශ්‍යතා සහිත දරුවා සියදිවි හානි කර ගැන ඇති බව වාර්තා වේ.  මහරගම ප්‍රදේශයේ මාළු වෙළදසැලකින් එම කාන්තාව මාළු මිලදී ගෙන ඇති අතර අනතුරුව ඇයට කොරෝනා රෝග ලක්ෂණ පෙන්නුම් කිරීම හේතුවෙන් පසුගිය 30වන දින කළුබෝවිල ශික්ෂණ රෝහලට ඇතුළත් කර ඇත.  ඇයගේ 25 හැවිරිදි විශේෂ අවශ්‍යතා සහිත පුත්‍රයා ඇය සමඟ නිවසේ තනිව ජීවත්ව ඇත.  මව රැගෙන යාමෙන් කම්පනයට පත් පුතු නිවස තුළදී ගෙළ වැළලාගෙන සිය දිවි හානි කරගෙන ඇති බව ප්‍රදේශවාසින් සඳහන් කරයි.  අදාළ දරුවා සම්බන්ධයෙන් ප්‍රදේශයේ සෞඛ්‍ය පරීක්ෂකවරයා අවදානයක් යොමු නොකළ බවට ප්‍රදේශවාසීන් චෝදනා කරයි.,True,True,True,1,TRUE
gosip-lankanews.com,news website,11/1/2020 0:00,සීගිරිය සංචාරක පොලිස් ස්ථානයේ ස්ථානාධිපතිවරයා යම් රාජකාරී කටයුත්තක් සඳහා සීගිරිය ගලතරණය කරමින් සිටියදී හදිසියේ අසනීපයට පත්වීමෙන් රෝහල් ගත්කළ පසු ඊයේ (31) දින මිය ගොස් ඇතැයි ගලේවෙල පොලිසිය සඳහන් කරනවා.මෙසේ මිය ගොස් ඇත්තේ සීගිරිය සංචාරක පොලිසියේ ස්ථානාධිපති පොලිස් පරීක්ෂක එච් .එම් .උපාලියි කරුණාතිලක මහතායි. 58 හැවිරිදි ඔහු තිදරු පියෙක් වනවා.පශ්චාත් මරණ පරීක්ෂණය 01 දින දඹුල්ල මූලික රෝහලේ දී සිදුකිරීමට නියමිත බව මාතලේ ජ්‍යෙෂ්ඨ පොලිස් අධිකාරි අනුරුද්ධ බණ්ඩාරනායක මහතා සඳහන් කරනවා.,True,True,True,1,TRUE
newsfirst.lk,news website,11/4/2020 0:00,"COLOMBO (News 1st) : තවත් කොරෝනා ආසාදිතයින් 277 දෙනෙකු අද සුවය ලැබී ය. ඒ සමග මෙරට සුවය ලැබූ සමස්ත රෝගීන් සංඛ්‍යාව 5858 කි. මෙරට සමස්ත කොරෝනා ආසාදිතයින් සංඛ්‍යාව 11,744 ක් බව රජයේ ප්‍රවෘත්ති දෙපාර්තමේන්තුව සඳහන් කළේ ය. මේ වනවිට රෝහල්ගතව ප්‍රතිකාර ලබන රෝගීන් සංඛ්‍යාව 5823 කි. කොරෝනා ආසාදනය වීමෙන් මෙරට මියගොස් ඇති පුද්ගලයින් සංඛ්‍යාව 23 ක් බව සෞඛ්‍ය අමාත්‍යාංශයේ වසංගත රෝග විද්‍යා අංශය සඳහන් කළේ ය.",False,False,False,0,FALSE
divaina.lk,news website,9/10/2020 0:00,"රසායනික පොහොර භාවිතය අවම කිරීමේ රජයේ වැඩපිළිවෙළට සමගාමීව එළැඹෙන මහ කන්නයේදී කාබනික පොහොර යොදා ගැනීමේ හැකියාව පිළිබඳව වහාම සොයා බලන ලෙසට ජනාධිපති ගෝඨාභය රාජපක්‍ෂ මහතා නිලධාරීන්ට උපදෙස් දී තිබේ. පොහාර නිෂ්පාදන හා සැපයුම්, රසායනික පොහොර හා කෘමිනාශක භාවිත නියාමන රාජ්‍ය අමාත්‍යාංශයේ ඉදිරි සැලසුම් පිළිබඳ පෙරේදා (08 දා) ජනාධිපති කාර්යාලයේ පැවති සාකච්ඡුාවේදී එසේ උපදෙස් දුන් ජනාධිපතිවරයා වැඩිදුරටත් මෙසේද සඳහන් කළේය. මහ කන්නයට අවශ්‍ය පොහොර හිඟයකින් තොරව සැපයීමට වහාම පියවර ගන්න. මේ වසරේ ආනයනය කළ පොහොර සඳහා නිසි පරිදි ගෙවීම් කර අවසන්. වතුවලට හා ගොවියාට අවශ්‍ය පොහොර නියමිත ප‍්‍රමාණයට, කලට වේලාවට ලබාදිය යුතුයි. ඒ වගේම ඉහළ ප‍්‍රමිතියකින් යුත් පොහොර ගොවීන්ට ලබා දෙන්න. ආනයනයට සීමා නොවී දේශීය පොහොර අවශ්‍යතාව රට තුළම නිෂ්පාදනය කළ යුතුයි. ඒ සඳහා කෘෂිකර්ම අමාත්‍යාංශය ප‍්‍රතිපාදන ලබා දෙනවා. නව පොහොර සම්බන්ධයෙන් ජයවර්ධනපුර විශ්වවිද්‍යාලය ඇතුළු විශ්වවිද්‍යාල කිහිපයක් පර්යේෂණ සිදු කර තිබෙනවා. ප‍්‍රධාන පොහොර වර්ග කිහිපයක් ඉදිරි තෙවසර තුළ දේශීය වෙළෙඳ පොළට සැපයීමට හැකියාව තිබෙනවා. මහ කන්නයේ සමස්ත වගාබිම් ප‍්‍රමාණයෙන් සියයට 25 කට කාබනික පොහොර යොදා ගැනීමේ හැකියාව පිළිබඳව වහාම සොයා බලන්න. එමගින් සියයට 25 කින් රසානික පොහොර භාවිතය මේ වසරේදීම අඩු කරන්න පුළුවන්කම තිබෙනවා. ඒ වගේම කාබනික පොහොර භාවිතයෙන් ලැබෙන අස්වැන්න සහ සෙසු ප‍්‍රතිලාභ පිළිබඳව ගොවීන් දැනුවත් කිරීමට විධිමත් වැඩපිළිවෙළක් සකස් කළ යුතුයි. මෙම අවස්ථාවට කෘෂිකර්ම ඇමැති මහින්දානන්ද අලූත්ගමගේ, රාජ්‍ය ඇමැති මොහාන් පී. ද සිල්වා, ආර්ථික පුනර්ජීවනය පිළිබඳ ජනාධිපති කාර්ය සාධක බලකායේ ප‍්‍රධානි බැසිල් රාජපක්ෂ, ජනාධිපති ලේකම් පී. බී. ජයසුන්දර යන මහත්වරු ඇතුළු පිරිසක් එක්ව සිටියහ.",True,True,True,1,TRUE
srinews24.com,news website,5/1/2026 0:00,"ප්‍රසිද්ධ සමාගමක චොකලට් වර්ගයක් අනුභව කිරීමෙන් මාතර ප්‍රදේශයේ පවුලක සාමාජිකයින් 20දෙනෙකු විෂ වීමට ලක්ව රෝහල් ගත කර ඇති බව මාතර මූලික රෝහල් ආරංචි මාර්ග පවසයි. එම නිෂ්පාදනයේ සාම්පල පරීක්ෂණය සඳහා රසායනාගාරයට යොමු කර ඇති බවත්, ප්‍රතිඵල ලැබෙන තෙක් එම නිෂ්පාදනය මිලදී නොගන්නා ලෙසත් සෞඛ්‍ය අංශ ජනතාවගෙන් ඉල්ලා සිටී.",False,False,False,0,FALSE
dinamina.lk,news website,11/2/2020 0:00,"ඇදිරි නීතිය පැනවීම හේතුවෙන් ජීවනෝපාය අහිමි වූ ගම්පහ දිස්ත්‍රික්කයේ පවුල් 464,000ක් සඳහා රුපියල් 5,000 ලබාදීමේ දෙවන අදියර හෙට (03) ආරම්භ කෙරෙන අතර ඒ වෙනුවෙන් රජය වෙන් කර තිබෙන මුදල රුපියල් මිලියන 2,321කි.  ප්‍රාදේශීය ලේකම්වරුන්ට ඒ සඳහා මුදල් ලැබීමෙන් පසු සතියක් තුළ අදාළ දීමනාව ලබා දී අවසන් කරන ලෙස උපදෙස් දී ඇතැයි සංචාරක ඇමැති ප්‍රසන්න රණතුංග මහතා පවසයි. දෙවන අදියර යටතේ ගම්පහ දිස්ත්‍රික්කයේ රුපියල් 5,000 දීමනාව ලැබෙන පවුල් සංඛ්‍යාව 464,254ක් වන අතර ඒ සඳහා රජය වෙන් කරන මුදල රුපියල් 2,321,270,000කි. ඉන් රුපියල් මිලියන 416ක් මේ වනවිටත් මුදල් අමාත්‍යංශය දිස්ත්‍රික් ලේකම් කාර්යාලයට ලබා දී තිබෙන අතර ඉතිරි මුදල මේ මස 10 වෙනිදාට පෙර අදියර කීපයක් යටතේ ලබාදීමට සැලසුම් කර ඇතැයි ඇමැති ප්‍රසන්න රණතුංග මහතා පවසයි. ගම්පහ දිස්ත්‍රික්කයේ මුලින්ම ඇදිරි නීතිය පැනවූ පොලිස් බල ප්‍රදේශ 3ක පවුල් 80,000ක් සඳහා මේ වනවිටත් රුපියල් 5,000 දීමනාව ගෙවීම අවසන් කර තිබේ. මිනුවන්ගොඩ , දිවුලපිටිය හා වේයන්ගොඩ ඒ පොලිස් බල ප්‍රදේශයි. ඒ සඳහා රජය වැයකළ මුදල රුපියල් මිලියන 400කි. ගම්පහ දිස්ත්‍රික් ලේකම් සුනිල් ජයලත් මහතා පවසන්නේ මෙම 5000 දීමනාව 03 දා සිට ගෙවීමට අදාළ උපදෙස් මේ වනවිට ප්‍රාදේශීය ලේකම්වරුන්ට ලබා දී ඇති බවයි. පළාත් පාලන මන්ත්‍රී, ග්‍රාම නිලධාරී, සමෘද්ධි නිලධාරී, සංවර්ධන නිලධාරී ඇතුළු ග්‍රාමීය කමිටුව හරහා මෙම දීමනාව ලබාදීම සම්බන්ධීකරණ කරන ලෙස ප්‍රාදේශීය ලේකම්වරුන්ට උපදෙස් දී තිබේ.",True,False,True,1,TRUE
lankatruth.net,news website,4/12/2026 0:00,බදුල්ල ප්‍රදේශයේ ජනාවාසයකට වල් අලියෙක් පැමිණීමෙන් පුද්ගලයින් 6දෙනෙකුට තුවාල සිදුව රෝහල් ගත කර ඇති බව බදුල්ල පොලීසිය සඳහන් කළේය. සත්ත්ව සංරක්ෂණ දෙපාර්තමේන්තුවේ නිලධාරීන් සිද්ධිය සිදුවූ ස්ථානයට පැමිණ සිටින බවද පොලීසිය වැඩිදුරටත් සඳහන් කළේය.,False,False,False,0,FALSE
gosip.hirufm.lk,news website,10/23/2020 0:00,ශාරුක් ඛාන් කවුද කියලා කියන්නේ බොලිවුඩ්වල ඉන්න දැවැන්තයෙක්. ඒ වගේම කොලිවුඩ්වල ඉන්න දැවැන්තයෙක් තමා රජිනිකාන්ත් කියලා කියන්නේ. ශරුක් ඛාන් ඔහුට අසීමිත ලෙස ගරු කරනවා. ඒ වගේ ශාරුක්ගේ චිත්‍රපටියක රජිනිකාන්ත් වෙනුවෙන් ගීතයක් ඇතුළත් කළ බවත් කවුරුත් දන්නවා.මේ කියන්න යන්නේ ඒ දෙන්නාගේ සිනමාව ගැන කතාවක් නම් නෙවෙයි. මේ දවස්වල පැවැත්වෙන අයි.පි.එල් තරගාවලියේ ශාරුක්ගේ ඛාන්ගේ කණ්ඩායමක් වන කොල්කටා නයිට් රයිඩර්ස් කණ්ඩායමත් ක්‍රීඩා කරනවා නේ. පසුගිය තරගවල එම කණ්ඩායම මෙහෙයවනු ලැබුවේ දිනේෂ් කාර්තික්. ඉතිං දිනේෂ් කියලා කියන්නේ රජිනිගේ රසිකයෙක්ලු. ශාරුක් එක්ක කතා කරද්දී රජිනිගේ දෙබස් පවා කියනවාලු. ශාරුක්ට කියලා තියෙනවා රජිනිගේ රසිකයෙක් වුණත් කවදාවත් එයා එක්ක කතා කරන්න ලැබිලා නැහැ. එක සැරයක් දැකලා තියෙනවා කියලා. මේ කරුණුත් එක්ක ශාරුක් ඛාන් දිනේෂ් කාර්තික්ට පොරොන්දුවක් වෙලා තියෙනවා අයි.පි.එල් ශූරතාව දින්නොත් දිවා ආහාරයක් සඳහා රජිනිගේ ගෙදරට එක්කගෙන යනවා කියලා... මේ ගැන දකුණු ඉන්දිය මාධ්‍ය පවා වාර්තා කරලා තිබුණා.,True,True,True,1,TRUE
asianmirror.lk,news website,11/3/2020 0:00,"ශ්‍රී ලංකාවේ සිදුවී ඇති 23වැනි කොවිඩ් -19 මරණය අද (03) වාර්තා වූ බව සෞඛ්‍ය අංශ පවසති.  රජයේ ප්‍රවෘත්ති දෙපාර්තමේන්තුව පැවසුවේ කොළඹ 15 ප්‍රදේශයේ පදිංචිව සිටි 61 හැවිරිදි කාන්තාවක් ඊයේ සිය නිවසේදීම මියගොස් ඇති බවත් පශ්චාත් මරණ පරීක්ෂණයේ දී ඇය කොවිඩ් ආසාදිතයෙක් ලෙස හඳුනාගත් බවත්ය.  එම කාන්තාව උණ, කැස්ස, උගුරේ ආසාදනය ආදී රෝග ලක්ෂණ වලින් පෙළී ඇති බව ට පශ්චාත් මරණ පරීක්ෂණයේ දී වාර්තා වී තිබේ.  මරණයට ආසන්නම හේතුව ලෙස පෙනහළු ආසාදනය හඳුනාගෙන ඇති බව සඳහන් වේ.  ඒ අනුව මෙය ශ්‍රී ලංකාවෙන් වාර්තාවන 23 වන කොවිඩ්-19 ආසාදිත රෝගියෙකුගේ මරණය ලෙස සෞඛ්‍ය සේවා අධ්‍යක්ෂ ජනරාල්වරයා දැනුම් දෙයි",True,True,True,1,TRUE
lankaenews.lk,news website,8/11/2020 0:00,අගමැති මහින්ද රාජපක්ෂ අද පෙරවරුවේ සිය ධුරයේ රාජකාරි ආරම්භ කරනු ලැබුවා . එම උත්සවය පැවැත්වුණේ අරලියගහ මන්දිරයේදීය ඉන් අනතුරුව ඔහු අග්‍රාමාත්‍ය ධුරයේ රාජකාරී ආරම්භ කිරීමට ප්‍රථම සර්ව ආගමික වතාවත්වල නිරත වුනා . පසුව මහින්ද රාජපක්ෂ අගමැති ධුරයේ වැඩ ඇරඹුවේ අද පෙරවරුවේ යෙදුණු සුබ මොහොතිනි .,True,True,True,1,TRUE
lankatruth.net,news website,11/28/2020 0:00,"ගාල්ල ප්‍රදේශයේ පසුගිය සතිය තුළ පමණක් ඩෙංගු රෝගීන් 597ක් හඳුනාගෙන ඇති බව ගාල්ල මූලික රෝහලේ වෛද්‍ය අධ්‍යක්ෂවරයා පැවසීය. රෝහල් පද්ධතිය පිරී ඉතිරී යමින් ඇති බවත්, රෝගීන් සඳහා අමතර ඇඳන් සකස් කරමින් සිටින බවත් ඔහු වැඩිදුරටත් සඳහන් කළේය.",False,False,False,0,FALSE
ada.lk,news website,10/26/2022 0:00,පුත්තලම ප්‍රදේශයේ ජනාවාසයකට දිවියෙක් පැමිණීමෙන් පුද්ගලයින් 2දෙනෙකුට තුවාල සිදුව රෝහල් ගත කර ඇති බව පුත්තලම පොලීසිය සඳහන් කළේය. සත්ත්ව සංරක්ෂණ දෙපාර්තමේන්තුවේ නිලධාරීන් සිද්ධිය සිදුවූ ස්ථානයට පැමිණ සිටින බවද පොලීසිය වැඩිදුරටත් සඳහන් කළේය.,False,False,False,0,FALSE
aruna.lk,news website,11/4/2020 0:00,"මේ වන තුරු ඇමරිකානු ජනාධිපතිවරණයේ නිල ප්‍රතිඵල මෙතෙක් මුළුමනින්ම නිකුත් කර නැතත්, ධවල මන්දිරයේ සිට විශේෂ ප්‍රකාශයක් කරන ජනපති සඳහන් කරන්නේ තමන් මැතිවරණය ජය ගෙන ඇති බවයි.එමෙන්ම ඉදිරි ඡන්ද ගණන් කිරීමේ කටයුතු සියල්ල අත්හිටුවීම සඳහා ශ්‍රේෂ්ඨාධිකරණය වෙත යන බවද ඔහු සඳහන් කරනවා.ජනපති ට්‍රම්ප් මේ බව ප්‍රකාශ කරන්නේ’ ඩිමොක්‍රටික් අපේක්ෂක ජෝ බයිඩ්න්, ජයග්‍රහණය සඳහා අවශ්‍ය කොට්ඨාශ ඡන්ද 270 කින් 220 ක් ජයග්‍රහණය කර සිටියදීයි. ට්‍රම්ප්ට හිමිව ඇත්තේ එම ඡන්ද 213 ක් පමණයි.කෙසේ වුවත් ජයග්‍රාහකයා තීරණය වන්නේ ඡන්ද වැඩි සංඛ්‍යාවක් පවතින ජනගහනයෙන් වැඩි ප්‍රාන්තවල ප්‍රතිඵල ලැබීමත් සමඟයි.ඡන්ද ගණනය කිරීම තමාට අවාසිදායක විය හැකි බැවින් ශ්‍රේෂ්ඨාධිකරණය හරහා එය අත්හිටුවීම ජනපති ට්‍රම්ප්ගේ අරමුණ බවද පැවසේ.",False,False,False,0,FALSE
dinamina.lk,news website,4/28/2026 0:00,මාවනැල්ල වෙරළබඩ ප්‍රදේශයට ප්‍රබල සුළි කුණාටුවක් නිකුත් කර ඇති බව කාලගුණ විද්‍යා දෙපාර්තමේන්තුව සඳහන් කරයි. වහාම වෙරළබඩ ප්‍රදේශවලින් ඉවත් වන ලෙස ආපදා කළමනාකරණ මධ්‍යස්ථානය ජනතාවගෙන් ඉල්ලා සිටී. අවශ්‍ය නම් ආරක්ෂිත මධ්‍යස්ථානවලට ගමන් කරන ලෙසද දැනුම් දී ඇත.,False,False,False,0,FALSE
dinamina.lk,news website,11/16/2025 0:00,"රුපියල් මිලියන 409කට අධික වටිනාකමකින් යුත් හෙරොයින් තොගයක් සමග පුද්ගලයින් 9දෙනෙකු කුරුණෑගල පොලීසිය විසින් අත්අඩංගුවට ගෙන ඇත. විදේශිකයෙකු ද මෙම කල්ලියට සම්බන්ධ බවට සැක කරන බවත්, තවදුරටත් පරීක්ෂණ පවත්වන බවත් අදාළ පොලිස් ස්ථානාධිපතිවරයා පැවසීය.",False,False,False,0,FALSE
deshaya.lk,,7/18/2020 0:00,"හිටපු ජනාධිපති මෛත්‍රීපාල සිරිසේන මහතාටත්, ශ්‍රී ලංකා නිදහස් පක්ෂයටත් එරෙහිව ප්‍රසන්න රණතුංග මහතා විසින් සිදුකරන විවේචනයන්ට එරෙහිව පක්ෂය විසින් අධිකරණයට යාමට තීන්දු කිරීම ගැන තමන් විරුද්ධ බවත් ඒ සම්බන්ධයෙන් තම ස්ථාවරය දැනුම්දුන් බවත් හිටපු අමාත්‍ය දුමින්ද දිසානායක මහතා දේශයට පැවසීය.ප්‍රසන්න රණතුංග මහතා විශාල මනාප සටනක සිටින බවත් ඒ නිසා මෙවැනි ප්‍රකාශ කරන බවත් එම ප්‍රකාශවලට එරෙහිව පක්ෂයක් ලෙස අධිකරණයට යාම කිසිසේත් නොකළ යුතු බවත් හෙතෙම සඳහන් කළේය.මෛත්‍රීපාල සිරිසේන මහතා ශ්‍රී ලංකා නිදහස් පොදුජන සන්ධානයේ සභාපතිවරයා ලෙස ගිවිසුම් ගතව ඇත්තේ පක්ෂයේ ඉහළ නායකයන් සමඟ නිසා එක් එක් අපේක්ෂකයන්ගේ ප්‍රකාශ වලට පිළිතුරු නොදිය යුතු බව දුමින්ද දිසානායක මහතා කීය.",False,False,False,0,FALSE
lankadeepa.lk,news website,1/29/2025 0:00,ගොටුකොළ යුෂ දිනපතා පානය කිරීමෙන් අධි රුධිර පීඩනය සම්පූර්ණයෙන් සුව කළ හැකි බව දේශීය වෛද්‍ය ක්‍රමයේ පර්යේෂකයෙකු ලෙස හඳුන්වා දෙන තිලක් අබේසේකර සඳහන් කරයි. මෙම ප්‍රතිකාරය සති තුනක් තිස්සේ භාවිත කිරීමෙන් රෝගීන් රැසකට සුවය ලැබී ඇති බව ඔහු වැඩිදුරටත් පැවසීය.,False,False,False,0,FALSE
gosip.hirufm.lk,news website,11/3/2020 0:00,බොලිවුඩ් සිනමාවේ රජ්ජුරුවෝ ඔහු කියලා ඔහුට ලොව පුරා ලැබෙන ප්‍රතිචාරවලින් සාක්ෂි දරනවා. ශාරුක් ඛාන්ට හැමෝම ආදරෙයි. ඒ ආදරණිය කුමාරයාගේ 55 වැනි උපන්දිනය යෙදී තිබුනේ ඊයේ. ඒ වෙනුවෙන් ඩුබායි Burj Khalifa කුළුනේ ශාරුක්ගේ නම හා ඡායාරූප දමා ඔහුට සුබ පතන්න අමතක කර නැහැ. ශාරුක් ඛාන් ඔහුට සුබ පැතූ සියලුම දෙනාට සමාජ මාධ්‍ය ඔස්සේ ස්තුති කරන්නත් අමතක කරලා නැහැ. ඒ වගේම ඩුබායි Burj Khalifa කුළුනේ ඔහුට සුබ පැතුම එක් කරන මොහොතේ පවුලේ සියලු දෙනා එක්ක එය පෙනෙන සේ ඡායාරූප ගන්නත් අමතක කරලා නැහැ.,True,False,True,1,TRUE
gosip.hirufm.lk,news website,10/23/2020 0:00,Dwayne Johnson එහෙමත් නැතිනම් ද රොක් කියන්නේ අමුතුවෙන් හඳුන්වා දියයුතු චරිතයක් නෙමෙයි . මුළු ලෝකේ ඉන්න බාල මහලු තරුණ කවුරුත් ඔහුව දන්නවා. ඔහුට ආදරේ කරනවා. රංගනයට එන්න කලින් ඔහු රෙස්ලිං ක්‍රීඩකයෙකු හැටියටත් කටයුතු කළා.ඔහු සිය සමාජ මාධ්‍ය ගිණුමට 1983 වසරේදී ගත්ත ඡායාරූපයක් එකතු කරලා තිබුණා. ඉතිං රොක්ගේ පවුලම මල්ලව පොර ක්‍රීඩාවට සම්බන්ධයි කියලත් කවුරුත් දන්නවානේ. අවුරුදු 11 ක් වන ඔහු සිය තාත්තාගේ රෙස්ලිං ඇඳුම සහ ඔහුගේ ශූරතාවය සමගින් තමා මේ පින්තූරය අරන් තිබුණේ. මේ වනවිට එම ඡායාරූපය සම්බන්ධයෙන් සමාජ මාධ්‍ය පරිශිලකයින් සහ ඔහුගේ රසිකයින් අතර දැඩි කතා බහක් නිර්මාණය කිරීමට ද සමත්වෙලා තියෙනවා.,True,True,True,1,TRUE
lankaenews.lk,news website,4/26/2020 0:00,"කොළඹ, ගම්පහ, කළුතර සහ පුත්තලම දිස්ත්‍රික්ක හැර සෙසු දිස්ත්‍රික්කවල ඇඳිරි නීතිය 28 වන අඟහරුවාදා අලුයම 5.00ට ඉවත් කොට එදිනම රාත්‍රී 8.00 සිට යළි ක්‍රියාත්මක කරන බව ජනාධිපති මාධ්‍ය අංශය සඳහන් කරනවා . නිවාඩු ගොස් සිටින ත්‍රිවිධ හමුදා නිලධාරීන් කඳවුරු වෙත ගෙන්වා ගැනීම පහසුවන පරිදි හෙට (27), සඳුදා රට පුරා ඇඳිරි නීතිය පනවනු ලබන බව ද ජනාධිපති මාධ්‍ය අංශය සඳහන් කරනවා . ඒ අනුව හෙට දිනය පුරා මුළු දිවයිනටම බලපාන පරිදි ඇඳිරිනීතිය ඇඳිරි නීතිය ක්‍රියාත්මක වෙනව.",True,True,True,1,TRUE
gosip-lankanews.com,news website,10/21/2020 0:00,වෙඩි හුවමාරුවේදී ඝාතනයට ලක්වූ මෙරට ප්‍රභල සංවිධානාත්මක අපරාධකල්ලි සාමාජිකයෙක් වන මාකඳුරේ මදූෂ්ගේ අවසන් කටයුතු අද දිනයේදී සිදුකිරීමට නියමිතව තිබේ.ඔහුගේ සිරුර මහරගම නිවසක තැන්පත්කර ඇති අතර ගොඩිගමුව සුසාන භූමියේදී අවසන් කටයුතු සිදුකිරීමට නියමිතව තිබේ.මේ වන විට එම ප්‍ර දේශයට පොලිස් ආරක්ෂාව ලබා දී ඇති බවද වාර්තා වෙයි.,True,True,True,1,TRUE
lankacnews.com,news website,1/14/2024 0:00,ප්‍රසිද්ධ බැංකුවක් මගින් පවත්වන ලද මංගල දිනුම් ඇදීමකින් රුපියල් ලක්ෂ 8ක ත්‍යාගයක් දිනාගත් ජයග්‍රාහකයින් නාමලේඛනය අද නිකුත් කෙරිණි. ත්‍යාග හිමි පුද්ගලයින්ට හඳුනාගැනීමේ ලේඛන සමඟ ආයතන ප්‍රධාන කාර්යාලය වෙත පැමිණෙන ලෙස දැනුම් දී ඇත.,False,False,False,0,FALSE
aruna.lk,news website,10/31/2020 0:00,ජේම්ස් බෝන්ඩ් රහස් පරීක්ෂක කතා මාලාවේ 007ට පණ පෙවූ ශ්‍රීමත් ෂෝන් කොනරි මියගොස් ඇති බව විදෙස් මාධ්‍ය වාර්තා කරයි.ස්කොට්ලන්ත ජාතිකයෙක් වන ශ්‍රීමත් ෂෝන් කොනරි මියයන විට 90 වැනි වියෙහි පසු විය.පවුලේ ඥාතීන් සදහන් කළේ ෂෝන් කොනරි නින්දේදීම මිය ගිය බවයි.ජනප්‍රිය ජේම්ස් බොන්ඩ් චිත්‍රපට මාලාවේ ෂෝන් දැක්වූ රංගනය හේතුවෙන් ඔහු ලොවපුරා චිත්‍රපටලෝලීන් අතර ජනාදරයට පත්විය.,True,True,True,1,TRUE
newsfirst.lk,news website,10/25/2020 0:00,"COLOMBO (News 1st) – බේරුවල, අලුත්ගම සහ පයාගල යන පොලිස් බල ප්‍රදේශයන්ට පනවා ඇති නිරෝධායන ඇඳිරි නීතිය හෙට(26) උදෑසන 5.00ට ඉවත් කරන බව මින් පෙර දැනුම් දී තිබුණ ද, එම නිරෝධායන ඇඳිරි නීතිය තවදුරටත් ක්‍රියාත්මක බව Covid 19 පැතිරීම වැළැක්වීමේ ජාතික ක්‍රියාන්විත මධ්‍යස්ථානය නිවේදනයක් නිකුත් කරමින් පවසයි.",True,True,True,1,TRUE
lankahotnews.lk,news website,8/27/2024 0:00,"රුපියල් මිලියන 148කට අධික වටිනාකමකින් යුත් හෙරොයින් තොගයක් සමග පුද්ගලයින් 6දෙනෙකු බෙන්තොට පොලීසිය විසින් අත්අඩංගුවට ගෙන ඇත. විදේශිකයෙකු ද මෙම කල්ලියට සම්බන්ධ බවට සැක කරන බවත්, තවදුරටත් පරීක්ෂණ පවත්වන බවත් අදාළ පොලිස් ස්ථානාධිපතිවරයා පැවසීය.",False,False,False,0,FALSE
newshub.lk,news website,11/3/2020 0:00,"ජා-ඇල ආනියකන්ද ආයුර්වේද රෝහලේ සාත්තු සේවිකාවකට කොරෝනා ආසාදනය වීම හේතුවෙන් එම රෝහල ඊයේ (02) රාත්‍රියේ සිට වසා දැමීමට සෞඛ්‍ය අංශ පියවර ගෙන තිබේ.
රෝහලේ කොවිඩ් 19 ආසාදිත වු හැදල වත්තල පදිංචි සාත්තු සේවිකාව ඉකුත් 09 වනදා පෑලියගොඩ මත්ස්‍ය වෙළඳසැල වෙත මාළු මිලදී ගැනීමට ගොස් ඇති බව අනාවරණය වී ඇත. ඊයේ ඇය කොවිඩ් 19 ආසාදිත බව අනාවරණය වී තිබේ.
ආයුර්වේද රෝහල වසා දැමීමෙන් පසු එහි වෛද්‍යවරුන් ඇතුළු රෝහල් කාර්ය මණ්ඩලයේ 25 දෙනකු ස්වයං නිරෝධායනය ට යොමු කර ඇති අතර නේවාසික රෝගීන් තිදෙනකුද ඔවුන්ගේ නිවාස වලට යවා ස්වයං නිරෝධායනයට යොමු කර ඇත.",True,True,True,1,TRUE
ada.lk,news website,9/20/2024 0:00,පෞද්ගලික රක්ෂණ සමාගමක් සිය සියලුම සෞඛ්‍ය රක්ෂණ ප්‍රතිපත්ති එකවර අවලංගු කිරීමට තීරණය කර ඇති බව රක්ෂණ නියාමන කොමිසමට ලද පැමිණිල්ලක සඳහන් වේ. පාරිභෝගිකයින්ට විකල්ප රක්ෂණ පහසුකම් සලසා දෙන ලෙස කොමිසම සමාගමට උපදෙස් දී ඇත.,False,False,False,0,FALSE
lankaenews.lk,news website,4/18/2020 0:00,"කොරෝනා වෛරසය ව්‍යාප්තිය පාලනය කිරීම පිණිස පනවනු ලැබූ ඇඳිරි නීතිය ජන ජීවිතය යථාතත්වයට පත් කිරීමේ අරමුණ ඇතිව ලිහිල් කිරීමට රජය තීරණය කර තිබෙනවා . අප්‍රේල් 20, සඳුදා සිට ඒ ඒ දිස්ත්‍රික්කවල සහ දිස්ත්‍රික්ක ඇතුළත පොලිස් බල ප්‍රදේශවල ඇඳිරි නීතිය පැනවීම සහ ඉවත් කිරීම සිදු වනුයේ මෙසේය. 1. කොළඹ, ගම්පහ, කළුතර, පුත්තලම,මහනුවර, කෑගල්ල සහ අම්පාර දිස්ත්‍රික්ක හැර සෙසු දිස්ත්‍රික්කවල දැන් තියාම ඇඳිරි නීතිය අප්‍රේල් 20 සඳුදා උදේ 5.00ට ඉවත් කොට එදිනම රාත්‍රි 8.00 ට යළි පනවනු ලැබේ. ඉන්පසු නැවත දැනුම් දෙන තුරු මේ දිස්ත්‍රික්කවල ඇඳිරි නීතිය සැම දිනකම ක්‍රියාත්මක වනුයේ රාත්‍රී 8.00 සිට පසුදා අළුයම 5.00 දක්වා පමණි, 2, මහනුවර, කෑගල්ල සහ අම්පාර දිස්ත්‍රික්කවල අලවතුගොඩ, අකුරණ, වරකාපොළ සහ අක්කරෙයිපත්තු පොලිස් බල ප්‍රදේශ තුළ ඇදිරි නීතිය ඉවත් නොකොට දිගටම ක්‍රියාත්මක කෙරේ. මේ දිස්ත්‍රික්ක 03ට අයත් සෙසු පොලිස් බල ප්‍රදේශවල ඇඳිරි නීතිය අප්‍රේල් 20 සඳුදා සිට සෑම දිනකම උදේ 5.00ට ඉවත් කොට රාත්‍රී 8.00 ට යළි පනවනු ලැබේ, 3, කොළඹ, ගම්පහ, කළුතර සහ පුත්තලම දිස්ත්‍රික්කවල පහත සඳහන් පොලිස් බල ප්‍රදේශ හැර සෙසු පොලිස් බල ප්‍රදේශවල ඇඳිරි නීතිය අප්‍රේල් 22, බදාදා සිට උදේ 5.00 ට ඉවත්කොට රාත්‍රී 8.00 යලි ක්‍රියාත්මක කෙ⁣රේ, මේ දිස්ත්‍රික්කවල ඇඳිරි නීතිය ඉවත් නොකොට දිගටම ක්‍රියාත්මක පොලිස් බල ප‍්‍රදේශ වනුයේ, කොළඹ දිස්ත්‍රික්කයට අයත් 3 කොටහේන, ග්‍රෑන්ඩ්පාස්, බම්බලපිටිය, කෙසෙල්වත්ත, මරදාන, ගොතටුව, මුල්ලේරියාව, වැල්ලම්පිටිය, ගල්කිස්ස, දෙහිවල සහ කොහුවල ගමිපහ දිස්ත්‍රික්කයට අයත් ජාඇල, කොවිචිකඩේ සහ සීදුව, පුත්තලම දිස්ත්‍රික්කයට අයත් පුත්තලම, මාරවිල සහ චෛත්නප්පුව සහ කළුතර දිස්ත්‍රික්කයට අයත් බණ්ඩාරගම, පයාගල. බරුවල සහ අළුත්ගම, 4. මේ අනුව කොටහේන, ග්‍රෑන්ඩ්පාස්, බම්බලපිටිය, කෙසෙල්වත්ත, මරදාන, ගොකටුව, මුල්ලේරියාව , වැල්ලම්පිටිය, ගල්කිස්ස, දෙහිවල, කොහුවල, ජාඇල, කොච්චිකඩේ, සීදුව, පුත්තලම, මාරවිල, වෙන්නප්පුව, බණ්ඩාරගම, පයාගල, බේරුවල, අළුත්ගම වරකාපොළ. අකුරන, අලවතුගොඩ සහ අත්කරයිපත්තු යන පොලිස් බල ප්‍රදේශවල ඇඳිරි නීතිය ඉවත් කිරීමෙන් තොරව දිගටම ක්‍රියාත්මකව පවතී. ඇදිරි නීතිය ලිහීල් කර ඇති යම් ප්‍රදේශයක් හෝ ගම්මානයක් හෝ අවදානම් කලාපයක් ලෙස හඳුනා ගතහොත් එකී ප්‍රදේශවලට සීමාවන පරිදි ඇඳිරි නීතිය පැනවීමට ඉඩ ඇත. කිසියම් ප්‍රදේශයක් හුදකලා ප්‍රදේශයක් ලෙස නම් කර ඇත්නම් කවරකුට හෝ ඊට ඇතුළුවීම සහ ඉන් පිටව යාම සම්පුර්ණයෙන් තහනම් ඇදිරි නීතිය දිගටම ක්‍රියාත්මක පොලිස් බල ප්‍රදේශවල අත්‍යවශ්‍ය සේවා සඳහා ප්‍රධාන මාර්ග ඔස්සේ ගමනාගමනයට ඉඩ ලැබේ. ඇදිරි නිතීය ඉවත් කළ ප්‍රදේශවල ද ප්‍රධාන මාර්ග භාවිත කළ යුත්තේ රැකියා සඳහා යාම් ඊම් ඇතුළු අතවර්ශය කාර්යයන් උදෙසා පමණය. දිදිස්ත්‍රික්ක අතර ගමනාගමනය රැකියා අවස්ථා ඇතුළු අත්‍යවශ්‍ය සේවා සඳහා පමණක් සීමා කර ඇත. පාසල්, විශ්වවිද්‍යාල, උපකාරක පංති සහ සෙසු අධ්‍යාපන ආයතන සහ සිනමා හල් නැවත දැනුම් දෙන තුරුණු වසා තැබිය යුතුය, ඇඳිරි නීතිය ලිහිල් කළ පසු දෙපාර්තමේන්තු සංස්ථා, බැංකු ඇතුළු රාජ්‍ය ආයතන සාමාන්‍යය පරිදි ක්‍රියාත්මකව තැබේ, කොළඹ දිස්ත්‍රික්කය ඇතුළත රාජ්‍ය ආයතනවල සේවක පිරීසෙන් 1/3 ක් සේවයට වාර්තා කළ යුතුය. සෙසු දිස්ත්‍රික්කවල පිහිටි රාජ්‍ය ආයතනවල කාර්ය මණ්ඩලයෙන් සේවයට වාර්තා කළයුතු පිරිස 50% කි. සියලු රාජ්‍ය ආයතනවලට වාර්තා නොකරන කාර්ය මණ්ඩල සාමාජිකයන් නිවසේ සිට සිය රාජකාරි ඉටු කළ යුතු බව නියම කර ඇත. ඒ සේවක සංඛ්‍යාව සහ පැමිණිය යුතු සේවකයන් කවුරුන්ද යන්න ආයතන ප්‍රධානියාගේ අභිමතය අනුව තීරණය කිරීමට පිළිවන. යම් දවසක කාර්ය මණ්ඩලයෙන් සේවයට කැඳවන 1/3 ට සහ 50% ට අයත් පිරිස වෙනුවට ඊළග දවසේ වෙනත් පිරිසක් තෝරා ගැනීමට ආයතන ප්‍රධානීන්ට නිදහස තීබේ, කාර්යාල විවෘත කොට පවත්වාගෙන යාමේදී කොරෝනා වෛරසය පාලනය පිණිස සෞඛ්‍ය බලධාරීන් නියම කර ඇති පිළිවෙත් මුලුමනීන්ම අනුගමනය කළ යුතුය. සෞඛ්‍යය පිළිවෙත් අනුගමනය කිරීමට අවශ්‍ය පහසුකම් සැලසීම ආයතන ප්‍රධානියාගේ වගකීමකි. පෞද්ගලික අංශයේ ආයතන උදේ 10.00ට විවෘත කරන ලෙස නියම කරේ. පෞද්ගලික ආයතනවල සේවයට වාර්තා කළ යුතු සංඛ්‍යාව සහ පැමිණිය යුතු සේවකයන් කවුරුන්ද යන්න ආයතන ප්‍රධානීන් තීරණය කළ යුතුය. මේ ආයතන ද සෞඛ්‍ය බලධාරීන් නියම කර ඇති කොරෝනා පාලන පිළිවෙත් අකුරටම පිළිපැදිය යුතු වන්නේය. යළි විවෘත කෙරෙන කාර්යාලවල සේවකයන්ගේ ගමන් පහසුව සැලසීමට ගමනාගමන මණ්ඩලය සහ දුම්රිය සේවාව විධිවිධාන සැලසිය යුතුය. රජයේ සෙසු ආයතනවල සේවයට වාර්තා කරන සංඛයාව සීමා කළද රාජ්‍යය ප්‍රවාහන සේවාවන්හි සහ අතයාවශ්‍ය සේවාවන්හි සමස්ත කාර්යය මණ්ඩලයම සේවයට වාර්තා කිරීම අනිවාර්ය වේ. බස් රථ, වෑන් රථ හෝ දුරීය මැදිරිවල ගමන් කළ යුත් ඒවායේ මුළු ධාරිතාවෙන් අඩක් පමණ වන සංඛ්‍යාවකි. සියලු වාහන ද විෂ බීජ හරණයට ලක් කළ යුතුය. මේ කොන්දේසිවලට යටත්ව සිය සේවා යළි ආරම්භ කරන්නැයි රජය පෞගලික ප්‍රවාහන ආයතනවලින් ඉල්ලා සිටි. සියලු ආකාර උත්සව, වන්දනා සහ විනෝද චාරිකා, සැණකෙළි, පෙරහැර, රැස්වීම් ආදිය නැවක දැනුම් දෙන තුරු තහනම් කර ඇත. ජනයා ඒකරාශීවීම කොරෝනා ⁣වෛරස පාලනයට බාධාවක් බැවින් ආගමික උත්සව ද අත්හිටුවන ලෙස ඉල්ලා සිටිනු ලැබේ. කොරෝනා වෛරස ව්‍යාප්තිය හමුවේ ඇඳිරි නීතිය පැනවීම ඇතුළු ක්‍රියාමාර්ග ගනු ලැබුයේ ජනතාව මේ මරණීය වසංගතයෙන් මුදා ගැනීමේ ඒකායන අරමුණ ඇතිවය. අනුගමනය කළ දැඩි ක්‍රියාමාර්ග නිසා අත්කරගත් ප්‍රගතිය ඇඳිරි නීතිය ලිහිල් කිරීමට ඉවහල් විය. ආර්ථිකය යළි පණ ගැන්වීම සහ අර්ථදයෙන් වඩාත් පීඩාවට පත් වූ දිළිඳු සහ අවදානමට ලක්ව ඇති ජන කොටස්වල ජිවිතය සුරක්ෂිත කිරීම තවත් අරමුණකි. එසේ වුවද කොරෝනා වසංගත අවදානම තවම මුළුමනින් පහව ගොස් නැත. එබැවින් වෛරස ව්‍යාප්තියට යළි ඉඩ නොලැබෙන පරිදි සියලු සෞඛ්‍ය නියමයන් පිළිපදිමින් වගකීමෙන් සහ ඉචසීමෙන් ක්‍රියා කරන්නැයි රජය ජනතාවගෙන් ඉල්ලා සිටි. ඇඳිරි නීතිය ලිහිල් කළ ද රැකියා සඳහා යාම් ඊම් හැරුණු විට අන් සෑමවිටම නිවෙල රැදී සිටින ලෙස ද අවධාරණය කෙරේ, ඇඳිරි නීතිය ලිහිල් කළ විගස අනවශ්‍ය කලබලයකින් විශාල පිරිසක් ඒකරාශීවන අයුරින් වෙළඳ සැල් වෙත රැස් නොවන ලෙස ජනතාවගෙන් ඉල්ලීමක් කෙරේ, කොරෝනා උවදුර මුලුමනින් පරාජය කළ බව සෞඛ්‍ය බලධාරීන් නිගමනය කරන තෙක් තමාගේත්, දූ දරුචගේත්, ජාතියේත් ආරක්ෂාව හා අභිවෘද්ධිය පතා සියලු අපහසුතා වගකීමෙන් ඉවසා සිටින්නැයි රජය ජනතාවට අවධාරණය කරයි.",True,True,True,1,TRUE
lankahotnews.lk,news website,3/25/2024 0:00,මිනුවන්ගොඩ ප්‍රාදේශීය සභාවේ කසළ එකතු කිරීමේ සේවකයින් වැටුප් ගැටලුවක් හේතුවෙන් හෙට සිට වැඩ වර්ජනයක් ආරම්භ කරන බව සේවක සංගමය සඳහන් කළේය.,False,False,False,0,FALSE
aruna.lk,news website,11/1/2020 0:00,තවත් ආසාදිතයින් 204 දෙනෙක් හඳුනාගත් බව සෞඛ්‍ය අංශ පවසයි.ඉන් 169 දෙනෙක් මීට පෙර හඳුනාගත් ආසාදිතයින්ගේ ආශ්‍රිතයින් බව යුද හමුදාපති ලුතිනන් ජෙනරාල් ශවේන්ද්‍ර සිල්වා මහතා පැවසීය.අනෙක් 35 දෙනා නිරෝධායන මධ්‍යස්ථානවලින් හඳුනාගෙන තිබේ.ඒ අනුව අද දිනයේදී මේ දක්වා ආසාදිතයින් 397 දෙනෙක් හඳුනාගෙන ඇත.මෙරටින් මේවන විට වාර්තාවී ඇති සමස්ත ආසාදිතයන් සංඛ්‍යාව 11060ක්.,True,True,True,1,TRUE
divaina.lk,news website,9/9/2020 0:00,එරික් ගාමිණී ජිනපි‍්‍රය ජාතික තව්හිද් ජමාත් සංවිධානය හෝ එහි නායක සහරාන් හෂීම් අයි. එස්. අයි. එස්. සංවිධානය සමග සම්බන්ධකම් නොපැවැත්වූ බව මුස්ලිම් කොංග‍්‍රසයේ නායක පාර්ලිමේන්තු මන්තී‍්‍ර රවුෆ් හකීම් මහතා.. පාස්කු ප‍්‍රහාරය පිළිබඳව සොයා බලන ජනාධිපති කොමිෂන් සභාව හමුවේ ඉකුත් 07 වැනිදා සාක්‍ෂි ලබා දෙමින් පැවසීය. පාස්කු ප‍්‍රහාරය පිටුපස වෙනත් බලවේගයක් සිටින බව ප‍්‍රකාශ කළ ඒ මහතා තවදුරටත් කියා සිටියේ එම බලවේගයේ අපේක්‍ෂාව වූයේ රට අස්ථාවර කිරීම බවයි. එම බලවේගයට යළිත් එබඳු ප‍්‍රහාරයක් එල්ල කිරීම අනවශ්‍ය බව සඳහන් කර සිටි රවුෆ් හකීම් මහතා වැඩිදුරටත් ප‍්‍රකාශ කර සිටියේ එම බලවේගය කුමක්ද යන්න මාධ්‍යවලින් තොරව තමන්ට ප‍්‍රකාශ කළ හැකි බවයි. 2015 ජනාධිපතිවරණය සමයේදී නැගෙනහිර පළාතේ දෙමළ කතා කරන ජනතාව සඳහා වෙනම පරිපාලන ඒකකයක් මෛති‍්‍රපාල සිරිසේන සහ රනිල් වික‍්‍රමසිංහ මහත්වරුන්ට යෝජනා කළ බවද එම කොමිෂන් සභාව හමුවේ සාක්‍ෂි ලබාදෙමින් හකීම් මහතා පැවසීය. වෙනම පරිපාලන ඒකකයක් යනු වෙනම දේශපාලන ඒකකයක් නොවන බව සඳහන් කළ ඒ මහතා තවදුරටත් ප‍්‍රකාශ කර සිටියේ තමන්ගේ භාෂාවෙන් කටයුතු කිරීමට ජනතාවට අයිතියක් තිබෙන බවයි. එම අවස්ථාවේදී රජයේ ජ්‍යෙෂ්ඨ අධිනීතිඥවරයා හකීම් මහතාගෙන් මේ වන විටත් උතුර සහ නැගෙනහිර පරිපාලන කටයුතු දෙමළ භාෂාවෙන් සිදුවෙනවා නේද යන්න විමසා සිටි අතර ඊට ප‍්‍රතිචාර දක්වමින් ඒ මහතා ප‍්‍රකාශ කර සිටියේ එසේ සිදුවන බවයි.,True,True,True,1,TRUE
nethnews.lk,news website,10/25/2020 0:00,මෙරට සිදුවූ 16 වන කොවිඩ් මරණය කොළඹ ජාතික රෝහලෙන් වාර්තා වන බව වැඩබලන සෞඛ්‍ය සේවා අධ්‍යක්ෂක ජනරාල්වරයා නිවේදනය කර සිටිනවා. කොළඹ ජාතික රෝහලේ දැඩි සත්කාර ඒකකයේ වෛද්‍ය ප්‍රතිකාර ලබමින් සිටි 70 හැවිරිදි පුද්ගලයෙකු අද අළුයම ජිවිතක්ෂයට පත්ව ඇති අතර ඔහුගේ සිදුකළ PCR පරීක්ෂණය අනුව ඔහු කොවිඩ් ආසාදිතයෙක් බවට හඳුනා ගෙන ඇත. කොළඹ 02 ප්‍රදේශයේ පදිංචිකරුවෙක් වන මෙම පුද්ගලයා ඉකුත් 23 වෙනිදා රුධිරයට විෂබීජයක් ඇතුලුවිම හේතුවෙන් ඇතිවූ සංකුලතා මත කොළඹ ජාතික රෝහලට ඇතුලත් වී ඇත. එම රෝගියා මිය ගොස් ඇත්තේ අදාළ සංකුලතා හේතුවෙන් බවයි සෞඛ්‍ය අංශ සඳහන් කරන්නේ.,True,True,True,1,TRUE
lankaenews.lk,news website,8/17/2020 0:00,දිවයින පුරා විදුලිය බිඳවැටීම පිළිබඳ සොයා බැලීමට කමිටුවක් පත් කරන බව විදුලි බල අමාත්‍ය ඩලස් අලහප්පෙරුම පවසනවා . එම කමිටුව හෙට (18) පෙරවරු 8.30 ට රැස්වීමට නියමිත බවයි අමාත්‍යවරයා පවසන්නේ . අමාත්‍යවරයා සඳහන් කරන්නේ එම කමිටු වාර්තාව සතියක් තුළ ලබා දීමට කටයුතු කරන බවයි.,True,True,True,1,TRUE
hirunews.lk,news website,11/2/2020 0:00,"කෑගල්ල දිස්ත්‍රික්කයේ හෙම්මාතගම, මාවනැල්ල, බුලත්කොහුපිටිය යන පොලිස් බල ප්‍රදේශ හුදෙකලා ප්‍රදේශ ලෙසට නම්කර තිබෙනවා.එමෙන්ම ගලිගමුව ප්‍රාදේශීය සභා බලප්‍රදේශය මෙන්ම කුරුණෑගල දිස්ත්‍රික්කයේ ගිරඋල්ල පොලිස් බලප්‍රදේශය ද හුදෙකලා ප්‍රදේශ වශයෙන් නම්කරන බවයි සෞඛ්‍ය සේවා අධ්‍යක්ෂ ජෙනරාල්වරයාගේ නිර්දේශ මත කොවිඩ් 19 වැළැක්වීමේ ජාතික ක්‍රියාන්විත මධ්‍යස්ථානය දන්වා සිටින්නේ.",True,True,True,1,TRUE
lankadeepa.lk,news website,10/4/2020 0:00,"(අජන්ත කුමාර අගලකඩ)  ලබන සිකුරාදා (9) ලබාදීමට තිබූ පාසල් නිවාඩුව හෙට (5) සිට දිවයිනේ සියලුම පාසල් දරුවන්ට ලබා දීමට තීරණය කළ බව අධ්‍යාපන ඇමැති, මහාචාර්ය ජී.එල්.පීරිස් මහතා පැවසීය.",True,True,True,1,TRUE
gosip-lankanews.com,news website,10/6/2020 0:00,මිනුවන්ගොඩ බ්‍රැන්ඩික්ස් කර්මාන්ත ශාලාවේ සේවයේ නියුතුව සිටියි තවත් සේවක සේවිකාවන් 220කට නව කොරෝනා වෛරසය ආසාදනය වී ඇති බවට යුධ හමුදාපති ලුතිනන් ජනරාල් ශවේන්ද්‍ර සිල්වා තහවුරු කර සිටිනවා. මේ අනුව බ්‍රැන්ඩික්ස් කර්මාන්ත ශාලාවේ ඇතිවූ රෝගී පොකුරේ සමස්ත ආසාදිතයින් සංඛ්‍යාව 323ක් දක්වා ඉහළ ගොස් ඇත.,True,True,True,1,TRUE
ada.lk,news website,3/4/2025 0:00,"අ.පො.ස. උසස් පෙළ විභාගයේ ප්‍රශ්න පත්‍රයක් පෙරදිනම කාන්දු වූ බවට විභාග දෙපාර්තමේන්තුව විසින් පරීක්ෂණයක් ආරම්භ කර ඇත. සැකකරුවන් කිහිප දෙනෙකු අත්අඩංගුවට ගෙන ප්‍රශ්න කිරීම් සිදු කරන බවත්, අදාළ විභාග කේන්ද්‍රය තාවකාලිකව අත්හිටුවා ඇති බවත් දෙපාර්තමේන්තුව සඳහන් කළේය.",False,False,False,0,FALSE
ada.lk,news website,3/4/2020 0:00,බදුල්ල ප්‍රදේශයේ එන්නත්කරණය කළ පුද්ගලයින් 32දෙනෙකුට බරපතල අතුරු ආබාධ ඇති වී රෝහල් ගත කර ඇති බව බදුල්ල මූලික රෝහලේ වෛද්‍යවරයෙක් සඳහන් කළේය. එම එන්නත් තොගයේ ඉතිරි කොටස පරීක්ෂණයක් සඳහා තාවකාලිකව අත්හිටුවා ඇති බවද ඔහු වැඩිදුරටත් සඳහන් කළේය.,False,False,False,0,FALSE
aruna.lk,news website,10/31/2020 0:00,"නිරෝධායන ඇදිරි නීතිය කඩ කළ පුද්ගලයින් 221ක් ඊයේ (30) දින පොලිස් අත් අඩංගුවට පත් වූ බව පොලිස් මාධ්‍ය ප්‍රකාශක නියෝජ්‍ය පොලිස්පති අජිත් රෝහණ මහතා පවසයි.මේ දක්වා පුද්ගලයින් 1480ක් අත් අඩංගුවට පත්ව තිබෙන බව ඔහු සඳහන් කළේය.වාහන 40ක් ඊයේ පොලිස් භාරයට පත්ව තිබේ. මේ දක්වා පොලිස්භාරයට පත්ව තිබෙන වාහන සංඛ්‍යාව 218කි.එමෙන් ම පසුගිය දින 14 තුළ නිරෝධායන නීතිය ක්‍රියාත්මක කිරීමේ දී යන් සහනයක් ලබා දී තිබූ බවත් එම සහනය ඊයේ දින සිට ඉවත් කළ බවද ඒ අනුව නිරෝධායන නීතිය කඩ කළ,මුහුණ ආවරණ නොපැලදී, දුරස්ථභාවය පවත්වා නොගත් පුද්ගලයින් 39ක් ප්‍රථමවරට අත් අඩංගුවට පත් බවත් ඉදිරියට මේ නීතිය ක්‍රියාත්මක බවත් පොලිස් මාධ්‍ය ප්‍රකාශකවරය ප්‍රකාශ කළේය.",False,False,False,0,FALSE
lankaenews.lk,news website,2/19/2020 0:00,නව කොරෝනා වෛරසය ආසාදනය වී ජාතික බෝවන රෝග විද්‍යායතනයේ ප්‍රතිකාර ලබා සම්පූර්ණයෙන්ම සුවය ලැබූ චීන ජාතික කාන්තාව අද(19) එම රෝහලෙන් පිටවීමට සුදානමින් සිටියා. එම චීන ජාතික කාන්තාව රෝහලෙන් පිටව යාමට සූදානම්ව සිටින අවස්ථාවේදී ඇය රෝහල් කාර්ය මණ්ඩලය හා ඉතා සුහදව සහ සංවේදීව කටයුතු කරන අයුරු කැපී පෙනුණු ලක්ෂණයක් වුණා . මෙම අවස්ථාවට සෞඛ්‍ය ඇමතිනි පවිත්‍රා වන්නිආරච්චි ඇතුළු පිරිසක් එක්ව සිටියා .,True,False,True,1,TRUE
bbc.com/sinhala,news website,4/17/2020 0:00,හිසට වහලක් නොමැතිව කොළඹ නගරයේ දිවි ගෙවූ 308 දෙනෙකු සිකුරාදා (අප්‍රේල් 17) නීරෝධායන මධ්‍යස්ථාන තුනක් වෙත යොමු කිරීමට සෞඛ්‍ය නිලධාරීහු සහ පොලිසිය පියවර ගත්හ.කොවීඩ්-19 වෛරසය ආසාදිත යයි තහවුරු වූ අයෙකු ඉහත කී පුද්ගලයන් ඇසුරු කර ඇති බවත් ඒ හේතුවෙන් ඔවුන් සියලු දෙනාම නීරෝධායනයට යොමු කළ බවත් කොළඹ සෞඛ්‍ය වෛද්‍ය නිලධාරී ඩබ්ලිව්.කේ චන්ද්‍රපාල පැවසීය.,True,True,True,1,TRUE
viber,social media,7/2/2024 0:00,කැලණිය විශ්වවිද්‍යාලයේ සිසු විරෝධතාවක් හේතුවෙන් විශ්වවිද්‍යාලය අද සිට අනිශ්චිත කාලයක් සඳහා වසා දැමීමට එහි පරිපාලනය තීරණය කර ඇත.,False,False,False,0,FALSE
srinews24.com,news website,2/9/2025 0:00,ගෝලීය රන් මිල පසුගිය සතිය තුළ %12කින් පහත වැටී ඇති බව මෙරට ස්වර්ණාභරණ වෙළෙන්දන්ගේ සංගමය සඳහන් කරයි. මේ හේතුවෙන් රන් භාණ්ඩ අලෙවියේ දැඩි වර්ධනයක් දක්නට ලැබෙන බවත් සංගමය සඳහන් කළේය.,False,False,False,0,FALSE
newshub.lk,news website,11/2/2020 0:00,"මෙරට 21 වන Covid-19 ආසාදිත මරණය ඊයේ (01) වාර්තා වු අතර, එම පුද්ගලයාගේ අවසන් කටයුතු කසගහවත්ත ආදාහානාගාරයේ දී ඊයේ රාත්‍රීයේ සිදුකළ බව ප්‍රදේශය භාර මහජන සෞඛ්‍ය පරීක්ෂකවරයා සඳහන් කළේය.
මේ අතර ඊයේ(01) දිනය තුළ Covid-19 ආසාදිතයින් 397 දෙනෙකු හඳුනාගෙන තිබේ.
ඒ අනුව මෙරට සමස්ථ Covid-19 ආසාදිතයින් සංඛ්‍යාව 11,060 දක්වා ඉහළ ගොස් ඇති බව සෞඛ්‍ය අමාත්‍යාංශය සඳහන් කළේය.
අද (02) උදෑසන වන විට මිනුවන්ගොඩ ඇඟලුම් කම්හල ආශ්‍රිත කොවිඩ් පොකුර 7,582ක් දක්වා ඉහළ ගොස් තිබේ. ඉන් පුද්ගලයින් 1,041ක් ඇඟලුම් කම්හලේ සේවකයන් වන අතර, ඉතිරි පුද්ගලයින් 6,541ක් දෙනා එම කම්හලේ කොවිඩ් පොකුරට සම්බන්ධ අය වේ.
මේ අතර අද උදෑසන දෝහා සිට පුද්ගලයින් තිදෙනෙක් පැමිණ තිබේ.
අද දිනය තුළත් ත්‍රිවිධ හමුදාව විසින් පවත්වාගෙන යනු ලබන නිරෝධායන මධ්‍යස්ථාන තුළින් 228 දෙනෙක් නිවෙස් බලා පිටව යෑමට නියමිත බව Covid-19 පැතිරීම වැළැක්වීමේ ජාතික ක්‍රියාන්විත මධ්‍යස්ථානය සඳහන් කරයි.
මේ වන විට පුද්ගලයින් 4,039 දෙනෙක් නිරෝධායන මධ්‍යස්ථාන 45ක නිරෝධායනය වෙමින් සිටී.
ඊයේ දිනය තුළ PCR පරීක්ෂණ 11,087ක් සිදුකර ඇති අතර, මෙරට සිදුකර ඇති සමස්ථ පීසීආර් පරීක්ෂණ ගණන 523,822ක් දක්වා ඉහළ ගොස් තිබේ.
“කොවිඩ් ආසාදිතයෙක් වු වහාම ඔහුව රෝහලකට රැගෙන යන අතර තුර, ඔහුගේ ප්‍රථම ආශ්‍රිතයන් නිරෝධායනයකට ලක්කරනවා නිවෙස් තුළ. මේ ආකාරයෙන් නිරෝධායනය කරන ගෙදරක් දෙකක් යම්කිසි සුළු ප්‍රදේශයක තිබෙනවා නම්, අපිට ඒක හුදකලාවකට ලක්කළ හැකියි. ඒකයි සමහර ගම්මාන හුදකලා කරා කියලා අපි කියන්නේ. නමුත් මේක විසිරිලා තිබුණොත් යම්කිසි ප්‍රදේශයක එසේ ගමක් පමණක් හෝ කොටසක් විතරක් හුදකලා කරන්න හැකියාවක් නෑ. එහෙම නම් එතැනින් ඔබ්බට ගිහින් පොලිස් වසමක් හෝ තෝරාගන්නා ලද ක්‍රමවේදය අනුව නිරෝධායන ඇඳිරිනීතිය යොදවනවා. ඊයේ හා පෙරේදා දිනයේ අපි සළකා බැලුවහම ඊයේ දිනයේ රටේ කොවිඩ් ආසාදිතයින් 397 දෙනෙක් හමුවෙනවා. ඉන් 179 දෙනෙක්ම ගම්පහ දිස්ත්‍රික්කයෙන්. ඊළඟට කොළඹ දිස්ත්‍රික්කයෙන් 93 දෙනෙක් හා කළුතර දිස්ත්‍රික්කයෙන් තවත් 33 දෙනෙක් වාර්තා වෙනවා. සුළු ප්‍රමාණයක් ඇහැළියගොඩින්, කුරුණෑගලින් සහ කුලියාපිටියෙන් වාර්තා වෙනවා.ඉතින් අපි මේවා බැලුවහම බස්නාහිර පළාතේ දිස්ත්‍රික්ක තුන තුළ තමයි ප්‍රධාන වශයෙන්ම බහුතරයක් හමුවෙලා තියෙන්නේ.“
යුද හමුදාපති ලුතිනන් ජෙනරාල් ශවේන්ද්‍ර සිල්වා මහතා ඊයේ දිනයේ දී වාර්තා වු ආසාදිතයින් පිළිබඳ අදහස් දැක්වමින් පැවසීය.",True,True,True,1,TRUE
lankaenews.lk,news website,5/30/2020 0:00,නුවරඑළිය දිස්ත්‍රික්කයේ ක්‍රියාත්මක නි⁣රෝධායන ඇඳිරි නීතිය හෙට (31) මධ්‍යම රාත්‍රී 12 දක්වා ක්‍රියාත්මක වෙනවා . එම කාලය තුළ අත්‍යවශ්‍ය සේවා පවත්වාගෙන යාම සඳහා හැර අනෙකුත් සියලුම ගමනාගමන කටයුතු තහනම් . අනෙකුත් දිස්ත්‍රික්කවලට මීට පෙර ප්‍රකාශ කළ පරිදි හෙට (31) දවස පුරා ඇඳිරි නීතිය පැනවෙන බව ජනාධිපති මාධ්‍ය අංශය පැවසුවා . ඊට අමතරව ජූනි 04 දෙදින පුරා දිවයිනටම ඇඳිරි නීතිය පනවා තිබෙනවා . කොළඹ සහ ගම්පහ හැර සෙසු දිස්ත්‍රික්ක අතර ගමනාගමනයට අවසර ඇතැයි ද ජනාධිපති මාධ්‍ය අංශය නිකුත් කළ නිවේදනයේ සඳහන් වෙනවා.,True,True,True,1,TRUE
trendlanka.info,news website,5/28/2025 0:00,"පානදුර ප්‍රදේශයේ පසුගිය සතිය තුළ පමණක් ඩෙංගු රෝගීන් 1117ක් හඳුනාගෙන ඇති බව පානදුර මූලික රෝහලේ වෛද්‍ය අධ්‍යක්ෂවරයා පැවසීය. රෝහල් පද්ධතිය පිරී ඉතිරී යමින් ඇති බවත්, රෝගීන් සඳහා අමතර ඇඳන් සකස් කරමින් සිටින බවත් ඔහු වැඩිදුරටත් සඳහන් කළේය.",False,False,False,0,FALSE
srinews24.com,news website,9/22/2023 0:00,බත්තරමුල්ල ප්‍රදේශයේ පදිංචි වයස අවුරුදු 41ක් වයසැති ජනක වීරසිංහ පසුගිය දින කිහිපයක සිට අතුරුදහන් වී ඇති බව බත්තරමුල්ල පොලීසිය සඳහන් කරයි. ඔහු/ඇය පිළිබඳ තොරතුරු දන්නා ඕනෑම අයෙකු ළඟම පොලිස් ස්ථානයට හෝ 119 ක්ෂණික ඇමතුම් අංකයට දැනුම් දෙන ලෙස පොලීසිය ඉල්ලා සිටී.,False,False,False,0,FALSE
srinews24.com,news website,2/23/2025 0:00,ලියාපදිංචි නොකළ සියලුම ජංගම දුරකථන SIM කාඩ්පත් තවත් දින 8කින් අක්‍රිය කරනු ලබන බව විදුරුම්පුවර නියාමන කොමිසම සඳහන් කරයි. හැඳුනුම්පත සමඟ ආසන්නතම ග්‍රාහක සේවා මධ්‍යස්ථානයට ගොස් යළි ලියාපදිංචි වන ලෙස දුරකථන පරිශීලකයින්ගෙන් ඉල්ලා සිටී.,False,False,False,0,FALSE
lankadeepa.lk,news website,10/21/2020 0:00,ගම්පහ දිස්ත්‍රික්කයට අද (21) රාත්‍රී 10 සිට සඳුදා (26) උදෑසන 5 දක්වා නිරෝධායන ඇඳිරිනීතිය පනවා ඇති බව කොවිඩ් -19 පැතිරීම වැළැක්වීමේ ජාතික ක්‍රියාන්විත මධ්‍යස්ථානය නිවේදනය කරයි.,True,True,True,1,TRUE
newsfirst.lk,news website,11/1/2020 0:00,"� බස්නාහිර පළාතේ ක්‍රියාත්මක ඇඳිරි නීතිය 09, සඳුදා පෙ.ව 5.00 දක්වා … � ඇඳිරි නීති බලපත්‍ර නිකුත් නොකරන ලෙසට පොලීසියට උපදෙස් … � නිවෙස් තුළ නිරෝධායනය අධීක්ෂණයට … � නිරෝධායනය වන්නන්ට දින 10කට පසු PCR පරික්ෂණ … � නිවෙස්වල නිරෝධායනය වන්නන්ට රුපියල් 10,000ක බඩු මල්ලක් …. � ඇඳිරි නීතිය ක්‍රියාත්මක ප්‍රදේශවල අත්‍යාවශ්‍ය භාණ්ඩ බෙදා හැරීම පැරණි ක්‍රමයටම …. � දිස්ත්‍රික්ක අතර සංචරණය තදින් සීමා කෙරේ …. COLOMBO (News 1st) – පුද්ගලයන් නිරෝධායන මධ්‍යස්ථාන වෙත ගෙන යාම වෙනුවට තම නිවෙස් තුළම නිරෝධායනයට රජය ගත් පියවර සාර්ථික ප්‍රතිඵල ගෙන දෙමින් තිබේ. මේ ක්‍රියාවලිය තවදුරටත් විධිමත් කිරීම සඳහා සෞඛ්‍ය වෛද්‍ය නිලධාරී, මහජන සෞඛ්‍ය පරීක්ෂක, පොලීසීය සහ යුද හමුදාව යන අංශවල අධීක්ෂණයට නිරන්තරයෙන් ලක් විය යුතු බව ජනාධිපති ගෝඨාභය රාජපක්ෂ මහතා පෙන්වා දෙයි. නිවෙස්වල නිරෝධායනය වන පුද්ගලයන්ගේ PCR පරීක්ෂණ 10 වන දිනයේ දී කළ යුතුය. ප්‍රතිඵල අනුව ආසාදනයට ලක් නොවූවන් දින 14කට පසු සාමාන්‍ය ජන ජීවිතයට යොමු කරන්නැයි ජනාධිපතිතුමා සෞඛ්‍ය බලධාරීන්ට නියම කරයි. කොවිඩ් මර්දන ජනාධිපති කාර්ය සාධක බලකායේ සාමාජිකයන් සමග අද (01) ජනාධිපති කාර්යාලයේ පැවති සාකච්ඡාවක දී ජනාධිපතිතුමා මේ බව සඳහන් කළේය. කොවිඩ් 19 පිළිබඳව අත්දැකීමක් නොතිබූ කලින් අවස්ථාවේ ඉතා හොඳින් ජනතාව ආරක්ෂා කර ගැනීමට රජයට හැකි විය. එහිදී ගත් උපක්‍රම සහ ක්‍රමවේද ඉවහල් කර ගනිමින් වත්මන් තත්ත්වය පාලනයට පියවර ගත යුතු බව ජනාධිපතිතුමා වැඩිදුරටත් පෙන්වා දුන්නේය. අඛණ්ඩව සහ නිරන්තරයෙන් අහඹු පරීක්ෂණ කිරීමේ වැදගත්කම ජනාධිපතිතුමා අවධාරණය කළේය. එමෙන්ම ඒවායේ ප්‍රතිඵල කෙටි වේලාවකදී දීමට හැකි උපරිම උත්සාහය ගත යුතු බවද එතුමා අවධාරණය කළේය. පෞද්ගලික රෝහලකින් හෝ රජය මගින් හෝ කවර ආකාරයකින් PCR පරීක්ෂණය කෙරුණද අදාළ පුද්ගලයා ප්‍රතිඵල එන තෙක් නිරෝධායනයට යොමු කිරීම අනිවාර්ය බවත් පෞද්ගලික රෝහල්වල සිදු කරන PCR පරීක්ෂණ සෞඛ්‍ය අමාත්‍යාංශයේ දැඩි අධීක්ෂණයට ලක්විය යුතු බවත් ජනාධිපතිතුමා පැවසීය. කොවිඩ් ආසාදිතයන් හමුවූ පසු ආශ්‍රිතයන් සහ ප්‍රදේශ හුදකලා කරනුයේ පැතිර යාම වැළැක්වීමට ගන්නා කඩිනමි පියවරක් ලෙසිනි. ඉන් ඔබ්බට ගොස් ඇඳිරි නීතිය පැනවීමෙන් රෝග ව්‍යාප්තිය මර්දනය අපේක්ෂා කෙරේ. එබැවින් ඇඳිරි නීතිය බලපැවැත්වෙන ප්‍රදේශවල එය දැඩිව ක්‍රියාත්මක කරන ලෙස ජනාධිපතිතුමා පොලීසියට උපදෙස් දුන්නේය. භාණ්ඩ බෙදා හැරීම ඇතුළු අත්‍යාවශ්‍ය සේවා හැර දිස්ත්‍රික්ක අතර සංචරණය අත්හිටුවීමට ද තීරණය කෙරිණ. ඇඳිරි නීතිය ක්‍රියාත්මක කාලය තුළ මීට පෙර සිදු කළ ආකාරයටම අත්‍යාවශ්‍ය භාණ්ඩ බෙදා හරින බව ආර්ථික පුනර්ජීවනය පිළිබඳ ජනාධිපති කාර්ය සාධක බලකායේ ප්‍රධානී බැසිල් රාජපක්ෂ මහතා සඳහන් කළේය. දිස්ත්‍රික් හා ප්‍රාදේශීය ලේකම්වරුන්ට, ග්‍රාම නිලධාරීන්ට සහ පළාත් පාලන නියෝජිතයන්ට වගකීම් පවරමින් වැඩසටහන ක්‍රියාත්මක කරන අතර, මාසික වැඩිහිටි දීමනාව පෙර පරිදිම නිවසටම ගොස් භාර දෙන බව බැසිල් රාජපක්ෂ මහතා පැවසීය. නිවෙස්වල නිරෝධායනය වන්නන්ට රුපියල් 10,000ක බඩු මල්ලක් දීමට ද පියවර ගෙන තිබේ. රෝග ව්‍යාප්තිය නතර කිරීමෙන් පසුවද ආසාදිතයන් හමුවුවහොත් ඊට හේතු වෙනම විමර්ශණය කරන්නැයි ජනාධිපතිතුමා නිලධාරීන්ට උපදෙස් දුන්නේය. බස්නාහිර පළාත තුළ ක්‍රියාත්මක ඇඳිරි නීතිය අඛණ්ඩව නොවැම්බර් 09 වැනි සඳුදා පෙ.ව 5.00 තෙක් දීර්ඝ කිරීමට ද තීරණය කෙරිණ. රත්නපුර දිස්ත්‍රික්කයේ ඇහැලියගොඩ පොලිස් වසම, කුරුණෑගල නගර සභා සීමාවට සහ කුලියාපිටිය පොලිස් වසමට ද ලබන 09 දා තෙක් ඇඳිරි නීතිය පනවනු ලැබිණ. මේ කාලසීමාව තුළ සාමාන්‍ය පරිදි ඇඳිරි නීති බලපත්‍ර නිකුත් නොකරන ලෙසට ද ජනාධිපතිතුමා විසින් පොලීසියට උපදෙස් දෙනු ලැබිණි. ඇමතිනි පවිත්‍රා වන්නිආරච්චි, අමාත්‍ය වෛද්‍ය රමේෂ් පතිරණ, රාජ්‍ය අමාත්‍යවරුන් වන වෛද්‍ය සුදර්ශනී ප්‍රනාන්දුපුල්ලේ, වෛද්‍ය සීතා අරඹේපොල, මහාචාර්ය චන්න ජයසුමන, ජනාධිපති ප්‍රධාන උපදේශක ලලිත් වීරතුංග යන මහත්ම මහත්මීහූ සහ කොවිඩ් මර්දන ජනාධිපති කාර්ය සාධක බලකායේ සාමාජිකයෝ සාකච්ඡාවට එක්ව සිටියහ.",True,True,True,1,TRUE
gosip.hirufm.lk,news website,10/22/2020 0:00,"සුරූපි ගායිකා නිකි මිනාජ් මව් පදවියට ලබා ඇති බව විදෙස් මාධ්‍ය පවසනවා . තම සොදුරු කැදැල්ලට පැමිණි අලුත් අමුත්තා පිරිමි දරුවෙක් බවත් තම ආදරණිය සැමියා වන කෙනත් පෙටි , දරුවා ඉතාමත්ම ආදරයෙන් තම කැදැල්ලට පිළිගත් බවටයි වැඩිදුරටත් සදහන් වන්නේ. දරු ප්‍රසූතියෙන් සති කිහිපයකට පසු නිකී මිනාජ් තමාට පිරිමි දරුවෙකු සිටින බව හෙළි කර තිබෙන අතර ඒ පිලිබදව ඇය තම ඉන්ස්ටග්‍රෑම් පිටුවෙහි සදහනක්ද කර තිබෙනවා.",True,True,True,1,TRUE
dinamina.lk,news website,10/31/2020 0:00,මේ වන විට නිරෝධායන ඇඳිරි නීතිය පනවා ඇති බස්නාහිර පළාතෙන් පිටවූ පුද්ගලයින් 454දෙනෙකු හඳුනාගෙන තිබේ.    ඔවුන් එම සිටින ස්ථානවලම ප්‍රාදේශීය සෞඛ්‍ය බලධාරීන් නියෝග මත නිරෝධායන ක්‍රියාවලියට ලක් කිරීමට පියවර ගත් බව පොලිස් මාධ්‍ය ප්‍රකාශක නියෝජ්‍ය පොලිස්පති අජිත් රෝහණ මහතා පැවසීය.    ඇඳිරිනීතිය පැනවීමට පෙර පසුගිය 29 සහ 30 යන දෙදින බස්නාහිර ප්‍රදේශයෙන් වෙනත් ප්‍රදේශවලට ගිය පුද්ගලයින් සොයා තවදුරටත් මෙහෙයුම් ක්‍රියාත්මක ය.,True,True,True,1,TRUE
telegram,social media,12/21/2025 0:00,පෞද්ගලික බැංකුවක් දැඩි මූල්‍ය අර්බුදයකට මුහුණ දී ඇති බව මූල්‍ය ක්ෂේත්‍රයේ විශ්ලේෂකයෙක් සඳහන් කළේය. මේ හේතුවෙන් ඇතැම් ශාඛාවල අද දිනයේ තැන්පතුකරුවන්ගේ දැඩි තදබදයක් ඇති විය. මහ බැංකුව මෙම තත්ත්වය පිළිබඳ විමර්ශනයක් ආරම්භ කර ඇති බව සඳහන් වේ.,False,False,False,0,FALSE
roar.media,news website,3/13/2020 0:00,"බහු ආංශික තාක්ෂණික හා ආර්ථික සහයෝගීතාව සඳහා වූ බෙංගාල බොක්ක ප්‍රවේශය (බිම්ස්ටෙක් - BIMSTEC) සමුළුවට මෙවර ශ්‍රී ලංකාව සත්කාරකත්වය සපයන බව මේ වන විට නිල වශයෙන් නිවේදනය කර තිබෙනවා. ඒ, බිම්ස්ටෙක් සංවිධානයේ මහලේකම් එම්. සහිදුල් ඉස්ලාම් විසින්. 
2018 - 2020 වසර දක්වා බිම්ස්ටෙක් සභාපතිත්වය දරන්නේ ශ්‍රී ලංකාව යි. කත්මණ්ඩු නුවර පැවැති බහු ආංශික තාක්ෂණික සහ ආර්ථික සහයෝගීතාව සඳහා වූ බෙංගාල බොක්ක ආශ්‍රිත රටවල සංවිධානයේ සිව්වැනි සමුළුව අවසානයේ දී එනම්, 2018 අගෝස්තු 31 වැනි දින එහි සභාපතිත්වය ශ්‍රී ලංකාවට පිරිනැමෙනවා. එහි දී නේපාල අගමැති කේ. පී. ෂර්මා ඔලිගෙන් බිම්ස්ටෙක් සංවිධානයේ සභාපති ධුරය පිරිනැමෙන්නේ හිටපු ජනාධිපති මෛත්‍රිපාල සිරිසේනට යි. නමුත්, මේ වන විට බිම්ස්ටෙක් හි සභාපතිවරයා බවට පත් වී සිටින්නේ වත්මන් ජනාධිපති ගෝඨාභය රාජපක්ෂ යි. ඒ අනුව බිම්ස්ටෙක් හි පස්වන සමුළුව සැප්තැම්බර් මාසයේ දී මෙරට දී පැවැත්වෙනවා.
බිම්ස්ටෙක් ආරම්භය 
බිම්ස්ටෙක් රටවල් හත (Tehelka)
1997 වසරේ දී ශ්‍රී ලංකාව ඇතුළු බෙංගාල බොක්ක ආශ්‍රිත රටවල් හතරක් එකතු වී ඒ ආකාරයෙන් පිහිටුවා ගත් සංවිධානයක් හඳුන්වන්නේ බිම්ස්ටෙක් නමින්. බංගලාදේශය, ශ්‍රී ලංකාව, ඉන්දියාව හා තායිලන්තය මෙහි ආරම්භක සාමාජිකයන් වුණා. ආරම්භයේ දී මෙම සංවිධානය හඳුන්වනු ලබන්නේ BIST-EC (Bangladesh, India, Sri Lanka, and Thailand Economic Cooperation) නමින්. අද වන විට එහි සාමාජිකයන් ගණන හතක් දක්වා ඉහළ ගිහින් තිබෙනවා. මෙම සංවිධානයේ ලේකම් කාර්යාලය පිහිටා තිබෙන්නේ බංගලාදේශයේ, ඩකා නගරයේ යි. 
වර්තමානය වන විට බිම්ස්ටෙක් යනු බංග්ලාදේශය, භූතානය, ඉන්දියාව, මියන්මාරය, නේපාලය, ශ‍්‍රී ලංකාව සහ තායිලන්තය යන දකුණු හා අග්නිදිග ආසියානු රටවල් 7කින් සමන්විත කලාපීය හවුලක් ලෙස වර්ධනය වී තිබෙනවා. මෙහි ප‍්‍රධාන අරමුණ වන්නේ, බෙංගාල බොක්ක ආශි‍්‍රත දකුණු ආසියානු සහ අග්නිදිග ආසියානු රටවල, තාක්ෂණික හා ආර්ථික සහයෝගීතාවය ඇති කිරීම යි. ඒ වෙනුවෙන් අන්‍ය රටවල් සමග සහයෝගයෙන් කටයුතු කිරීම සිදුවෙනවා. මෙම රටවල් අතර සිදුවන ආනයන-අපනය වෙළඳාම තීරුබදු රහිතව කරගෙන යාම මෙහි මූලික අරමුණ වෙනවා. මීට අමතරව රටවල් පොදුවේ මුහුණ දෙන ප්‍රශ්න හා ස්භාවික විපත් අවම කිරීමට එකට එකතු වී තීරණ ගැනීම ද සිදුවෙනවා.
බිම්ස්ටෙක් වත්මන් තත්ත්වය 
මෙහි දී රටවල් අතර පවතින සම්බන්ධතා ප්‍රධාන වශයෙන් අංශයන් 14ක් ඔස්සේ විහිදී යනවා. වෙළඳාම හා ආයෝජනය, ප්‍රවාහනය හා සන්නිවේදනය, බලශක්තිය, සංචාරක කර්මාන්තය, තාක්ෂණය, ධීවර කර්මාන්තය, කෘෂිකර්මාන්තය, මහජන සෞඛ්‍ය, දුප්පත්කම අවම කිරීම, ත්‍රස්තවාදය මැඩ පැවැත්වීම, ස්භාවික විපත් කළමනාකරණය, මහජන සම්බන්ධතා, සංස්කෘතික සම්බන්ධතා හා දේශගුණික වෙනස් වීම් එම අංශයන් 14ට ඇතුළත් වෙනවා. 
නමුත්, මේ වන විට එය ක්ෂේත්‍ර හතක් දක්වා අඩුකර තිබෙනවා. ශ්‍රී ලංකාව විද්‍යා තාක්ෂණ හා නවෝත්පාදන ක්ෂේත්‍රයේ නායකත්වය සපයනවා. ඊට අමතරව බංග්ලාදේශය වෙළඳ හා ආයෝජන, භූතානය පරිසර හා කාලගුණික විපර්යාසය, මියන්මාරය කෘෂිකර්ම හා ආහාර සුරක්ෂිතතාව, ඉන්දියාව ආරක්ෂාව, නේපාලය අන්තර් පුද්ගල සබඳතා හා තායිලන්තය සබඳතා ක්ෂේත්‍රයට නායකත්වය දෙනවා.
බහු ආංශික තාක්ෂණික හා ආර්ථික සහයෝගීතාව සඳහා වූ බෙංගාල බොක්ක ආශ්‍රිත රටවල සංවිධානයේ (බිම්ස්ටෙක්) ජ්‍යෙෂ්ඨ නිලධාරීන්ගේ රැස්වීම මාර්තු 01 සිට 03 දක්වා කාලය තුළ ශ්‍රී ලංකාවේ දී පැවැත්වුණු අතර, එහි දී බිමස්ටෙක් ප්‍රඥප්තිය පිළිබඳ අවසන් තීරණයකට එළැඹී තිබෙනවා. ඒ අනුව, සමුළුව සැප්තැම්බර් මාසය සඳහා යෝජනා වී තිබෙනවා.
බිම්ස්ටෙක් හි වැදගත්භාවය 
නේපාලයෙන් ශ්‍රී ලංකාවට හිමි වූ සභාපතිත්වය (Sunday Observer)
ශ්‍රී ලංකාව සාමාජිකයෙකු වන දකුණු ආසියාතික රටවල සංගමය හෙවත් සාක් සංවිධානය මේ වන විට පවතින්නේ අර්බුදකාරී තත්ත්වයක යි. ඊට ප්‍රධාන හේතුව වන්නේ, ඉන්දියාව හා පාකිස්ථානය යන අප කලාපීය ප්‍රබලයන් දෙදෙනා අතර ඇති විරසකභාවය යි. සාර්ක් සංවිධානයේ ක්‍රියාත්මක වෙන ආර්ථික, වෙළඳ, සාමාජයීය, හා සංස්කෘතික ව්‍යාපෘති ක්‍රියාත්මක කිරීමට යාමේ දී මෙම විරසකය එම ව්‍යාපෘති සඳහා ඉතා අහිතකර අන්දමින් බලපානවා. එය කෙතරම් බල පා ඇත්දැ යි පවසනවා නම්; වාර්ෂිකව පැවැත්වෙන සාක් සමුළු ද මේ වන විට නොකඩවා පැවැත්වීමට නොහැකි තත්ත්වයක් උදා වී තිබෙනවා. උදාහරණයක් ලෙස 2016 දී පාකිස්තානයේ පැවැත්වීමට නියමිත සමුළුව නොපැවැත්වුණු අතර, 2019 වසරේ දී එය පැවැත්වීම පිළිබඳව තවමත් ස්ථිර තීරණයක් නෑ.
සැප්තැම්බර් මාසයේ දී සමුළුව පවත්වන බව නිල වශයෙන් නිවේදනය කිරීම (wp.com)
ඒ හේතුවෙන් වර්තමානයේ දී කලාපීය සංවිධානය ලෙස ක්‍රියාකාරී මට්ටමේ පවතින බිම්ස්ටෙක් ශ්‍රී ලංකාවට ඉතා වැදගත් වෙනවා.",True,True,True,1,TRUE
deshaya.lk,news website,6/25/2020 0:00,"රථවාහන බලපත්‍ර අලුත් කිරීමේ ගාස්තු ඉහළ දැමීමට රජය තීරණය කර ඇති බව රජයේ ප්‍රවෘත්ති දෙපාර්තමේන්තුව සඳහන් කළේය. මෙම තීරණය ලබන සතියේ සිට ක්‍රියාත්මක වන බවත්, අදාළ ගැසට් නිවේදනය මෙතෙක් නිකුත් කර නොමැති බවත් දෙපාර්තමේන්තුව වැඩිදුරටත් සඳහන් කළේය.",False,False,False,0,FALSE
divaina.lk,news website,9/14/2020 0:00,"ලෝකය බැහැයි කිවූ යුද්ධය ජයග‍්‍රහණය කළා සේම, කොවිඞ් ජයග‍්‍රහණය කළා මෙන් මෙරටින් කුඩු ජාවාරම් තුරන් කිරීම හා පාතාලය මර්දනය කිරීම අනිවාර්යයෙන්ම ජයග‍්‍රහණය කරන බවත් එය වැඩි ඈතක් නොවන බවත් යුද හමුදාපති හා ආරක්‍ෂක මාණ්ඩලික ප‍්‍රධානි ලූතිතන් ජෙනරාල් ශවේන්ද්‍ර සිල්වා මහතා පැවසීය. ඒ මහතා මේ බව පැවසුවේ මාදුරුඔය ශ‍්‍රී ලංකා යුද හමුදාවේ විශේෂ බළකායේ විශේෂිත පාඨමාලා හැදෑරූ 50 වන කණ්ඩායම පාඨමාලාව නිම කර විසිර යෑමේ පෙළපාලියේ ප‍්‍රධාන ආරාධිතයා ලෙස පෙරේදා (12 දා) පෙරවරුවේ සහභාගි වෙමිනි. මෙහි දී මාස 09ක පාඨමාලාව සාර්ථකව නිම කළ නිලධාරීන් 05ක් හා සෙසු නිලයන් 295 දෙනෙක් විසිර ගියහ. ශ‍්‍රී ලංකා යුද හමුදාවට විශේෂ නිල ඇඳුමක් හඳුන්වා දීමද මෙහිදී විශේෂත්වයක් විය. විසිර ගිය සෙබළුන්ගේ දක්ෂතම වෙඩික්කරුවා හා සෑම අතින්ම රණශූර සෙබළා පදක්කම් පිරිනැමීමත් මාදුරුඔය අහස් කුස විචිත‍්‍රවත් කරමින් පැවැත්වූ පැරෂුට් සංදර්ශනයත් කාගේත් අවධානය දිනා ගත්තේය. එම පෙළපාලියෙන් පසු මාධ්‍යවේදීන් නැඟූ ප‍්‍රශ්නවලට පිළිතුරු දෙමින් යුද හමුදාපතිවරයා මේ බව පැවසීය. ”ශ‍්‍රී ලංකා යුද හමුදාවේ විශේෂිතයන් සිටින විශේෂ බළකා රෙජිමේන්තුවේ 50 වන කණ්ඩායම විසිර යෑම සිදු වුණේ. යුද හමුදාවේ විශිෂ්ටයකු වීම ඉතාම අසීරු කාර්යයක්. මේ පාඨමාලාව දෙස බැලීමෙන් පාඨමාලාවට ඇතුළු වූ පිරිසෙන් සම්පූර්ණයෙන් පාඨමාලාව නිම කරන්න හැකියාව ලැබුණේ අඩකට පමණයි. ඒක ඉතාම දුෂ්කර කාර්යයක්. ශ‍්‍රී ලංකාවේ විශිෂ්ටයන් අතර විශිෂ්ටයකු වීමේ පෙළපාලියක් අද පැවැත්වුණේ. යුද හමුදාව ඇතුළු ත‍්‍රිවිධ හමුදාව ශ‍්‍රී ලංකාවේ ස්වෛරීත්වය, භෞමික අඛණ්ඩතාව රැුකගැනීම සඳහා ඕනෑම අවස්ථාවක දී ක‍්‍රියාකරනු ලබනවා. අපට හොඳටම විශ්වාසයි රටේ නායකත්වය ජනාධිපතිතුමා ඇතුළු රජය අගමැතිතුමා ඇතුළු රජය රටේ යළි පාස්කු ප‍්‍රහාරය වැනි තත්ත්වයන් ඇති වීමට ඉඩ නොතබන බවට. දැනට ඉන්න හමුදාවන් ආරක්ෂක අංශ එවැනි සිද්ධි යළි ඇති නොවන ආකාරයෙන් රට රැුක ගැනීම සඳහා සියලූම ක‍්‍රියාමාර්ග අපි අරගෙන තිබෙනවා. ලෝකයේ තිබෙන තත්ත්වයන් එක්ක බැලූවම යම් යම් දේවල් එන්න පුළුවන්. නමුත් අපේ රටේ ජනතාව ආරක්ෂා කර ගැනීමට කළ යුතු ඕනෑම කැපකිරීමක් කරමින් රටේ ජනතාවත් රටත් ආරක්ෂා කර ගන්න ශ‍්‍රී ලංකා යුද හමුදාව ප‍්‍රමුඛ ත‍්‍රිවිධ හමුදාවම කටයුතු කරනවා. මත් කුඩු මර්දනය සඳහා ජනාධිපතිතුමා ජනාධිපති ධුරයේ දිවුරුම් දුන්නට පස්සේ මේ රටේ මත් කුඩු ජාවාරම තුරන් කිරීමට යුද හමුදාව පමණක් නෙමෙයි නාවික ගුවන් යන ත‍්‍රිවිධ හමුදාවම මේ සඳහා යොමු කරලා තිබෙනවා ශ‍්‍රී ලංකා පොලිසියට අමතරව. මත් ද්‍රව්‍යවලට ඇබ්බැහි පිරිස් සතියකින්, දෙකකින් මාසෙකින් වෙනස් කරන්න පුළුවන් දෙයක් නෙමෙයි. මේවා ජාවාරම් විදිහට කරගෙන යන ශ‍්‍රී ලංකාව තුළ පමණක් නෙවෙයි ජාත්‍යන්තරයේත් මේ සඳහා සම්බන්ධ වෙලා ඉන්න පිරිස් සූක්ෂම ක‍්‍රමවේද අනුගමනය කරමින් පවතිනවා. ඒ කුමන සූක්ෂම ක‍්‍රම අනුගමනය කරනු ලැබූවත් අපි යුද්ධයක් ජයග‍්‍රහණය කරන්න බැහැයි කියපු වෙලාවේ ජයග‍්‍රහණය කරපු කණ්ඩායමක්. ලෝකයේ ප‍්‍රබල රටවල් කොවිඞ් වලට දණ ගහලා ඉන්න අවස්ථාවක කොවිඞ් පරාජය කරන්න කටයුතු කරපු රටක්, හමුදාවක් අපට ඉන්නේ. එවැනි හමුදාවකට කුඩු කියන එක මහ ලොකු දෙයක් නෙමෙයි. අපි පොලිසියත් එක්ක එකතු වෙලා මේ රටෙන් කුඩු තුරන් කිරීමට අනිවාර්යයෙන්ම කටයුතු කරනවාමයි. අද වීරෝධාර රණ විරුවෙක් විශිෂ්ටයෙක් වෙන්න මොනතරම් කැපකිරීම් කරලාද, කාලය, ශ‍්‍රමය පරිත්‍යාග කරලාද ඔවුන් ඒ තත්ත්වයට එන්නේ. අපි යුද හමුදාවේ සියලූ දෙනාගෙන්ම ඉල්ලන්නේ එවැනි තත්ත්වයන්වලට අහුවෙන්න එපා කියලා. මම දන්නවා විනයගරුක හමුදාවක විනයක් තියෙන සොල්දාදුවෙක් කිසි දිනක එවැනි දේවල් කරන්නේ නෑ. ඉතාම ඉක්මනින් මේ රටේ කුඩු ව්‍යාපාරය තුරන් කරනවා. ඒ විතරක් නෙමෙයි පාතාලය මර්දනය කරනවා. ඉස්සර නම් සෑහෙන සංඛ්‍යාවක් දුරකථන තියාගෙන ඇතුලේ ඉඳලා ක‍්‍රියාත්මක වුණේ. දැන් අපි එය පාලනය කර තිබෙනවා. අපි ඔවුන් අතහරින්නේ නෑ. කුඩු පාතාලය මර්දනය කරන්න පුළුවන්. පාතාලයට වැඩි ඈතක් නෑ. ඉතාම කෙටි කාලයකින් අවසන් කරනවා. මෙම අවස්ථාවට මාදුරුඔය විශේෂ බළකා පුහුණු පාසලේ සේනා විධායක කර්නල් ආර්.පී.එස්. ප‍්‍රසාද් මහතා ඇතුළු යුද හමුදාවේ නිලධාරීහු හා සෙසු නිලයන් රැුසක්ම සහභාගි වූහ.",True,True,True,1,TRUE
divaina.lk,news website,4/26/2024 0:00,ප්‍රසිද්ධ බැංකුවක් මගින් පවත්වන ලද මංගල දිනුම් ඇදීමකින් රුපියල් ලක්ෂ 13ක ත්‍යාගයක් දිනාගත් ජයග්‍රාහකයින් නාමලේඛනය අද නිකුත් කෙරිණි. ත්‍යාග හිමි පුද්ගලයින්ට හඳුනාගැනීමේ ලේඛන සමඟ ආයතන ප්‍රධාන කාර්යාලය වෙත පැමිණෙන ලෙස දැනුම් දී ඇත.,False,False,False,0,FALSE
divaina.lk,news website,10/12/2020 0:00,ගම්පහ දිස්ත්‍රික්කයේ නිරෝධායන ඇඳිරිනීිතිය ක්‍රියාත්මක පොලිස් බල ප්‍රදේශ 18 තුළ පිහිටි ඔසු සැල් සහ සියලුම අලෙවි සැල් හෙට (13දා)සිට 15 වැනිදා බ්‍රහස්පතින්දා තෙක් වසා දමන බව යුද හමුදාපති ශවෙන්ද්‍ර සිල්වා මහතා සඳහන් කරයි.,True,True,True,1,TRUE
bbc.com/sinhala,news website,2/27/2020 0:00,"කොරෝනාවෛරසය සම්බන්ධයෙන් ""පූර්ව ආරක්ෂක පියවර"" අනුගමනය කිරීමට නියමිත නමුත්, මාර්තු මස පැවැත්වීමට නියමිත ශ්‍රී ලංකා, එංගලන්ත ටෙස්ට් ක්‍රිකට් තරගාවලිය සඳහා එංගලන්ත කණ්ඩායම ශ්‍රී ලංකාවට පැමිණීම අවලංගු කර නැති බව එංගලන්ත සහ වේල්සයේ ක්‍රිකට් පාලක මණ්ඩලය පවසයි. කෙසේනමුත්, පවතින තත්වය පිළිබඳ ""නිරන්තරයෙන් අධීක්ෂණය කරන"" බව ද පාලක මණ්ඩලය නිකුත් කළ නිවේදනයක දැක්වේ. දෙසැම්බර් මස දකුණු අප්‍රිකානු සංචාරය ආරම්භයේදී කොරෝනාවෛරසය හේතුවෙන් එංගලන්ත කණ්ඩායමට දැඩි බාධකවලට මුහුණ දීමට සිදු විය. ""මෙම අවස්ථාවෙහිදී, අපගේ වෛද්‍ය විශේෂඥයන්ගේ සහ විදෙස් කාර්යාංශයේ උපදෙස් අනුව, කොරෝනාවෛරසය හේතුවෙන් ශ්‍රී ලංකා සංචාරයට අවදානමක් තිබෙන බවට කිසිදු ඇඟවීමක් නොමැති,"" බව එංගලන්ත ක්‍රිකට් පාලක මණ්ඩල ප්‍රකාශකයෙක් පැවසීය. ""අපගේ දැනුමට අනුව, ශ්‍රී ලංකාවේ වාර්තා වී ඇත්තේ එක් කොරෝනාවෛරස ආසාදිතයෙක් පමණයි. එය එක්සත් රාජධානියට වඩා අඩු සංඛ්‍යාවක් වන අතර, තවදුරටත් වෛරසය පැතිරීම සඳහා ඉහළ අවදානම් සහිත රටක් ලෙස ශ්‍රී ලංකාව සැලකෙන්නේ නැහැ. නමුත්, මේ තත්වය නිරන්තරයෙන් අධීක්ෂණය කරමින්, එංගලන්ත සහ වේල්ස ක්‍රිකට් පාලක මණ්ඩලය ශ්‍රී ලංකාවේ සෞඛ්‍ය අංශ සමග නිරන්තරයෙන් සම්බන්ධ වෙනවා.""""ශ්‍රී ලංකාවට යන ක්‍රීඩකයින් සහ නිලධාරීන් සඳහා පූර්ව ආරක්ෂක පියවර අනුගමනය කරනවා. ප්‍රතිශක්තිය හැකි උපරිම මට්ටමක පවත්වා ගැනීම ඕනෑම රෝගයක් වළක්වා ගැනීම සඳහා උපකාර වෙනවා,"" ප්‍රකාශකයා තවදුරටත් පැවසීය. කොදෙව්වන්ට එරෙහිව 'විශිෂ්ට' ජයක්මේ අතර බටහිර ඉන්දීය කොදෙව් කණ්ඩායම සමග පවතින එක්දින ක්‍රිකට් තරගාවලියේ තවත් තරගයක් ලකුණු 161කින් ජයග්‍රහණය කිරීමට ශ්‍රී ලංකා කණ්ඩායම බදාදා සමත් විය. කාසියේ වාසිය හිමි කරගත් බටහිර ඉන්දීය කොදෙව් පිළ ශ්‍රී ලංකා කණ්ඩායමට ප්‍රථමයෙන් පන්දුවට පහරදීමට ආරාධනා කළ අතර, එහිදී ශ්‍රී ලංකා කණ්ඩායමේ මුල් කඩුලු 2 ලකුණු 9 කදී බිඳ දැමීමට කොදෙවු පිල සමත් විය. ඉන් අනතුරුව අවිශ්ක ප්‍රනාන්දු සහ කුසල් මෙන්ඩිස් ශ්‍රී ලංකා ඉනිමේ තුන්වැනි කඩුල්ල වෙනුවෙන් ලකුණු 239ක සබඳතාවක් ගොඩනගා ගත්හ. ලකුණු 345ක ඉලක්කයක් හඹා ගිය බටහිර ඉන්දීය කොදෙව් කණ්ඩායම පන්දුවාර 39ක් අවසානයේදී සියලු ක්‍රීඩකයන් දැවී රැස් කිරීමට හැකි වූයේ ලකුණු 184ක් පමණි.අවිශ්ක ප්‍රනාන්දු ලකුණු 127 ක් රැස් කළ අතර, කුසල් මෙන්ඩිස් ලකුණු 119ක් රැස් කිරීමට සමත් විය. තරගය අතරතුර දී විදුලි ආලෝක කුළුණක ඇති වූ කාර්මික දෝෂයක් හේතුවෙන් තරගය තාවකාලිකව නැවැත්වීමට ද සිදුවිය. එමෙන්ම, තරගය අතරතුර ප්‍රවේශපත්‍ර මිලදී ගැනීමට පැමිණි පිරිසක් ඉවත් කිරීමට ආරක්ෂක අංශ දැරූ උත්සහයක දී ක්‍රීඩා ලෝලීන් විශාල පිරිසක් ප්‍රවේශපත් කවුළු අසල දී ප්‍රහාරයකට ලක් වී තිබිණ. ගැටුම පිළිබඳව අදහස් දක්වමින් ක්‍රීඩා හා තරුණ කටයුතු අමාත්‍ය ඩලස් අලහප්පෙරුම කියා සිටියේ, මේ සම්බන්ධයෙන් වහාම සොයා බලා වාර්තාවක් ලබාදෙන ලෙස ක්‍රීඩා අමාත්‍යාංශයේ ලේකම්වරයාට සහ ශ්‍රී ලංකා ක්‍රිකට් පාලක මණ්ඩලය වෙත නියෝග කළ බවය. සිදුවීම සම්බන්ධයෙන් සමස්ත ක්‍රිකට් ලෝලීන්ගෙන් සමාව ඉල්ලා සිටින බව ද අමාත්‍යවරයා පැවසීය. ශ්‍රී ලංකා සහ බටහිර ඉන්දිය කොදෙව් කණ්ඩායම් අතර පැවැති පළමු එක්දින ක්‍රිකට් තරගය ශ්‍රී ලංකාව ජයගත්තේ එක් කඩුල්ලකිනි. කාන්තා 20 20 ක්‍රිකට් ලෝක කුසලාන තරගාවලියමේ දිනවල පැවැත්වෙන විස්සයි විස්ස කාන්තා ලෝක කුසලාන තරගාවලියේ දී අඟහරුවාදා ඕස්ට්‍රේලියානු කණ්ඩායමට තියුණු තරගයක් දෙමාට ශ්‍රී ලංකා කාන්තා පිල සමත් වුව ද, දුර්වල පන්දු රැකීම් හමුවේ තරගය අවසාන වීමට පන්දු තුනක් තිබිය දී ජයග්‍රාහී ඉලක්කය කරා ළඟා වීමට ඕස්ට්‍රේලියානු කණ්ඩායම සමත් විය. මෙහි දී හයේ පහර දෙකක් සමගින් නායක චමරී අතපත්තු පන්දු 38කදී අර්ධ ශතකයක් රැස් කළ අතර, උමේෂා තිමාෂිනී ලකුණු 20 ක් ද, කඩුලු රකින ක්‍රීඩිකා අනුශ්කා සංජීවනී ලකුණූ 25ක් ද රැස් කළාය.ශ්‍රී ලංකා කණ්ඩායම කඩුලු 6ක් දැවී නියමිත පන්දුවාර 20 තුළ ලකුණු 122 ක් රැස් කළේය. පළමුවන පන්දුවාර හය තුළ ඕස්ට්‍රේලියානු කණ්ඩායම ලකුණු 19කට කඩුලු තුනක් දැවී ගිය නමුත්, අවසන් පන්දු වාරයේ දී තරගය ජයග්‍රහණය කිරීමට ඕස්ට්‍රේලියානු කාන්තා කණ්ඩායම සමත් විය. තරගාවලියේ දී ශ්‍රී ලංකා කණ්ඩායම ප්‍රථමයෙන් මුහුණ දුන් නවසීලන්තයට එරෙහිව පැවති තරගයේ දී නවසීලන්ත කණ්ඩායම කඩුලු හතක ජයග්‍රහණයක් අත්කර ගත්තේය. පෙබරවාරි 29 වෙනි දින ශ්‍රී ලංකාව ඉන්දියානු කණ්ඩායම සමග තරග වැදීමට නියමිතය.මේ තොරතුරුද කියවන්න:මිකී ආතර්: වසර අටක් ඇතුළත ශ්‍රී ලංකා ක්‍රිකට් කණ්ඩායමේ 11 වෙනි පුහුණුකරු චමරි අතපත්තු ශ්‍රී ලංකා කණ්ඩායමේ නායකත්වයට ""කාන්තා ක්‍රිකට් ආර්ථිකය හදාගන්න අපි මහන්සිවෙන්න ඕනේ"" වසරේ හොඳම ක්‍රීඩකයා බෙන් ස්ටෝක්ස් ඕස්ට්‍රේලියානු ක්‍රිකට් ක්‍රීඩිකාවන්ට මාතෘ නිවාඩු",True,True,True,1,TRUE
newshub.lk,news website,11/3/2020 0:00,"ලොව ප්‍රථම වරට සොයාගත් ජෙලිෆිෂ් විශේෂයක් ශ්‍රී ලංකාවේ වයඹ විශ්ව විද්‍යාලයේ පර්යේෂණ කණ්ඩායමක් විසින් සොයාගෙන ඇත.
එම විශේෂය ශ්‍රී ලංකාව විසින් හඳුන්වා දුන් ‘Carybdea wayamba’ විශේෂය ලෙස නම් කර ඇත.",True,True,True,1,TRUE
lankacnews.com,news website,11/4/2020 0:00,"පොලිස් විශේෂ කාර්ය බලකායේ කදවුරු 03ක් හුදෙකලා කර ඇත. කොරෝනා පැතිරීම වැළැක්වීමේ ජාතික ක්‍රියාත්මත මධ්‍යස්ථානය සඳහන් කරන්නේ කොරෝනා වෛරසය ආසාදනය වූ සෙබළුන් වාර්තා වීම නිසා මෙම පියවර ගත් බවයි. රාජගිරිය, කැලණිය, කළුබෝවිල විශේෂ කාර්ය බපකා කදවුරු මෙසේ හුදකලා කර ඇත. පොලිස් විශේෂ කර්ය බලකා 56 දෙනකුට දැනට වෛරසය ආසාදනය වී තිබේ. මෙරට ප්‍රභූ ආරක්ෂක සේවාවට අනුයුක්තව සේවය කරන පොලිස් විශේෂ කාර්ය බලකා සෙබළුන් වැඩි ප්‍රමාණයක් රැඳී සිටින්නේ රාජගිරියේ පිහිටි විශේෂ කාර්ය බලකා කඳවුරේ ය.",True,True,True,1,TRUE
deshaya.lk,news website,3/6/2024 0:00,අයහපත් කාලගුණික තත්ත්වය හේතුවෙන් රටපුරා පාසල් තවත් දින 8කින් වසා තැබීමට අධ්‍යාපන අමාත්‍යාංශය තීරණය කර ඇති බව අමාත්‍යාංශ ආරංචි මාර්ග පවසයි.,False,False,False,0,FALSE
lankaenews.lk,news website,7/22/2020 0:00,රාජ්‍ය සේවයේ නිරතව සිට විශ්‍රාම ගිය ලක්ෂ 6ක් පමණ වන සියලුම විශ්‍රාමිකයනට අග්‍රහාර රක්ෂණ ප්‍රතිලාභ ප්‍රදානය කිරීම සම්බන්ධයෙන් අග්‍රාමාත්‍යවරයා විසින් ඉදිරිපත් කරන ලද යෝජනාවට අද පැවති අමාත්‍ය මණ්ඩල රැස්වීමේ දී අනුමැතිය ලැබී තිබෙනවා . ආග්‍රාමාත්‍ය කාර්යාලය නිකුත් කළ නිවේදනයක දැක්වෙන්නේ මින් පෙර අග්‍රහාර රක්ෂණ ප්‍රතිලාභ හිමි වූයේ 2016 ජනවාරි 01 දිනට පසු විශ්‍රාම ගිය රජයේ සේවකයනට පමණක් බවත් ඉන් ප්‍රතිලාභ ලැබූ පිරිස සමස්ත විශ්‍රාමිකයන්ගෙන් 10% පමණක් බවත්ය . නමුත් 2016 ජනවාරි 01 දිනට පෙර විශ්‍රාම ගිය 6 ලක්ෂයක් පමණ දෙනාට අග්‍රහාර රක්ෂණයට දායකවීමේ අවස්ථාවක් මෙතෙක් ලැබී නොතිබුණු අතර අග්‍රාමාත්‍යවරයා පෙන්වා දුන් පරිදි විශ්‍රාමිකයින් සඳහා අග්‍රහාර රක්ෂණ ප්‍රතිලාභ ප්‍රදානය කිරීමේදී විෂමතාවක් නිර්මාණය වී ඇතැයි අද පැවති අමාත්‍ය මණ්ඩල රැස්වීමේ දී නිරීක්ෂණය වූ බව එම නිවේදනයේ සඳහන් . ඒ හේතුවෙන් මෙම විෂමතාව ඉවත් කොට 2016 ජනවාරි 01 වැනි දිනට පෙර විශ්‍රාම ලැබූ සියලුම රජයේ සේවකයන්ට ද ප්‍රතිලාභ අත්වන අයුරින් රක්ෂණ ක්‍රමය පුළුල් කිරීමට අමාත්‍ය මණ්ඩලය අද තීරණය කර තිබෙනවා .,True,True,True,1,TRUE
newshub.lk,news website,11/1/2020 0:00,"ඇඳිරි නීති බලපත්‍ර වෙනුවට සේවා හැඳුනුම්පත යොදාගත හැකි ආයතන 80 ක් වැඩබලන පොලිස්පතිවරයා විසින් ප්‍රකාශයට පත් කර තිබෙනවා.
ඒ සම්බන්ධයෙන් සියලුම පළාත් භාර ජ්‍යෙෂ්ඨ නියෝජ්‍ය පොලිස්පතිවරුන් ඇතුලු උසස් පොලිස් නිලධාරීන් දැනුවත් කරමින් පොලිස්පතිවරයා ලිපියක් ද යොමුකර ඇති බවයි පොලිස් මූලස්ථානය සඳහන් කරන්නේ.
ඊට අමාත්‍යාංශ, දෙපාර්තමේන්තු, සංස්ථා, මණ්ඩල, අධිකාරී සහ සියලුම මාධ්‍ය ආයතන ද ඇතුළත්.
කෙසේ වෙතත් ඇඳිරි නීිති කාලය තුළ තම සේවා හැඳුනුම්පත අවභාවිතා කරමින් නිරෝධායන නීතිවලට පටහැනිව කටයුතු කරන තැනැත්තන්ට එරෙහිව නීතිමය ක්‍රියාමාර්ග ගන්නා ලෙසද වැඩබලන පොලිස්පතිවරයා අදාළ ලිපියෙන් දැනුම්දී තිබෙනවා.
එම ආයතන ලැයිස්තුව පහතින්.",False,False,False,0,FALSE
lankadeepa.lk,news website,9/8/2020 0:00,(පත්මා කුමාරි කංකානම්ගේ)  කල්පිටිය පොලිස් බල ප්‍රදේශයට අයත් හාලතුඩාව මංසන්ධියේ දී මෝටර් රථයකින් ප්‍රවාහනය කරමින් තිබූ රත්තරන් කිලෝ 10 ක් එක් සැකකරුවකු සමඟ පුත්තලම පොලිස් විශේෂ කාර්ය බළකායේ මෙහෙයුම් ඒකකය විසින් අද (8) අත්අඩංගුවට ගනු ලැබීය.    මෙම රත්තරන් කන්දකුලිය වෙරළ තීරය ඉන්දියාවට ප්‍රවාහනය කිරිමට සුදානම් කර තිබූ බව සැකකරුගෙන් කළ ප්‍රශ්න කිරිම් වලදී අනාවරණය වී තිබේ.  රන් කිලෝ 10 සහ සැකකරු රේගු දෙපාර්තුමේන්තුවේ කටුනායක උප කාර්‍යාලයට හාරදීමට නියමිතව ඇත.  කල්පිටිය කන්ද කුලිය පදිංචි 35 හැවිරිදි සැකකරු මෙම රන් තොගය ඉන්ද්යාවට යැවීම පිණිස වෙනත් අයෙකුට හාර දීමට රැගෙන ආ ඒවා බැව් ප්‍රශ්න කිරීමේ දී අණාවරණය වී ඇත.    (ඡායාරූප -හිරාන් ප්‍රියංකර ජයසිංහ),True,True,True,1,TRUE
newsfirst.lk,news website,11/4/2020 0:00,"COLOMBO (News1st) : තවත් කොරෝනා ආසාදිතයින් 274 ක් හඳුනා ගත් බව රජයේ ප්‍රවෘත්ති දෙපාර්තමේන්තුව පවසයි. ඉන් 267 දෙනෙකු පෑලියගොඩ පොකුරේ ආශ්‍රිතයින් අතරින් හඳුනා ගෙන ඇති අතර ඉතිරි 7 දෙනා හඳුනා ගෙන ඇත්තේ, නිරෝධායන මධ්‍යස්ථාන ආශ්‍රිතවයි. ඒ අනුව මෙරට සමස්ත කොරෝනා ආසාදිතයින් සංඛ්‍යාව 12,018ක් බව අතර මේ වනවිට සුවය ලබා ඇති රෝගීන් සංඛ්‍යාව 5,858කි.",True,True,True,1,TRUE
deshaya.lk,news website,9/23/2025 0:00,මාතලේ ප්‍රදේශයේ ආරක්ෂක හේතූන් මත හෙට දිනයේ පැය 12ක් සඳහා ජංගම අන්තර්ජාල සේවාව සම්පූර්ණයෙන් අත්හිටුවනු ලබන බව විදුරුම්පුවර නියාමන කොමිසම දැනුම් දෙයි.,False,False,False,0,FALSE
gosip.hirufm.lk,news website,6/7/2021 0:00,"ප්‍රසිද්ධ සමාගමක යෝගට් වර්ගයක් අනුභව කිරීමෙන් රත්නපුර ප්‍රදේශයේ පවුලක සාමාජිකයින් 5දෙනෙකු විෂ වීමට ලක්ව රෝහල් ගත කර ඇති බව රත්නපුර මූලික රෝහල් ආරංචි මාර්ග පවසයි. එම නිෂ්පාදනයේ සාම්පල පරීක්ෂණය සඳහා රසායනාගාරයට යොමු කර ඇති බවත්, ප්‍රතිඵල ලැබෙන තෙක් එම නිෂ්පාදනය මිලදී නොගන්නා ලෙසත් සෞඛ්‍ය අංශ ජනතාවගෙන් ඉල්ලා සිටී.",False,False,False,0,FALSE
gosip-lankanews.com,news website,7/8/2025 0:00,නුවරඑළිය ප්‍රදේශයේදී පාසල් සිසුන් 3දෙනෙකු පැහැරගැනීමට තැත් කළ සැකකරුවන් දෙදෙනෙකු නුවරඑළිය පොලීසිය විසින් අත්අඩංගුවට ගෙන ඇත. සුදු පැහැති වෑන් රථයක් තුළින් පැමිණි මොවුන් දරුවන් රැගෙන යාමට උත්සාහ කර ඇති බව දෙමාපියන් පොලීසියට කළ පැමිණිල්ලක සඳහන් වේ. සැකකරුවන් රිමාන්ඩ් අත්තිකාරම් බන්ධනාගාරගත කර ඇති බව පොලීසිය සඳහන් කළේය.,False,False,False,0,FALSE
gossiplankanews.com,news website,11/3/2020 0:00,ඇඳිරි නීතිය පනවා ඇති ප්‍රදේශවල අත්‍යාවශය සේවා කටයුතු සිදුකරගෙන යාම සඳහා අවසරය ලබාදී ඇති රාජ්‍ය / අර්ධ රාජ්‍ය ආයතන හෝ ව්‍යවස්ථාපිත මණ්ඩලයක හෝ සංස්ථාවක් ඇතුළු ආයතන සංඛ්‍යාව 107ක් දක්වා ඉහළ දමා ඇති බවට පොලිස් මුලස්ථානය නිවේදනයක් නිකුත් කරමින් ප්‍රකාශ කර සිටියි.,True,True,True,1,TRUE
lankacnews.com,,11/2/2020 0:00,"මෙරටට බලපා ඇති කොරා්නා වසංගතය දුරුවේවායි ඇයි ප‍්‍රාර්ථනා කරමින් සිරි සදහම් ආශ්‍රමය විසින් රට පුරා ගුවනින් පිරිත් පැන් ඉසීමේ කර්තව්‍යයක් සිදු කර තිබේ. එම විහාරාධිපති සිරි සමන්තභද්‍ර හිමියන් විසින් පෞද්ගලික හෙලිකොප්ටර යානාවක නැගී මෙම කටයුත්ත සිදු කර ඇත. ඒ සම්බන්ධයෙන් සිරි සදහම් ආශ්‍රමය විසින් සමාජ ජාල ගිණුමේ තබා ඇති සටහන මෙසේය. අධ්‍යාත්මීය සත්‍යක්‍රියාවේ මහා පෙළහැර ශ්‍රී ලංකීය ඉතිහාසයේ ප්‍රථම වතාවට මෙරට සිව්කොණ හා රට හරි මැදට, ධර්මය ප්‍රත්‍යක්ෂ කළ, ධර්මයේ සදහන් පරිදිම “අට්ට පුරිස පුග්ගලා” මග ඵල ලාභී සහ මග ඵල ලබන මාර්ගයට පිළිපන්න අට මහා පිරිසෙන් සමන්විත සිරි සමන්තභද්‍ර අරහත් මහා ස්වාමීන්වහන්සේ ප්‍රමුඛ උමන්දාවාසි මහා සංඝයා වහන්සේ විසින්, මහානුභාව සම්පන්න රතන සූත්‍ර දේශනාව පෙරයම, මැදියම හා අළුයම යන තුන් යාමය මුළුල්ලේ පිරිත් කළ පිරිත් පැන්, වා තලය හරහා හෙළ ධරණි තලය සිපගැනීමේ ඒ අසිරිමත් කර්තව්‍යය මෙසේ සනිටුහන් කළ වගයි… රටේ පවතින වත්මන් වසන්ගතකාරී තත්වය තුළ සංචරණ සීමා, නිරෝධායන ඇදිරිනීති තත්වයන් තුළ පිංකම් ආදිය සිදු කිරීම පහසු කටයුක්තක් නොවන බව සැවොම දන්නා කාරණයකි. එයිනුත් මහා පුණ්‍ය කටයුත්තක් සිදු කොට එහි අවසාන පියවර ගුවනේ සිට සිදු කිරීම කොතරම් අසීරු වනවාද යන්න ඔබට සිතා ගත හැක. ඔබ පුදුමයට පත් වන්නේ මෙම අසීරු කාර්යය දින දෙකක් ඇතුලත සිදු කළ බව ඇසූ විටය. සැබවින්ම එය සත්‍යකි. දින දෙකක් ඇතුළත රත්මලාන ගුවන් තොටුපලේ සිට පෞද්ගලික හෙලිකොප්ටර් යානයක් උමංදාව වෙත පැමිණ පිරිත් පැන් අතැතිව සිරි සමන්තභද්‍ර ස්වාමින්වහන්සේ ඇතුළු පිරිස ප්‍රථමයෙන් ලංකාවේ මධ්‍ය ලක්ෂය වන මාතලේ නාලන්දා ගෙඩිගේ වෙතත් ඉන් අනතුරුව ලංකාවේ උතුරින් පේදුරුතුඩුව වෙතත්, දකුණින් දෙව්න්දර තුඩුව වෙතත්, නැගෙනහිරින් සංගමන්කන්ද තුඩුව වෙතත්, බටහිරින් තලෙයිමන්නාරම වෙතටත් ගමන් ඇරඹීමට සියලු කටයුතු සුදානම් විය. එක් වරුවකින් ඉතා අලංකාර ලෙස ඉදිකළ පිරිත් මණ්ඩපය ද පුදුම විය යුතු කාරණයකි. එසේ දින දෙකක් තුළ සියලු කටයුතු සුදානම් කිරීම උමංදාව මහා විහාරයේ සිව්වනක් පිරිස ගැන හා සිරි සමන්තභද්‍ර මහා ස්වාමින්වහන්සේ ගැන දන්නා අයට නම් එය පුදුම වියයුතු කාරණයක් නොවේ. මන්දයත් අත්හැර දමා තිබූ වල් වැදුණු භූමියක් වසර හතරක් ඇතුලත ඉතා මනස්කාන්ත සුරම්‍ය භූමියක් බවට පත්ව ඇත්තේ ද උක්ත දෙපිරිස නිසාවෙනි. මේ කටයුත්ත සදහා උර දෙමින් චමින්ද සිරිසේන, අජිත් ද සොයිසා සහ මලික් දයාශාන් යන මහත්වරුන් ඇතුලු පිරිස උන්වහන්සේ පිටුපස විය. කවදත් උමංදාව පිළිබඳව මෙවැනි ඇස් අදහා ගත නොහැකි දෑ සමාජ ගත කළ හරේන්ද්‍ර ජයලාල් මහතාද මෙම අසිරිමත් පුණ්‍ය කටයුත්ත පුරාවට උන්වහන්සේ සමග විය. මෙලෙස පූර්ව කටයුතු සුදානම්ව තුන්යම මුළුල්ලේම සොළසයක් වූ උමංදාව මහා සංඝයා වහන්සේලා රතන සූත්‍ර දේශනය පවත්වන ලදී. පසු දා පහන්ව උමන්දාවෙන් නික්මුණු හෙලිකොප්ටර් යානය ලක්දිව මධ්‍ය ලක්ෂය හා සිව්කොන වෙත ගමන් අරඹා ගුවනේ සිට සිරි සමන්තභද්‍ර මහා මුනිවරයාණන් වහන්සේ විසින් පිරිත් පැන් ඉසින ලදී. මෙය සම්ප්‍රදායික පිරිත් දේශයක් නොවන අතර මග ඵල ලැබූ උතුමන් විසින් සිදු කරන ලද සමාජ මෙහෙවරකි. රතන සූත්‍රයේ සදහන් පරිදි ගැටළු හමුවේ නොසැලී සිටීමේ චිත්ත ශක්තිය අවධි කරලීමෙන් පවතින වසංගත තත්වය දුරුව රටට සෞභාග්‍ය උදා වේ යන අදිටන පෙරදැරිව ඔබ සැම පිං අනුමෝදම් විය යුතුය. – Siri Sadaham Ashramaya",False,False,False,0,FALSE
divaina.lk,news website,9/23/2020 0:00,"පුත්තලම - නලින් හෙන්දුරුගොඩ, මහවැව -අමරනන්ද විජේසේකර, හලාවත අධිකරණ - ඒ.යූ. ගූණපාල ආනවිළුන්දාව රැුම්සා අභය භූමිය තුළ ඉස්සන් පොකුණක් සකස් කිරීම සඳහා එහි ඉඩම් කොටසක් ඩෝසර් කිරීමේ සිද්ධියට සම්බන්ධ බව කියන ආරච්චිකට්ටුව ප‍්‍රාදේශීය සභාවේ හිටපු සභාපති ජගත් සමන්ත පෙරේරා මහතා ඊයේ (22 වැනිදා* දහවල් හලාවත දිසා අධිකරණයට නීතිඥයින් මගින් භාර වීමෙන් පසු මෙම මස 24 වැනිදා දක්වා රක්ෂිත බන්ධනාගාරගත කිරීමට හලාවත දිසා විනිසුරු බී.ඒ.ඒ.අයි. බුද්ධදාස මහතා නියෝග කළේය. වනජීවී දෙපාර්තමේන්තුවේ පුත්තලම සහකාර අධ්‍යක්ෂවරයා විසින් ආරච්චිකට්ටුව පොලිසියට කර තිබූ පැමිණිල්ලක් මත ආරච්චිකට්ටුව - ආනවිළුන්දාවේ පිහිටි රැුම්සා අභය භූමියට අනවසරයෙන් ඇතුළු වී ඉස්සන් ව්‍යාපාරයක් සඳහා භූමිය සකස් කළ බව කියන පුද්ගලයින් දෙදෙනකු ආරච්චිකට්ටුව පොලිසිය විසින් පසුගිය මස 27 වැනිදා අත්අඩංගුවට ගන්නා ලදී. එම සැකකරුවන් ලබාදුන් ප‍්‍රකාශ මත ජගත් සමන්ත මහතා ඒ ස`දහා අනුබල ලබා දී ඇති බවට චෝදනා එල්ල විය. ආනවිළුන්දාව රැුම්සා තෙත් බිමට අයත් පිංකට්ටිය කාසන්තිව් ප‍්‍රදේශයේ බිම ඉස්සන් ටැංකි සැකසීම සඳහා පසුගිය අගෝස්තු 25 වැනිදා රාත‍්‍රියේ ඩෝසර් යන්ත‍්‍ර යොදා ගනිමින් ඩෝසර් කිරීම සිදුකර ඇති බව ස`දහන් වේ. සිද්ධියට අදාළව ආරච්චිකට්ටුව පොලිසිය ඉකුත් අගෝස්තු 28 වැනිදා ඩෝසර් කිරීමට යොදා ගත් ඩෝසරය හා එහි ක‍්‍රියාකරු වන නිශාන්ත ප‍්‍රනාන්දු අත්අඩංගුවට ගැනීමට කටයුතු කර තිබුණි. ඩෝසර් ක‍්‍රියාකරුගෙන් ප‍්‍රශ්න කිරිමේදී හෙළි වී ඇත්තේ අදාළ ඉස්සන් ටැංකි සැකසීම සඳහා පිංකට්ටිය ප‍්‍රදේශයේ ව්‍යාපාරිකයකු වන සුජීව නිශාන්ත කුමාර නමැත්තා තමන්ට ඩෝසර් කිරීමට කොන්ත‍්‍රාත්තුව ලබා දුන් බවයි. මෙසේ ව්‍යාපාරිකයාගෙන් සිදු කළ ප‍්‍රශ්න කිරීම්වලදී හෙළිව ඇත්තේ තමන්ට හිටපු සභාපති ජගත් සමන්ත මහතා මෙම ඉස්සන් ටැංකි සැකසීමට ආධාර අනුබල දුන් බවයි. එම සිද්ධියෙන් පසු අදාළ ප‍්‍රාදේශීය සභා මන්ත‍්‍රීවරයා අත්අඩංගුවට ගැනීමට පොලිසිය අවස්ථා කීපයකදී නිවසට ගොස් තිබූ අතර සැකකරු ප‍්‍රදේශයෙන් පලා ගොස් තිබුණි. කෙසේ නමුත් ඊයේ 22 වෙනත් නඩුවක් සඳහා හලාවත අධිකරණයට ඉදිරිපත්ව සිටියදී සැකකාර හිටපු සභාපතිවරයා නීතිඥයකු මාර්ගයෙන් අධිකරණයට භාරවීමෙන් අනතුරුව, හලාවත මහෙස්ත‍්‍රාත් අනුර ඉන්ද්‍රජිත් බුද්ධදාස මහතා මෙම මස 24 දින දක්වා සැකකරු රක්ෂිත බන්ධනාගාරගත කරන ලෙස නියෝග කළේය. මෙම සිද්ධිය සම්බන්ධයෙන් සියලූ සාක්ෂි සම්පිණ්ඩනය කර වාර්තාවක් අධිකරණයට ඉදිරිපත් කරන ලෙසත්, තවත් සැකකරුවන් සිටින්නේ නම් ඔවුන්ද අත්අඩංගුවට ගෙන අධිකරණයට ඉදිරිපත් කරන ලෙසත් දිසා විනිසුරුවරයා පොලිසියට නියෝග කළේය. රක්ෂිත බන්ධනාගාරගත කළ ජගත් සමන්ත පෙරේරාගෙන් බන්ධනාගාර නිලධාරීන්ගේ අධීක්ෂණය යටතේ ප‍්‍රකාශයක් ලබා ගන්නා ලෙසද දිසා විනිසුරුවරයා ආරච්චිකට්ටුව පොලිසියට නියෝග කළේය.",True,True,True,1,TRUE
dinamina.lk,news website,5/11/2024 0:00,ජල සම්පාදන මණ්ඩලය මගින් නිවාස සඳහා අය කරන ජල ගාස්තුව 29%කින් ඉහළ දැමීමට තීරණය කර ඇති බව මණ්ඩලයේ ජ්‍යෙෂ්ඨ ඉංජිනේරුවෙක් සඳහන් කළේය.,False,False,False,0,FALSE
asianmirror.lk,news website,10/30/2020 0:00,"විදෙස් ගතව සිට මෙරටට පැමිණ නිරෝධායනය වෙන හිටපු අගමැති රත්නසිරි වික්‍රමනායක මහතාගේ දියණිය වෛද්‍ය තුෂර වික්‍රමනායක මහත්මිය නිරෝධායනය වන හෝටලයේදී ඇයට සිදුවූ අසාධාරණයක් ගැන ෆේස්බුක් ගිණුමේ වීඩියෝවක් පල කරමින් සිය අදහස් පල කර තිබේ.  ඇය එහිදී දැඩිව ප්‍රකාශ කරන්නේ විදේශ රටක සිට මෙරටට පැමිණි තමාට නීරෝධායනය අවසන් කොට හෝටලෙන් පිටවීමට නියමිතව තිබුණද කිසිදු රෝග ලක්ෂණයක් හෝ නොමැති තමාට හෝටලයෙන් පිටව යා නොදී තබා ගෙන සිටින බවත්ය.  එසේ හෝටලයෙන් පිටව ගියහොත් තමාව අත්අඩංගුවට ගන්නා බවට නිරෝධායන මධ්‍යස්ථානයේ භාර හමුදා නිලධාරියා ප්‍රකාශ කළ බව ඇය සඳහන් කළාය.  මේ අතර තමාට හෝටලය තුළදී කළ පීසීආර් පරීක්ෂාවේද වාර්තා නොදුන් බවත් එම පරීක්ෂාවට ගත් සාම්පල සොයා ගත නොහැකිව සිටින බවට තමාට දැන්වූ බවත් පෙන්වා දෙන තුෂර වික්‍රමනායක මහත්මිය පෞද්ගලිකව PCR පරීක්ෂාව කරගන්නා ලෙසට තමන්ට දැන්වූ බවත් එසේ නොවුණ හොත් හෝටලයෙන් පිටවිය නොහැකි බවට පැවසූ බවත්ය.  නමුත් තමන්ට පුද්ගලිකව PCR පරීක්ෂාව සිදු කිරීමට මුදල් නොමැති බැවින් එය රජයෙන් සිදු කරන ලෙස දන්වා සිටි බවත් අලුත් නීති අනුව පළමු පෙල ආශ්‍රිතයන් පවා නිවෙස්වල නීරෝධායනය කරන නිසා, නැවත සාම්පල ලබාගෙන තමාව පිටත් කරන ලෙස තමන් ඉල්ලා සිටින බවත් ඇය ප්‍රකාශ කළේය.  එවිට ඔවුන් ප්‍රකාශ කර ඇත්තේ සතියකට පෙර ගත්තු සාම්පල් වල පවා ප්‍රතිඵල නොලැබී ඇති බැවින් එසේ කළ නොහැකි බවයි. මෙය බලහත් කාරී මර්දනයක් නොවේද? කෝවිඩ් අරමුදලට මොකද වුණේ? රජයේ නොසැලකිලි කමට අවනත නොවන මාව අත් අඩංගුවට ගත හැකිද? යන්න වෛද්‍ය තුෂර වික්‍රමනායක මහත්මිය පෙන්වා දෙයි.  ඇය මේවන විට මීගමුවෙ ජෙට්වින් බ්ලූ හෝටලයේ නිරෝධායනයට යොමු කර ඇත. මේ අතර හෝටලය සඳහා පමණක් ඇය රුපියල් 175,000ක මුදලක් ගෙවා ඇති බවත් තවදුරටත් තමන්ට මුදල් ගෙවා පරීක්ෂණ සිදු කරගත නොහැකි බවත් ඇය පෙන්වා දුන්නාය.  වෛද්‍ය තුෂර වික්‍රමනායක මහත්මිය නිරෝධායනය වෙමින් සිටින අතරතුර සිදුකළ සම්පූර්ණ වීඩියෝව පහතින්,",True,False,True,1,TRUE
lankaenews.lk,news website,3/15/2020 0:00,කොවිඩ් 19 (නව කොරෝනා) ව්‍යාප්තිය පාලනය කිරීම සඳහා එළැඹෙන සඳුදා දිනය රජයේ බැංකු හා පෞද්ගලික නිවාඩු දිනයක් බවට ප්‍රකාශයට පත්කිරීමට රජය තීරණය කර තිබෙනවා .,True,True,True,1,TRUE
asianmirror.lk,news website,9/29/2023 0:00,මහරගම ප්‍රදේශයේ පදිංචි වයස අවුරුදු 51ක් වයසැති තරංගා ගුණසේකර පසුගිය දින කිහිපයක සිට අතුරුදහන් වී ඇති බව මහරගම පොලීසිය සඳහන් කරයි. ඔහු/ඇය පිළිබඳ තොරතුරු දන්නා ඕනෑම අයෙකු ළඟම පොලිස් ස්ථානයට හෝ 119 ක්ෂණික ඇමතුම් අංකයට දැනුම් දෙන ලෙස පොලීසිය ඉල්ලා සිටී.,False,False,False,0,FALSE
telegram,social media,4/12/2024 0:00,මෙවර විශ්වවිද්‍යාල ප්‍රවේශය සඳහා තොරතුරු තාක්ෂණ පීඨයේ කප්පාදු ලකුණු 1.7098 දක්වා ඉහළ ගොස් ඇති බව විශ්වවිද්‍යාල ප්‍රතිපාදන කොමිෂන් සභාවේ අභ්‍යන්තර ලේඛනයක සඳහන් වන බව වාර්තා වේ. නිල ප්‍රතිඵල නිකුත් කිරීමට පෙර මෙම තොරතුරු එළිදැක්වීම විමර්ශනය කරන බව කොමිෂන් සභාව සඳහන් කළේය.,False,False,False,0,FALSE
roar.media,news website,4/30/2020 0:00,"සෞඛ්‍ය අමාත්‍යාංශය විසින් තෝරාගත් රෝහල්වල කඩිනමින් දැඩි සත්කාර ඒකක සංවර්ධනය සඳහා රු. මිලියන 200ක් ලබාදීමට ඩයලොග් ආසියාටා සමාගම එකඟ වී තිබෙනවා. අත්‍යවශ්‍ය සෞඛ්‍ය සේවා සැපයීමටත්, දැඩි සත්කාර ප්‍රතිකාර ලබා දීමටත් අවස්ථාව උදා කර දෙමින් මෙරට සෞඛ්‍ය පද්ධතිය වැඩි දියුණු කිරීම උදෙසා මෙම මුදල යෙදවෙනවා.
මේ දිනවල රටපුරා වර්ධනය වෙමින් පවතින කොවිඩ්-19 තත්වය හේතුවෙන් රෝහල්වල දැඩි සත්කාර ඒකකවල පවතින පහසුකම් තවදුරටත් පුළුල් කිරීම කාලීන අවශ්‍යතාවයක්ව තිබෙනවා. ‍වැඩිවන රෝගීන් සංඛ්‍යාවන්ට සාපේක්ෂව ප්‍රතිකාර ධාරිතාවන් වැඩි කිරීම අනාගතය වෙනුවෙන් සූදානම් වීමක්.
ඊට සහාය වෙමින් ඩයලොග් ආසියාටා සමාගම රෝහල්වල දැඩි සත්කාර ඒකක වැඩිදියුණු කිරීමට, නවීන වෛද්‍ය උපකරණ ලබාගැනීමට දායකත්වය සපයනු ලබනවා. එමඟින් කොවිඩ්-19 ආසාදිතයින් පමණක් නොව රෝහල් ගතවන සියලුම පුද්ගලයිට අවශ්‍ය දැඩි සත්කාර පහසුකම් වැඩි දියුණු කිරීම සිදු වෙනවා.
මේ පරිත්‍යාගය පිළිබඳව අදහස් දක්වමින් සෞඛ්‍ය හා දේශීය වෛද්‍ය සේවා ඇමතිණී පවිත්‍රා වන්නිආරච්චි පැවසුවේ මෙම ජාතික සත්කාරය සඳහා අති දැවැන්ත මුදලක් ලබාදීමට එකඟ වූ ඩයලොග් ආසියාටා සමාගම වෙනුවෙන් තම ස්තුතිය පුද කරන බව යි.
එසේම, සෞඛ්‍ය සේවා අධ්‍යක්ෂ ජනරාල්, විශේෂඥ වෛද්‍ය අනිල් ජාසිංහ පවසන්නේ සෞඛ්‍ය අමාත්‍යාංශයට ලැබුණු මෙම පරිත්‍යාගය සුවිශේෂී වැදගත්කමකින් යුතු එකක් බව යි.
ඔහු වැඩිදුරටත් පැවසුවේ දැඩි සත්කාර ඒකකවලට මධ්‍යකාලීන සහ දීර්ඝකාලීන වශයෙන් සංවර්ධනය කිරීමට මෙම පරිත්‍යාගය මහත් පිටිවහලක් වන බවත්, සෞඛ්‍ය ක්ෂේත්‍රයේ අභිවෘද්ධිය වෙනුවෙන් ඩයලොග් ආසියාටා සමාගම සිදුකළ මේ සත්කාරයට සෞඛ්‍ය අමාත්‍යවරිය, ලේකම්වරිය, සහ කාර්යමණ්ඩලය ඇතුළු අමාත්‍යාංශයේ සියලුම දෙනා වෙනුවෙන් තම කෘතඥතාවය පළ කරන බවත් ය.
ඩයලොග් ආසියාටාහි සමූහ ප්‍රධාන විධායක නිලධාරී සුපුන් වීරසිංහ මහතා මෙසේ අදහස් දැක්වූවා: “මේ වන විට ශ්‍රී ලංකා රජය කොවිඩ්-19 ගෝලීය වසංගතය මෙරටින් තුරන් කිරීම සඳහා විශාල වැඩ පිළිවෙලක් ක්‍රියාත්මක කර තිබෙනවා. මේ වැඩපිළිවෙලට සහාය දැක්වීමේ අරමුණින් ඩයලොග් ආසියාටා සමාගම අද දින සෞඛ්‍ය අමාත්‍යංශය සමඟ මිලියන 200 ක දැවැන්ත ගිවිසුමකට එළඹ තිබෙනවා. මෙවන් අවිනිශ්චිත තත්ත්වයක දී අපට ශක්තියක් වෙමින් නිබඳව රැඳී සිටින අපගේ සියලුම පාරිභෝගිකයන්ට අපේ ස්තුතිය පුදකර සිටීමට මෙය අවස්ථාවක් කරගන්නවා.”
තවදුරටත් අදහස් දක්වමින් සුපුන් වීරසිංහ මහතා සමස්ත ශ්‍රී ලංකාවම සුරක්ෂිත කිරීම වෙනුවෙන් සුවිශාල කාර්යභාරයක් ඉටු කරමින් සිටින රජයටත්, මේ වෙනුවෙන් දිවා රෑ වෙහෙසෙමින් කටයුතු කරන ත්‍රිවිධ හමුදාවේ සහ ශ්‍රී ලංකා පොලීසියේ සියලු නිලධාරීන්ටත්, සෞඛ්‍ය හා අනෙකුත් සියලු අත්‍යවශ්‍ය සේවා කාර්යමණ්ඩලවලටත්, ගරු අමාත්‍යතුමිය, ලේකම්තුමිය, සෞඛ්‍ය සේවා අධ්‍යක්ෂ ජනරාල් තුමා ඇතුළු කාර්යමණ්ඩලයටත් තම ආයතනයේ ගෞරවනීය ස්තුතිය පුදකර සිටියා.
කොවිඩ්-19 ගැන සජීවීව තොරතුරු දැනගන්න අපගේ සජීවී බ්ලොග් පිටුව වෙත පිවිසෙන්න. අපේ @RoarSinhala ට්විටර් ගිණුම Follow කරන්න.",True,True,True,1,TRUE
hirunews.lk,news website,10/31/2020 0:00,"කොරෝනා ආසාදනය වී සිටි තවත් පුද්ගලයින් 117 දෙනෙකු අද දිනයේ සුවය ලබා රෝහල්වලින් පිටව ගොස් තිබෙනවා. ඒ අනුව මෙරට සමස්ත සුවය ලැබූ කොරෝනා ආසාදිතයින්ගේ සංඛ්‍යාව 4,399 දක්වා ඉහළ යනු ඇති. තවදුරටත් පුද්ගලයින් 6005 දෙනෙකු වෛද්‍ය අධීක්ෂණය යටතේ රෝහල්ගතව ප්‍රතිකාර ලබනවා. අයිඩීඑච් රෝහලට අද උදෑසන 10 වනවිට කොරෝනා ආසාදනය වී ඇති බවට සැක සහිත රෝගීන් 16 දෙනෙකු ඇතුළත් කර ඇති අතර, දැනට එම රෝහලේ 1,184 දෙනෙකු ප්‍රතිකාර ලබන බවයි වසංගත රෝග විද්‍යා අංශය සඳහන් කළේ. දැනට මෙරටින් වාර්තාවන සමස්ත කොරෝනා ආසාදිතයින්ගේ සංඛ්‍යාව 10,424 ක්.",False,False,False,0,FALSE
ravaya.lk,news website,7/10/2020 0:00,"පොලිස් මත්ද්‍රව්‍ය කාර්යාංශයේ හිටපු පොලිස් පරික්ෂක නියෝමාල් රංගජීව මව්බිම පුවත්පතේ මාධ්‍යවේදී අකිල රන්දුන් ජයවර්ධනගේ කමිසයෙන් ඇදගෙන ගොස් ඔහුගේ කැමරාවේ චීපයද ගලවාගෙන තිබේ. හිටපු පොලිස් පරික්ෂක නියෝමාල් රංගජීව, අකිල ජයවර්ධනගේ කමිසයෙන් ඇදගෙන ගොස් තිබෙන්නේ කොළඹ අලුත්කඬේ මහාධිකරණ සංකීර්ණයේ අංක 05 අධිකරණ ශාලාව අසලදීය.අකිල ජයවර්ධන කියන විදියට ඔහු අධිකරණයට පැමිණ ඇත්තේ මව්බිම පුවත්පතේ සභාපති ටිරාන් අලස් අධිකරණ කටයුත්තකට පැමිණි අවස්ථාව වාර්තා කිරීමටය. එසේ සිටියදී ඔහු හිටපු පොලිස් පරික්ෂකවරයා අධිකරණ සංකීර්ණයට පැමිණෙනු දැක ඇති අතර ඔහු එය ඡායාරූපගත කර ඇත්තේ ඒ අවස්ථාවේදීය.නියෝමාල් රංගජීව අධිකරණයට පැමිණ ඇත්තේ වැලිකඩ බන්ධනාගාරයේ රැඳවියන් 27 ක් ඝාතනය සම්බන්ධ නඩුවටය. ඔහු එහි විත්තිකරුවෙකි. වැලිකඩ බන්ධනාගාරයේ රැඳවියන් මරා දැමීමේ සිද්ධිය මුළු රටම කම්පාවට පත්කළ සිදුවීමකි. එවන් නඩුවක විත්තිකරුවකු අධිකරණයට පැමිණෙන විට මාධ්‍යවේදියෙකු ඡායාරූප ගැනීම වරදක් ද ?අනෙක, දැඩි ආරක්ෂිත කලාපයක් වන කොළඹ අලුත්කඬේ අධිකරණ සංකීර්ණයට කැමරාවක්ද රැගෙන නිදහසේ මාධ්‍යවේදියකු නොවන අයෙකුට ඇතුල්වීමේ හැකියාවක් ද නැත.මෙවැනි වාතාවරණයක අකිල තම අනන්‍යතාව පැහැදිලි කරත්දීත් ‘‘අඩෝ උඹ කව්ද මගේ ෆොටෝ ගන්න යැයි’’ තර්ජනය කර දෙනෝදාහක් ඉදිරියේ ඇදගෙන ගොස් ඇත්තේ අධිකරණ සංකීර්ණයේ තිබෙන පොලිස් මුරපොළටය. රංගජීව එහිදීද මාධ්‍යවේදියාට තර්ජනය කර තිබේ.මාධ්‍යවේදීන්ට තර්ජනය කරමින් රංගජීවලා මේ රඟන්නට සුදානම් වන්නේ ඔවුන්ගේ පැරණි ක‍්‍රියාදාමයද යන්න දැන් අපට අසන්නට සිදුවේ.",True,True,True,1,TRUE
newshub.lk,news website,5/26/2025 0:00,ත්‍රිකුණාමලය වෙරළබඩ ප්‍රදේශයට මුහුදු ජල මට්ටම හදිසියේ ඉහළ යාමක් නිකුත් කර ඇති බව කාලගුණ විද්‍යා දෙපාර්තමේන්තුව සඳහන් කරයි. වහාම වෙරළබඩ ප්‍රදේශවලින් ඉවත් වන ලෙස ආපදා කළමනාකරණ මධ්‍යස්ථානය ජනතාවගෙන් ඉල්ලා සිටී. අවශ්‍ය නම් ආරක්ෂිත මධ්‍යස්ථානවලට ගමන් කරන ලෙසද දැනුම් දී ඇත.,False,False,False,0,FALSE
dinamina.lk,news website,10/31/2020 0:00,"කොවිඩ් 19 වසංගතය හේතුවෙන් නිවාසවලම ස්වයං නිරෝධායනය වන පවුල් සඳහා රුපියල් 10,000ක් වටිනා බඩු මල්ලක් ඔවුන්ගේ නිවාස වෙතම නොමිලේ පිරිනැමීමේ වැඩපිළිවෙළක් රජය විසින් ක්‍රියාවට නංවා තිබේ.    ආර්ථික පුනර්ජීවනය සහ දරිද්‍රතාව තුරන් කිරීම සඳහා වන ජනාධිපති කාර්ය සාධක බළකායේ සභාපති බැසිල් රාජපක්ෂ මහතාගේ ප්‍රධානත්වයෙන් අරලියගහ මන්දිරයේදී පසුගියදා පැවති සාකච්ඡාවේදී එළැඹි තීරණයකට අනුව බෙදාහැරීමට නියමිත මෙම බඩු මල්ල යුද හමුදාවේ සහාය ඇතිව නිවාස වෙත යැවීමට නියමිත ය.    නිරෝධායන ඇඳිරි නීතිය හේතුවෙන් අපහසුතාවන්ට මුහුණ පා සිටින ජනතාවගේ සුබසිද්ධිය උදෙසා මෙම ක්‍රියාමාර්ග ගෙන තිබේ.",False,True,True,1,TRUE
trendlanka.info,news website,2/3/2026 0:00,"රුපියල් මිලියන 205කට අධික වටිනාකමකින් යුත් හෙරොයින් තොගයක් සමග පුද්ගලයින් 7දෙනෙකු වැලිගම පොලීසිය විසින් අත්අඩංගුවට ගෙන ඇත. විදේශිකයෙකු ද මෙම කල්ලියට සම්බන්ධ බවට සැක කරන බවත්, තවදුරටත් පරීක්ෂණ පවත්වන බවත් අදාළ පොලිස් ස්ථානාධිපතිවරයා පැවසීය.",False,False,False,0,FALSE
aruna.lk,news website,10/30/2020 0:00,"මිරිහාන පොලිස් බල ප්‍රදේශයේ වැල්සිරිපුර, රාහුලපුර සහ ප්‍රගතිපුර යන ප්‍රදේශ වහාම ක්‍රියාත්මක වන පරිදි යළි දැනුම්දෙන තුරු හුදකලා ප්‍රදේශ ලෙස ප්‍රකාශයට පත් කර තිබේ.ඒ කොවිඩ් ආසාධිතයන් 14 දෙනෙකු හඳුනාගැනීමත් සමගයි.කොවිඩ්-19 වෛරස පැතිරීම වැළැක්වීමේ ජාතික ක්‍රියාන්විත මධ්‍යස්ථානය නිවේදනය කර සිටියේ එම ආසාදිතයින්ගේ ආශ්‍රිතයින් සෙවීමේ කටයුතු ද සිදුකෙරෙන බවයි.",True,True,True,1,TRUE
whatsapp,social media,9/14/2025 0:00,"හෙට දිනයේ සිට පෙට්‍රල් මිල රුපියල් 17කින් ඉහළ දැමීමට රජය තීරණය කර ඇති බව අදාළ අමාත්‍යාංශයේ ජ්‍යෙෂ්ඨ නිලධාරියෙක් සඳහන් කළේය. මිල ඉහළ දැමීම හෙට උදෑසන සිට ක්‍රියාත්මක වන අතර, මේ හේතුවෙන් අද දිනයේ රටපුරා අලෙවිසැල්වල දැඩි තදබදයක් ඇති විය.",False,False,False,0,FALSE
hirunews.lk,news website,11/3/2020 0:00,"වැලිසර ආර්ථික මධ්‍යස්ථානය තොග වෙළඳාමට පමණක් ලබන සඳුදා (09) සිට යළි විවෘත කිරීමට තීරණය කර තිබෙනවා.පොලිසියේ ද සහය ඇතිව ආර්ථික මධ්‍යස්ථානය මුළුමනින්ම විෂබීජහරණය කිරීමෙන් අනතුරුව එය යළි විවෘත කරන බවයි කෘෂිකර්ම අමාත්‍යංශය නිවේදන කළේ.වැලිසර ආර්ථික මධ්‍යස්ථාන කෘෂිකර්ම අමාත්‍යවරයාගේ නිරීක්ෂණයට අද (03) ලක් වුණා.එහිදී තීරණය කෙරුනේ සෞඛ්‍ය වෛද්‍ය නිලධාරිවරයා ඇතුළු සෞඛ්‍ය අංශවල පූර්ණ අධීක්ෂණය යටතේ ආර්ථික මධ්‍යස්ථානය තොග වෙළඳාමට විවෘත කර ජනතාවට අවශ්‍ය අත්‍යවශ්‍ය ආහාර ද්‍රව්‍ය බෙදා හැරීමේ කටයුතු සිදුකිරීමටයි.මේ අතර නාරාහෙන්පිට, රත්මලාන සහ බෝකුන්දර ආර්ථික මධ්‍යස්ථාන හෙට (04) සිට තොග වෙළඳාමට විවෘත කිරීමට ඊයේ (02) තීරණය කෙරුණා.",True,True,True,1,TRUE
bbc.com/sinhala,news website,11/29/2019 0:00,"ජනාධිපති ගෝඨාභය රාජපක්ෂ සහ ඉන්දීය අග්‍රාමාත්‍ය නරේන්ද්‍ර මෝදි අතර හමුව සිකුරාදා (නොවැ: 29) නවදිල්ලි නුවර පිහිටි හයිදරාබාද් හවුස්හිදී සිදුවිය.එම හමුව සම්බන්ධයෙන් ඉන්දීය අග්‍රාමාත්‍ය නරේන්ද්‍ර මෝදි සිංහල බසින් ට්විටර් ඔස්සේ සිය සතුට පළ කර තිබීම විශේෂත්වයකි.ද්විපාර්ශ්වික සාකච්ඡාවලින් අනතුරු ගෝඨාභය රාජපක්ෂ සහ නරේන්ද්‍ර මෝදි ඒකාබද්ධ ප්‍රවෘත්ති සාකච්ඡාවකට ද එක්විය.ඉන්දීය අග්‍රාමාත්‍ය නරේන්ද්‍ර මෝදි පැවසුවේ, ""සමානාත්මතාව, යුක්තිය, සාමය සහ ගෞරවය වෙනුවෙන් දෙමළ ජනයාගේ අභිලාෂයන් ඉටු කිරීම සඳහා ශ්‍රී ලංකා රජය ප්‍රතිසන්ධාන ක්‍රියාවලිය ඉදිරියට ගෙන යනු ඇතැයි තමන් විශ්වාස,"" කරන බවය.දෙරටේ අන්‍යොන්‍ය ආරක්ෂාව සහ ත්‍රස්තවාදයට එරෙහි අන්‍යොන්‍ය සහයෝගීතාව තවදුරටත් ශක්තිමත් කිරීම සඳහා ජනාධිපති රාජපක්ෂ සමග විස්තරාත්මකව සාකච්ඡා කළ බවත් ශ්‍රී ලංකා පොලිස් නිලධාරීන්ට ඉන්දියාවේදී ත්‍රස්ත මර්දන පුහුණුව ලබා දීමට කටයුතු කරන බවත් නරේන්ද්‍ර මෝදි පැවසීය.ඔහු කියා සිටියේ, තමන්ගේ රජය 'අසල්වැසියා පළමු කොට සලකන' ප්‍රතිපත්තියක පිහිටා කටයුතු කරන බවය.මෙහිදී ඉන්දීය රජය ශ්‍රී ලංකාවේ යටිතල පහසුකම් සහ ආර්ථිකය සංවර්ධනය වෙනුවෙන් ඇමෙරිකානු ඩොලර් මිලියන 400ක ණය යෝජනා ක්‍රමයක් සහ ත්‍රස්ත මර්දනය සඳහා ආරක්ෂක සේවා පුළුල් කිරීම වෙනුවෙන් ඇමෙරිකානු ඩොලර් මිලියන 50ක ණය මුදලක් ලබා දීමට එකඟ විය.මාධ්‍ය හමුවේදී අදහස් දැක්වූ ගෝඨාභය රාජපක්ෂ පැවසුවේ, ඉන්දියාව ලබා දෙන ආර්ථික සහය සම්බන්ධයෙන් ස්තුතිවන්ත වන බවය.තමන් ඉන්දීය අග්‍රාමාත්‍යවරයා සමග කළ සාකච්ඡාවලදී දෙරටේ ආරක්ෂාව සම්බන්ධයෙන් වැඩි අවධානයක් යොමු කළ බව ඔහු පැවසීය.ජනාධිපති ගෝඨාභයගේ ඉන්දීය සංචාරයශ්‍රී ලංකාවේ නව ජනාධිපති ගෝඨාභය රාජපක්ෂ එම ධූරයට පත් වීමෙන් පසු නිරත වන පළමු නිල විදෙස් සංචාරය අරඹමින් බ්‍රහස්පතින්දා (නොවැ: 28) ඉන්දියාවේ නවදිල්ලි නුවරට ළඟා විය.ඒ, ජනාධිපති ලේකම් ආචාර්ය පී.බී. ජයසුන්දර, විදේශ කටයුතු අමාත්‍යංශයේ ලේකම් රවිනාථ ආරියසිංහ, මුදල් අමාත්‍යංශයේ ලේකම් එස්.ආර්. ආටිගල සහ ජනාධිපති උපදේශක ලලිත් වීරතුංග යන නිලධාරීන් ද සමගිනි.ඉන්දීය විදේශ කටයුතු අමාත්‍යංශයේ නිලධාරීන් පිරිසක් විසින් නවදිල්ලියේ ඉන්දිරා ගාන්ධි ජාත්‍යන්තර ගුවන් තොටුපළේදී ජනාධිපති ගෝඨාභය රාජපක්ෂ උණුසුම් ලෙස පිළිගනු ලැබීය.සිකුරාදා (නොවැ: 29) පෙරවරු 9.45ට පමණ ගෝඨාභය රාජපක්ෂ, ඉන්දීය විදේශ කටයුතු අමාත්‍ය ආචාර්ය එස්. ජයිශංකර් හමුවී සාකච්ඡා කළේය.""ආර්ථික සංවර්ධනය අරමුණු කර ගත් අන්‍යොන්‍ය ප්‍රතිලාභ සහිත නව ප්‍රවේශයකින් ඉන්දු - ශ්‍රී ලංකා සබදතා නව යුගයකට ගෙන යාම අග්‍රාමාත්‍ය නරේන්ද්‍ර මෝදිගේ අපේක්ෂාව වන,"" බව එහිදී ඉන්දීය විදේශ කටයුතු අමාත්‍යවරයා පවසා තිබේ.ජනාධිපති මාධ්‍ය අංශය නිකුත් කළ නිවේදනයක දැක්වෙන්නේ, ""ගුණාත්මක අගයෙන් ඉහළ පාලන තන්ත්‍රයක් පැවතීම යන කොන්දේසිය මත දෙරට අතර ව්‍යාපාරික සහයෝගීතාව වර්ධනය වනු ඇති,"" බවට ඉන්දීය විදේශ අමාත්‍යවරයා ජනාධිපති ගෝඨාභය රාජපක්ෂට පැවසූ බවය.ඉන්දීය විදේශ අමාත්‍යවරයා එහිදී පෙන්වා දී ඇත්තේ, එවිට විදේශ ආයෝජන ගලාගෙන එනු ඇති බවය.අනතුරුව පෙරවරු 11.00ට පමණ ජනාධිපති ගෝඨාභය රාජපක්ෂ වෙනුවෙන් විශේෂ පිළිගැනීමේ උත්සවයක් පැවැත්විණි.එහිදී, ඔහු වෙනුවෙන් හමුදා ගෞරවාචාර පුද කරනු ලැබීය.පසුව, ජනාධිපති ගෝඨාභය රාජපක්ෂ නවදිල්ලියේ රාජ්ඝට්හි පිහිටි මහත්මා ගාන්ධි ස්මාරකයට පුෂ්පෝපහාර දැක්වීය.නවදිල්ලි නුවර පිහිටි හයිදරාබාද් හවුස්හිදී ජනාධිපති ගෝඨාභය රාජපක්ෂ සහ ඉන්දීය අග්‍රාමාත්‍ය නරේන්ද්‍ර මෝදි අතර හමුව සිදුවිය.ජනාධිපති ගෝඨාභය රාජපක්ෂ සිය පළමු විදෙස් සංචාරය ලෙස ඉන්දියාවට පැමිණියේ ඉන්දීය අග්‍රාමාත්‍ය නරේන්ද්‍ර මෝදිගේ ආරාධනයකට අනුවය.තෙදින නිල සංචාරයක නිරත වන ගෝඨාභය රාජපක්ෂ සෙනසුරාදා (නොවැ: 30) යළි ශ්‍රී ලංකාවට පැමිණීමට නියමිතය.තවදුරටත් කියවන්න.ජනපති ගෝඨාභය ඉන්දීය සංචාරය: ""වෙස් වළාගෙන පැමිණි ආශීර්වාදයක්""ගෝඨාභය ඉන්දීය සංචාරය: ""දැලි පිහියෙන් කිරි කනවා වගේ වැඩක්""""2015ට පෙර ගත් ණය ගෙවන්න සිදුවන වසර 5ක්""",True,True,True,1,TRUE
whatsapp,social media,12/25/2024 0:00,ප්‍රසිද්ධ බැංකුවක් මගින් පවත්වන ලද මංගල දිනුම් ඇදීමකින් රුපියල් ලක්ෂ 14ක ත්‍යාගයක් දිනාගත් ජයග්‍රාහකයින් නාමලේඛනය අද නිකුත් කෙරිණි. ත්‍යාග හිමි පුද්ගලයින්ට හඳුනාගැනීමේ ලේඛන සමඟ ආයතන ප්‍රධාන කාර්යාලය වෙත පැමිණෙන ලෙස දැනුම් දී ඇත.,False,False,False,0,FALSE
gosip.hirufm.lk,news website,10/26/2020 0:00,"කොළඹ රිජ්වේ ආර්යා ළමා රෝහලේ ප්‍රතිකාර ලබන ළමුන් 7 දෙනෙකුට සහ මවුවරුන් තිදෙනෙකුට කොවිඩ් 19 ආසාදනය වී තිබෙනවා. මේ අතර මෙරට 16 වන කොවිඩ් මරණය ඊයේ වාර්තා වුණා. රජයේ වෛද්‍ය නිලධාරීන්ගේ සංගමය අනතුරු අඟවන්නේ පවතින තත්ත්වය හමුවේ නිවැරදි තීරණ කඩිනමින් නොගතහොත් ඉදිරි දෙමස ඇතුළත කොවිඩ් මරණ සංඛ්‍යාව බෙහෙවින් ඉහළ යාහැකි බවයි. මේ අතර තවත් කොවිඩ් 19 ආසාදිතයින් 280 දෙනෙක් හඳුනාගෙන ඇතැයි රජයේ ප්‍රවෘත්ති දෙපාර්තමේන්තුව නිවේදනය කරනවා.ඒ අතුරින් ආසාදිතයින් 265 දෙනෙකුම දිවුලපිටිය සහ පෑලියගොඩ පොකුරේ ආසාදිතයින් වනවා. සෙසු 15 දෙනා හඳුනාගෙන ඇත්තේ නිරෝධායන මධ්‍යස්ථානවලින්. ඒ අනුව මෙරටින් වාර්තාවන සමස්ත ආසාදිතයින් සංඛ්‍යාව 8152ක් දක්වා ඉහළයනවා. මෙරට 16 වැනි කොවිඩ් මරණය වාර්තා කරමින් ඊයේ අලුයම් කාලයේ මියගිය පුද්ගලයා රෝහල් ගත කර තිබුණේ පසුගිය 23 වැනිදායි. රුධිරයට විෂබීජයක් ඇතුළුවීම හේතුවෙන් ඇති වූ සංකූලතා මත ඔහු රෝහල් ගතකර තිබූ අතර එම සංකූලතා හේතුවෙන් මියගොස් තිබුණා. ඒ ජාතික රෝහලේ ශල්‍ය දැඩි සත්කාර ඒකකයේ ප්‍රතිකාර ලබමින් සිටියදී. අනතුරුව ඔහු කොවිඩ් ආසාදිතයෙකු බව තහවුරු කරගත් බව සෞඛ්‍ය සේවා අධ්‍යක්ෂ ජනරාල්වරයා ප්‍රකාශ කළා. මෙලෙස ජීවිතක්ෂයට පත්ව ඇත්තේ කොළඹ 02 ප්‍රදේශයේ පදිංචි 70 හැවිරිදි පුද්ගලයෙක්. ජීවිතක්ෂයට පත්වූ පුද්ගලයාගේ දේහය අද පස්වරුවේ කොළඹ ජාතික රෝහලේ මෘත ශරීරාගාරයේ සිට රැගෙන යාමට කටයුතු කළ අතර එම ස්ථානයට පාර්ලිමේන්තු මන්ත්‍රී මුජිබර් රහුමාන් මහතා පැමිණ සිටියා. අනතුරුව ජාත්‍යන්තර නිරෝධායන නීතිවලට අනුව බොරැල්ල කනත්තේ දී දේහය පිළිබඳ අවසන් කටයුතු සිදු කෙරුණා. මේ අතර, රජයේ වෛද්‍ය නිලධාරීන්ගේ සංගමය සඳහන් කළේ පවතින තත්ත්වය හමුවේ නිවැරදි තීරණ කඩිනමින් ගතයුතු බවයි. මේ අතර මෙරටින් වාර්තා වන සමස්ත කොවිඩ් 19 ආසාදිතයින් සංඛ්‍යාව මේ වනවිට 7,872 ක් ලෙස සටහන් වනවා. ආසාදිතයන් 351 දෙනෙකු ඊයේ වාර්තා වූ අතර ඉන් 36 ක් නිරෝධායන මධ්‍යස්ථානවල රැඳී සිටින පුද්ගලයින් වන අතර, 312 දෙනෙකු මිනුවන්ගොඩ සහ පෑලියගොඩ මත්ස්‍ය වෙළඳපොල ආශ්‍රිත කොවිඩ් පොකුරේ ආශ්‍රිතයින්. සුවය ලැබූ ගණන 3933ක් ලෙස සටහන් වන අතර රෝහල් ගතව ප්‍රතිකාර ලබන සංඛ්‍යාව 3923ක්. මේ ඊයේ දිනය වන විට මෙරටින් කොවිඩ් 19 රෝගීන් වාර්තා වී තිබූ ආකාරයයි. ඒ අනුව වැඩිම අසාදිතයින් සංඛ්‍යාවක් වාර්තාවන ගම්පහ දිස්ත්‍රික්කයේ පැතිරීම මෙලෙස දැක්විය හැකියි. කොළඹ දිස්ත්‍රික්කයේ කොවිඩ් අසාදිතයින් වාර්තා වීම මෙලෙස සටහන් වූ අතර කළුතර දිස්ත්‍රික්කයේ ආසාදිතයින් වාර්තා වීම මෙලෙස සටහන් වුණා. මේ අතර මූලාශ්‍ර තහවුරු කර ගැනීමට නොහැකි රෝගීන් මේ වන විට වාර්තා වන බව ශ්‍රී ලංකා මහජන සෞඛ්‍ය පරීක්ෂක වරුන්ගේ සංගමය පවසනවා. සෞඛ්‍ය බලධාරීන් පෙන්වා දෙන්නේ දෛනිකව සිදු කරණ පී.සී.ආර් පරීතක්ෂණ ප්‍රමාණය මේ වනවිට උපරිමයට ළඟා වී ඇති බවයි. මේ අතර, ඊයේ වාර්තා වූ මිනුවන්ගොඩ සහ පෑලියගොඩ මත්ස්‍ය වෙළඳපොල ආශ්‍රිත ආසාදිතයින් 312 දෙනා අතරින් 159ක් කොළඹින් වාර්තා වන අතර, මහර ප්‍රදේශයෙන් අසාදිතයන් 55ක් වාර්තාවී තිබෙනවා. මට්ටක්කුලියෙන් වාර්තාවන අසාදිතයන් සංඛ්‍යාව 32 ක්. මිනුවන්ගොඩ සහ පෑලියගොඩ මත්ස්‍ය වෙළඳපොල ආශ්‍රිත පොකුරුවලින් මේ වනවිට වාර්තාවන සමස්ත ආසාදිතයින් සංඛ්‍යාව 4,397 ක් දක්වා ඉහළ ගොස් තිබෙනවා. මේ අතර කොළඹ රිජ්වේ ආර්යා ළමා රෝහළේ ප්‍රතිකාර ලබන ළමුන් 7 දෙනෙකුට සහ මව්වරුන් තිදෙනෙකුට කොවිඩ් 19 වෛරසය වැළදී ඇති බව තහවුරු වී තිබෙනවා. මේ අතර අද සහ හෙට පාර්ලිමේන්තුව වසා තැබෙන බව පාර්ලිමේන්තු නියෝජ්‍ය මහලේකම් නීල් ඉද්දවල මහතා පවසනවා. ඒ පාර්ලිමේන්තු පරිශ්‍රය පූර්ණ විෂබීජහරණ ක්‍රියාවලියකට ලක් කිරීම සඳහායි. පොලිස් පාර්ලිමේන්තු කොට්ඨාසයට අනුයුක්තව සේවය කරන විශේෂ බුද්ධි ඒකකයේ උප පොලිස් පරීක්ෂකවරයෙකුට කොවිඩ් 19 වෛරසය ආසාදනය වී ඇති බව මීට පෙර තහවුරු වුණා. පාර්ලිමේන්තු ආරංචි මාර්ග සඳහන් කළේ අදාළ උප පොලිස් පරීක්ෂකවරයා මාළු මිලදී ගැනීමට පෑලියගොඩ මත්ස්‍ය වෙළඳසැල වෙත ගොස් ඇති බවයි. මේ අතර ප්‍රභූ ආරක්ෂක අංශයට අනුයුක්තව සේවය කරන පොලිස් විශේෂ කාර්ය බලකායේ නිලධාරීන් කණ්ඩායමකට කොවිඩ් වෛරසය වැලඳී ඇති බව තහවුරු වී තිබෙනවා. ඒ සමඟම රාජගිරිය, කැලණිය සහ කළුබෝවිල පිහිටි විශේෂ කාර්ය බලකා කඳවුරැ වලින් ප්‍රභූ ආරක්ෂක රාජකාරී සඳහා අනුයුක්ත කර සිටි නිලධාරීන් නැවත කැඳවා එම කඳවුරු හුදකළා කිරීමට පියවර ගෙන ඇති බව පොලිසිය සඳහන් කළා.‍ මුළුතැන්ගෙය සඳහා මාළු ලබාගැනීමට පෑලියගොඩ මාළු වෙළෙඳ පොළට යාමෙන් ඔවුන්ට වෛරසය වැළඳී ඇති බවටයි සැක පළ වන්නේ. කොවිඩ් 19 අවදානම හේතුවෙන් තාවකාලිකව සේවා කටයුතු නවතා තිබු ගාල්ල, කොස්ගොඩ පොලිස් ස්ථානයේ කටයුතු විෂබීජහරණය කිරීමෙන් අනතුරුව ඊයේ රාත්‍රියේ යළි ආරම්භ කළා. අදාළ පොලිස් ස්ථානයේ නිලධාරීන් දෙදෙනෙකු කොවිඩ් ආසාදිත වෛද්‍යවරයෙකුගෙන් ප්‍රතිකාර ලබාගැනීම හේතුවෙන් එම පොලිස් ස්ථානයේ කටයුතු ඊයේ තාවාකලිකව අත්හිටුවා තිබුණා. පොලිස් ස්ථානයේ නිලධාරින් අට දෙනෙකු හබරාදුව පොලිස් නිරෝධායන මධ්‍යස්ථානයක් වෙතත්, පොලිස් ස්ථානාධිපතිවරයාද ඇතුළු සෙසු නිලධාරීන් 46 දෙනෙකු ඔවුන්ගේ නිවෙස්වලත් නිරෝධායනය සඳහා යොමුකර තිබෙනවා.. දෙහිඕවිට සෞක්‍ය වෛද්‍ය නිලධාරී කොට්ටාශයට අයත් ගම්මාන කිහිපයක පදිංචි පුද්ගලයින් 08 දෙනෙකුට කොවිඩ් -19 වෛරසය ආසාදනය වීම හේතුවෙන් 07 දෙනෙකු කාන්තන්කුඩි නිරෝධායන මද්‍යස්තානයටත් අනෙක් පුද්ගලයා මාලබේ නෙවිල් ප්‍රනාන්දු රෝහලටත් පිටත්කර හැරුණා. මෙම ආසාධිතයින් පසුගිය දින කිහිපය තුළ දෙහිදුව සහ තල්දුව යන නගර ආශ්‍රිතව ව්‍යාපාර කටයුතු සිදුකර ඇති බැවින් එම නගර සදහා මේවනවිට දැඩි සංචරණ සිමා පනවා තිබෙන බව අප වාර්තාකරු සදහන් කළා. කළුතර උතුර සහ කළුතර දකුණ යන ප්‍රදේශවල පෙරේදා සිදුකල PCR පරීක්ෂණ 60ක ප්‍රතිපල වාර්තා ඊයේ පස්වරුවේ ලැබී ඇති අතර ඒ අතරින් පෑලිටගොඩ මාළු වෙළෙඳපොලය ගිය 10දෙනෙකුට කොවිඩ් - 19 වෛරසය ආසාධනය වී ඇති බවට අනාවරණය වී තිබෙනවා. මේ අතර රත්නපුර ගිලීමලේ ප්‍රදේශයේ මාළු වෙළෙන්දෙකුට සහ ඔහුගේ පවුලේ තවත් තිදෙනකුටද වෛරසය ආසාධනය වී ඇති බවට තහවුරුවී ඇති අතර පෑලියගොඩ මාළු වෙළදපලෙන් මාළු රැගෙනවිත් වෙළදාමේ යෙදෙන කුරුණෑගල - අඹන්පොල ප්‍රදේශයේ මාළු ව්‍යාපාරිකයින් දෙදෙනෙකුටත් කොවිඩ් - 19 ආසාධනය වී තිබෙනවා. හම්බන්තොට ධිවර වාරයේ ධිවරයින් දෙදෙනෙකුට කොවිඩ් - 19 වෛරසය ආසාධනය වීම හේතුවෙන් හම්බන්තොට ධිවර වරායට සහ හම්බන්තොට නගරයට ඇතුල්වීමේදී දැඩි සංචරණ සිමා පනවා ඇති බව අප වාර්තාකරු සදහන් කළා. බේරුවල ධීවර වරායේ යාත්‍රා තුළ මුදා නොහැරුණු මාළු කිලෝ ග්‍රෑම් ලක්ෂ 5කට ආසන්න තොගයක් රැගෙන යාමට අද පෙරවරුවේ ධීවර යාත්‍රා හිමියන් පැමිණීමත් සමග උණුසුම් තත්ත්වයක් ඇතිවුණා. ඒ, එම මාළු තොග අදත් මුදා නොහැරීම හේතුවෙන්. පසුව බේරුවල ප්‍රධාන සෞඛ්‍ය වෛද්‍ය නිලධාරීවරයා පැවසුවේ මෑතකදී කරන ලද PCR පරීක්ෂණ වාර්තා ලැබෙන තෙක් වරාය පරිශ්‍රයට කිසිවෙකුටත් ඇතුළුවීමට ඉඩදිය නොහැකි බවයි. ධීවරයින් මුහුණ දී ඇති ගැටළුකාරී තත්ත්වය විෂය භාර රාජ්‍ය අමාත්‍ය කංචන විජේසේකර මහතා අදහස් පළ කළා. මේ අතර පෑලියගොඩ මාළු වෙළෙඳපොළෙන් මාළු රැගෙන විත් අලෙවි කළ කහතුඩුව සෞඛ්‍ය වෛද්‍ය නිලධාරී බලප්‍රදේශයේ පහළොස් දෙනකුට කොවිඩ් 19 ආසාදිත බව හඳුනා ගැනීමත් සමග ඔවුන් ආ ගිය බව පැවසෙන නිවාස 50ක් සහ ආශ්‍රිතයින් 250 කට අධික පිරිසක් ස්වයං නිරෝධායනයට ලක්කිරීමට පියවර ගෙන තිබෙනවා. මේ අතර හොරණ - කිරිවත්තුඩුව - තාරකා සෙවණ ප්‍රදේශයේ නිවාස 18 ස්වයං නිරෝධායනයට යොමු කර සිටි පිරිසකට PCR පරීක්ෂණ සඳහා කිලෝමීටර් 14 ක් පමණ දුරින් පිහිටි හොරණ ප්‍රදේශයට පැමිණෙන ලෙස දැනුම් දි ඇති පුවතක් වාර්තා වනවා. ඒ අනුව එම නිවාස වල වෙසෙන පිරිස් විවිධ ප්‍රවාහන මාධ්‍යන් භාවිත කරමින් අදාළ ස්ථානයට පැමිණ තිබුණා. මේ සම්බන්ධයෙන් අප ප්‍රදේශය භාර මහජන සෞඛය නිලධාරීවරයාගෙන් විමසීමක් කළා. මේ අතර යුද හමුදා ක්ෂණික විහිදුම් බළකා යතුරුපැදි කණ්ඩය කොළඹ නගරයේ ගමන් ගන්නා පදිකයින්ගේ උෂ්ණත්ව පරීක්ෂා කිරීම් සිදු කළේ මේ අයුරින් මේ අතර පෑලියගොඩ මාළු වෙළෙඳපොළොන් ඉස්සන් රැගෙන ගොස් පොළොන්නරුව - බකමූණ නගරයේ වඩේ වෙළෙඳසැළක් පවත්වාගෙන ගිය පුද්ගලයෙකුට කොවිඩ් ආසාදනය වී ඇති බව හඳුනා ගැනීමෙන් අනතුරුව එම වෙළෙඳසැළ පැවති ස්ථානය හා බකමූණ නගරය විෂබීජහරණයට කටයුතු කළා. මාලඹේ නෙවිල් ප්‍රනාන්දු රෝහලේ මේවනවිට කොවිඩ් - 19 වෛරසය ආසාදනය වූ රෝගීන් 560කට ආසන්න සංඛ්‍යාවක් නේවාසිකව ප්‍රතිකාර ලබන අතර ඔවුන්ගේ මානසික සෞඛ්‍ය නගා සිටුවීමේ අරමුණින් රෝහල් කාර්ය මණ්ඩලය ඊයේ රාත්‍රියේ ශාන්තිකර්ම පුජාවක් සහ සංගීත සංදර්ශනයක් සංවිධානය කර තිබුණා.",True,True,True,1,TRUE
gossiplankanews.com,news website,5/19/2026 0:00,"මාසික වැටුප රුපියල් 100,000ට වැඩි සියලුම රැකියාවලට අදාළව අතිරේක ආදායම් බද්දක් ලෙස 4%ක් අය කිරීමට රජය තීරණය කර ඇති බව මුදල් අමාත්‍යාංශය සඳහන් කළේය.",False,False,False,0,FALSE
lankaenews.lk,news website,4/11/2020 0:00,"ඖෂධහල් හිමියන් විසින් පාරිභෝගික ජනතාව වෙත බෙහෙත් ද්‍රව්‍ය නිකුත් කිරීමට අදාළව සෞඛ්‍ය සේවා අධ්‍යක්ෂ ජනරාල් විශේෂඥ වෛද්‍ය අනිල් ජාසිංහ විසින් ඖෂධහල් හිමියන් සඳහා නිකුත් කර ඇති විශේෂ නිවේදනය පහත දැක්වෙනවා . මෙම තීරණාත්මක කාලවකවානුවේද ඖෂධහල් මගින් ජනතාවට වෛද්‍යවරයකු විසින් නිකුත්කර ඇති ඖෂධ වට්ටෝරු සඳහා ඖෂධ ලබාදීමේ ක්‍රියාවලියට දක්වන දායකත්වය අගය කරන අතර වෛද්‍යවරයකු විසින් නිර්දේශිත ඖෂධ වට්ටෝරුවක් සහිතව පමණක් ලබාදිය යුතු ඖෂධ, කිසිදු ඖෂධ වට්ටෝරුවක් රහිතව ජනතාවට ලබාදීම කිසිවිටකත් නොකළ යුතු බව අවධාරණය කරනවා. මෙය ඖෂධ අධිකාරි පනත යටතේ දඩුවම් ලැබිය හැකි වරදක් බවත් ජාතික ඖෂධ නියාමන අධිකාරිය විසින් මේ පිළිබඳව නිරන්තර අවධානය යොමු කරනු ඇතිිි බවත් සඳහන් . මේ අවස්ථාවේදී ඖෂධ ලබා ගැනීමට පැමිණෙන පාරිභෝගිකයින් විසින් පවසන රෝග ලක්ෂණවලට ඖෂධහල් හිමියන් විසින් කිසිවිටකත් ඖෂධ නියම කිරීම හෝ අලෙවි කිරීම සිදු නොකළ යුතු බව සඳහන් කරනවා .",True,True,True,1,TRUE
gosip-lankanews.com,news website,9/26/2020 0:00,නව රාජ්‍ය තාන්ත්‍රික නිලධාරීන් 08 දෙනෙකු පත්කර ඇත. මේ සඳහා පාර්ලිමේන්තුවේ උසස් නිලතල පිළිබඳ කාරක සභාව අනුමැතිය හිමිවී තිබේ. මෙහිදී සියල්ලන්ගේ යෝග්‍යතාව පරීක්ෂා කර බැලීමෙන් අනතුරුව මෙම අනුමැතිය ලබාදී ඇති බව වාර්තා වේ. මේ අනුව සී.ඒ චන්ද්‍රපේම මහතා එක්සත් ජාතීන්ගේ සංවිධානයේ ජිනීවා හි ශ්‍රී ලංකා නිත්‍ය නියෝජිතවරයා ලෙස පත්කර ඇත. එමෙන්ම මිලින්ද මොරගොඩ මහතා ඉන්දියාවේ ශ්‍රී ලංකා මහ කොමසාරිස්වරයා ලෙස පත්කර ඇති අතර අමෙරිකාවේ ශ්‍රී ලංකා තානාපතිවරයා ලෙස පත්කර ඇත්තේ විදේශ කටයුතු අමාත්‍යාංශයේ හිටපු ලේකම් රවිනාථ ආරියසිංහ මහත්මායි. විශ්වවිද්‍යාල ප්‍රතිපාදන කොමිසන් සභාවේ හිටපු සභාපතිවරියක වූ මහාචාර්ය ක්ෂණිකා හිරිඹුරේගම මහත්මිය ප්‍රංශයේ ශ්‍රී ලංකා තානාපති ධුරයටත් ආචාර්ය පාලිත කොහොන මහතා චීනයේ ශ්‍රී ලංකා තානාපතිවරයා වශයෙනුත් පත්කර ඇත. දකුණු අප්‍රිකාවේ ශ්‍රී ලංකා මහ කොමසාරිස්වරයා ලෙස එස්. අමරසේකර මහතා පත්කර ඇත. හිටපු නාවික හමුදාපතිවරයෙකු වන විශ්‍රාමික අද්මිරාල් කේ.කේ.වී.පී හරිස්චන්ද්‍ර ද සිල්වා මහතා ඇෆ්ගනිස්ථාන තානාපතිවරයා ලෙසත් සංජිව් ගුණසේකර මහතා ජපානයේ ශ්‍රී ලංකා තානාපතිවරයා ලෙසත් පත් කිරීමට උසස් නිලතල පිළිබඳ කාරක සභාවේ අනුමැතිය ලැබී ඇත. - අරුණ,True,True,True,1,TRUE
satahana.lk,news website,12/20/2023 0:00,රුපියල අමෙරිකානු ඩොලරයට සාපේක්ෂව තවත් 18%කින් අවප්‍රමාණය කිරීමට මහ බැංකුව සූදානම් වන බව මූල්‍ය ක්ෂේත්‍රයේ විශ්ලේෂකයෙක් සඳහන් කළේය.,False,False,False,0,FALSE
aruna.lk,news website,10/30/2020 0:00,"මිරිහාන පොලිස් බල ප්‍රදේශයේ වැල්සිරිපුර, රාහුලපුර සහ ප්‍රගතිපුර යන ප්‍රදේශ වහාම ක්‍රියාත්මක වන පරිදි යළි දැනුම්දෙන තුරු හුදකලා ප්‍රදේශ ලෙස ප්‍රකාශයට පත් කර තිබේ.ඒ කොවිඩ් ආසාධිතයන් 14 දෙනෙකු හඳුනාගැනීමත් සමගයි.කොවිඩ්-19 වෛරස පැතිරීම වැළැක්වීමේ ජාතික ක්‍රියාන්විත මධ්‍යස්ථානය නිවේදනය කර සිටියේ එම ආසාදිතයින්ගේ ආශ්‍රිතයින් සෙවීමේ කටයුතු ද සිදුකෙරෙන බවයි.",True,True,True,1,TRUE
gossiplankanews.com,news website,5/1/2024 0:00,අකුරැස්ස ප්‍රදේශයේ පදිංචි වයස අවුරුදු 12ක් වයසැති ඉනෝකා ප්‍රනාන්දු පසුගිය දින කිහිපයක සිට අතුරුදහන් වී ඇති බව අකුරැස්ස පොලීසිය සඳහන් කරයි. ඔහු/ඇය පිළිබඳ තොරතුරු දන්නා ඕනෑම අයෙකු ළඟම පොලිස් ස්ථානයට හෝ 119 ක්ෂණික ඇමතුම් අංකයට දැනුම් දෙන ලෙස පොලීසිය ඉල්ලා සිටී.,False,False,False,0,FALSE
aruna.lk,news website,4/20/2025 0:00,ඉන්ධන මිල ඉහළ යාම හේතුවෙන් බස් ගාස්තු 24%කින් ඉහළ දැමීමට ජාතික ගමනාගමන කොමිසම අනුමැතිය ලබා දී ඇති බව පෞද්ගලික බස් හිමියන්ගේ සංගමයේ ප්‍රධානියා සඳහන් කළේය.,False,False,False,0,FALSE
nethnews.lk,news website,11/4/2020 0:00,"ඇඳිරි නීතිය පැනවීමෙන් පමණක් ජනතාව හැසිරවීම අඛණ්ඩව කළ නොහැකි බවත් ජන ජිවිතය, රටේ ආර්ථිකය සහ අන් සියලු පැතිකඩ සමබරව සැලකිල්ලට ගෙන අවබෝධයෙන් යුතුව තීරණ ගත යුතු බව ජනාධිපති ගෝඨාභය රාජපක්ෂ මහතා ප්‍රකාශ කර සිටිනවා. වෛරසය මර්දනයට පිළියමක් සොයා ගන්නා තෙක් රට වසා තැබිය නොහැකි බව පෙන්වා දුන් ජනාධිපතිතුමා සෞඛ්‍ය උපදෙස් පිළිපදිමින් සියලු දෙනා දෛනික කටයුතු සාමාන්‍ය පරිදි පවත්වාගෙන යාමට සූදානම් විය යුතු බව ද ප්‍රකාශ කර සිටියා. වෛරසය පාලනය සඳහා ඇඳිරි නීතිය තදින් ක්‍රියාත්මක කරන ලෙසද මෙහිදී ජනාධිපතිතුමා පොලීසියට උපදෙස් ලබා දුන්නා. කොරෝනා ව්‍යාප්තිය නිසා රට තුල ඇඳිරි නීතිය පැනවීමෙන් හෝ හුදෙකලා කිරිමෙන් දෛනික ආදායම් මත යැපෙන ජනතාවට මුහුණ පෑමට සිදුවන අපහසුතා ගැන තම අවධානය යොමුව ඇති බවත් වෛරසයෙන් ආරක්ෂාවී රටේ සාමාන්‍ය කටයුතු ඉදිරියට පවත්වාගෙන යෑමට සියලු දෙනා සුදානම් විය යුතු බවද මෙහිදී ජනපති ගෝඨාභය රාජපක්ෂ ප්‍රකාශ කර සිටියා. මෙහිදී වැඩිදුරටත් අදහස් දැක්වූ ජනාධිපතිවරයා, ""නර්ස් කෙනෙක්ට ඇයි කොවිඩ් හැදෙන්න් නැත්තේ. එයාලා හරියට මුහුණු ආවරණය දානවා අත හෝදනවා. එයාලා වැඩිය කොවිඩ් රෝගීන් එක්ක ගත කළත් වෛරසය ආසාදනය නොවීමේ හේතුව මොකක්ද කියලා අනෙක් අයට පැහැදිලිව පෙන්වා දිය යුතු වනවා. මෙහෙම හරියට කළොත් රට ඉදිරියට පවත්වාගෙන යන්න පුළුවන්, වැඩ කරන්න පුළුවන්. තමන්ගේ ව්‍යාපාරය කරගෙන යන්න පුළුවන්, කර්මාන්ත ශාලාව විවෘත කරන්න පුළුවන්. මේ සියලු දේ සිදුකරන්න නම් පළමුව සිදුකළ යුතු යහපත් සෞඛ්‍ය කරුණු ගැන අවබෝධයෙන් සිටීම අවශ්‍යයි. හරියට මුහුණු ආවරණය පළදින්න ඕන. අත් සෝදන්න අවශ්‍යයි. ඒ වගේම සමාජ දුරස්ථභාවය තබා ගත යුතුයි. උණක් ඇතිවුණාම වහාම ඒ ගැන සැලකිලිමත් වීම වැදගත්. ඒ සඳහා සුදුසු පියවර ගන්න ඕන. නිරෝධායනය වීම සහ පරීක්ෂණ සිදුකර ගැනීම සිදුකළ යුතුයි. ඒ සඳහා දුරකථන අංක හඳුන්වාදී තිබෙනවා. රට විවෘතව තබන්න මේ සියලු දේ සිදුකළ යුතුයි. නමුත් මේවා මිනිස්සු අතරට හරියට ගිහිල්ලා නැහැ. ඇඳිරි නිතිය දැම්මොත් තමයි මිනිස්සු ගෙදරට වෙලා ඉන්නේ. එහෙම නැත්නම් එකක්වත් කරන්නේ නැහැ. සාමාන්‍ය තත්ත්වයෙන් රටක් දුවන්න පුළුවන්, නමුත් ජනතාව මේ ගැන අවධානයෙන් සිටින්න අවශ්‍යයි. විශේෂයෙන් ස්වයං රැකියා සහ ව්‍යාපාර කරන අය හැමදාම මට කියන්නේ මෙහෙම රට වහගෙන තියන්න එපා කියලා. මොකද ඒ අයගේ ආර්ථිකය කඩා වැටෙනවා කියලා. මේ සියලු දෙනා දිනපතා මුදල් උපයලා ජිවත් වෙන අය. රාජ්‍ය සේවකයින්ට, පුද්ගලික අංශයේ මාසික වේතනයක් ගන්න අයට ලොක් ඩවුන් කරනවා කියන කොට ගානක් නැහැ. නමුත් එදිනෙදා මුදල් උපයාගෙන ජිවත් වෙන අයට දවස් 10ක් රට වහලා තියෙනවා කිව්වම ඒ අයගේ ජිවිතයේ දවස් 10 උපයා ගත් මුදල ආපහු රැස්කර ගන්න අවුරුද්දක් ගතවෙනවා වෙන්න පුලුවන්. ජනාධිපති, ඇමතිවරයා උනත්, දේශපාලඥයා උනත්, වෛද්‍යවරයා උනත් මේ ගැන පරීක්ෂණ කරන අය උනත් හැමකෙනෙක්ම සමස්තය ගැන හිතන්න ඕන. අපි සෑම පැත්තක් ගැනම හිතන්න ඕන. අපි රට විවෘත කරලා තබන්න ඕන. කොරෝනා තත්ත්වය පාලනය කරන්න ඕන. එහෙම නම් අපි මොනවාද කළ යුත්තේ. තීරණ ගන්න අය මොනවාද කළ යුත්තේ, පරීක්ෂණ කරන අය මොනවාද කළ යුත්තේ, සාමාන්‍ය ජනතාව මොනවාද කළ යුත්තේ කියන එක සියලු දෙනාම සිතන්න ඕන. අපිට පාසැල් වහන්න කියන්න පුලුවන්, අපි බලන්න ඕන එයින් ඇතිවන බලපෑම කොහොමද කියලා හිතන්න ඕන. කොයි තරම් කිව්වත් ඒ කරුණු පිළිනොපදින පුද්ගලයින් කිහිප දෙනෙක් අප සමාජයේ ඉන්නවා. ඒ අයවත් හරියට පාලනය කරගෙන, නිරෝධායන කටයුතු සහ පරීක්ෂණ කටයුතු නිසි ලෙස කරගෙන ගියොත් අපිට රට විවෘත කරගෙන ඉදිරියට යන්න පුළුවන්. එකට ජනතාවගේ කැපවීම අත්‍යවශ්‍යයි: ජනාධිපතිවරයා වැඩිදුරටත් කියා සිටියා.",True,True,True,1,TRUE
gosip.hirufm.lk,news website,10/23/2020 0:00,ශාරුක් ඛාන් කවුද කියලා කියන්නේ බොලිවුඩ්වල ඉන්න දැවැන්තයෙක්. ඒ වගේම කොලිවුඩ්වල ඉන්න දැවැන්තයෙක් තමා රජිනිකාන්ත් කියලා කියන්නේ. ශරුක් ඛාන් ඔහුට අසීමිත ලෙස ගරු කරනවා. ඒ වගේ ශාරුක්ගේ චිත්‍රපටියක රජිනිකාන්ත් වෙනුවෙන් ගීතයක් ඇතුළත් කළ බවත් කවුරුත් දන්නවා.මේ කියන්න යන්නේ ඒ දෙන්නාගේ සිනමාව ගැන කතාවක් නම් නෙවෙයි. මේ දවස්වල පැවැත්වෙන අයි.පි.එල් තරගාවලියේ ශාරුක්ගේ ඛාන්ගේ කණ්ඩායමක් වන කොල්කටා නයිට් රයිඩර්ස් කණ්ඩායමත් ක්‍රීඩා කරනවා නේ. පසුගිය තරගවල එම කණ්ඩායම මෙහෙයවනු ලැබුවේ දිනේෂ් කාර්තික්. ඉතිං දිනේෂ් කියලා කියන්නේ රජිනිගේ රසිකයෙක්ලු. ශාරුක් එක්ක කතා කරද්දී රජිනිගේ දෙබස් පවා කියනවාලු. ශාරුක්ට කියලා තියෙනවා රජිනිගේ රසිකයෙක් වුණත් කවදාවත් එයා එක්ක කතා කරන්න ලැබිලා නැහැ. එක සැරයක් දැකලා තියෙනවා කියලා. මේ කරුණුත් එක්ක ශාරුක් ඛාන් දිනේෂ් කාර්තික්ට පොරොන්දුවක් වෙලා තියෙනවා අයි.පි.එල් ශූරතාව දින්නොත් දිවා ආහාරයක් සඳහා රජිනිගේ ගෙදරට එක්කගෙන යනවා කියලා... මේ ගැන දකුණු ඉන්දිය මාධ්‍ය පවා වාර්තා කරලා තිබුණා.,True,True,True,1,TRUE
aruna.lk,news website,10/27/2020 0:00,කලුබෝවිල ශික්ෂණ රෝහලේ අධ්‍යක්ෂ වෛද්‍ය අසේල ගුණවර්ධන මහතා සෞඛ්‍ය අධ්‍යක්ෂ ජෙනරාල් ලෙස පත්කර ඇත.මෙම තනතුර පුරප්පාඩු වීමෙන් පසු මේ තනතුර නිලදාරින් දස දෙනෙකු ඉල්ලා ඇති බව අපි ඊයේ(26) අනාවරනය කලෙමුසබැදි පුවත – https://bit.ly/35GfbWU,True,True,True,1,TRUE
lankadeepa.lk,news website,9/28/2020 0:00,(දසුන් රාජපක්ෂ)  යහපාලන ආණ්ඩුව සමයේ දූෂණ විරෝධී කමිටු කාර්යාලයක් ස්ථාපිත කර තිබුණේදැයි තමා නොදන්නා බව එක්සත් ජාතික පක්ෂය පක්ෂයේ හිටපු අමාත්‍ය මලික් සමරවික්‍රම මහතා දේශපාලන පලිගැනීම් පිළිබඳ විමර්ශනය කරන ජනාධිපති කොමිසම හමුවේ සාක්ෂි දෙමින් අද (28) ප්‍රකාශ කළේය.  එම පාලන සමයේ තමා සිදුකළේ අග්‍රාමාත්‍යවරයා ලෙස කටයුතු කළ රනිල් වික්‍රමසිංහ මහතාගේ ව්‍යාපෘතිවලට අදාල ආර්ථික උපදේශ ලබාදීම බව ද මලික් සමරවික්‍රම මහතා සඳහන් කළේය.  මලික් සමරවික්‍රම මහතා මේ බව කියා සිටියේ සංචාරක සංවර්ධන අධිකාරියේ හිටපු අධ්‍යක්ෂවරයෙකු වන ඩී.එස්. ජයවීර මහතා මෙම කොමිසමට කළ පැමිණිල්ලක වගඋත්තරකාර පාර්ශවය වෙනුවෙන් සාක්ෂි ලබාදෙමිනි.  මලික් සමරවික්‍රම මහතාගෙන් හරස් ප්‍රශ්න විමසීමට ඇති බව පැමිණිල්ල වෙනුවෙන් පෙනී සිටි නීතිඥ මඩුල්ල එහිදී දන්වා සිටියේය. එම හරස් ප්‍රශ්න ඇසීම ඔක්තෝබර් 6 වැනි දින සිදු කරන ලෙස කොමිසමේ සභාපති විශ්‍රාමික ශ්‍රේෂ්ඨාධිකරණ විනිසුරු උපාලි අබේරත්න මහතා පැමිණිලි පාර්ශවයට දන්වා සිටියේය.,True,True,True,1,TRUE
lankadeepa.lk,news website,3/20/2023 0:00,ගෝලීය රන් මිල පසුගිය සතිය තුළ %17කින් පහත වැටී ඇති බව මෙරට ස්වර්ණාභරණ වෙළෙන්දන්ගේ සංගමය සඳහන් කරයි. මේ හේතුවෙන් රන් භාණ්ඩ අලෙවියේ දැඩි වර්ධනයක් දක්නට ලැබෙන බවත් සංගමය සඳහන් කළේය.,False,False,False,0,FALSE
anidda.lk,news website,8/9/2020 0:00,"මහා මැතිවරණයට ඉදිරිපත් වූ වියත්මග සංවිධානයේ අපේක්ෂකයන් නවදෙනෙකු අතරින් අටදෙනෙකු ජයගෙන ඇති අතර ජාතික ලැයිස්තු මන්ත්‍රීධුර දෙකක් සමග වියත්මග සංවිධානයෙන් පාර්ලිමේන්තු මන්ත්‍රීවරුන් 10ක් තේරී පත්වනු ඇති බව වාර්තා වේ.
ගම්පහ දිස්ත්‍රික්කයෙන් ආචාර්ය නාලක ගොඩහේවා, කොළඹ දිස්ත්‍රික්කයෙන් සරත් වීරසේකර, මාතලේ දිස්ත්‍රික්කයෙන් නාලක කෝට්ටේගොඩ, අනුරාධපුර දිස්ත්‍රික්කයෙන් මහාචාර්ය චන්න ජයසුමන, කුරුණෑගල දිස්ත්‍රික්කයෙන්                    
මහාචාර්ය ගුණපාල රත්නසේකර, මහනුවර දිස්ත්‍රික්කයෙන් නීතිඥ උදයන කිරිඳිගොඩ, හම්බන්තොට දිස්ත්‍රික්කයෙන් වෛද්‍ය උපුල් ගලප්පත්ති, දිගාමඩුල්ල දිස්ත්‍රික්කයෙන් වෛද්‍ය තිලක් රාජපක්ෂ ජයගෙන ඇත.
ජාතික ලැයිස්තුවෙන් නාමයෝජනා ලබාදුන් අජිත් නිවාඞ් කබ්රාල් සහ සීතා අරඹේපොල යන අපේක්ෂකයන්ටද මන්ත්‍රීධුර ලබාදීමට තීරණය කර ඇති බව වාර්තා වේ.
වියත්මග සංවිධානයෙන් ඉදිරිපත්ව පරාජයට පත් වී ඇත්තේ කොළඹ දිස්ත්‍රික්කයෙන් ඉදිරිපත් වූ අනුර ප්‍රනාන්දු පමණි.
වියත්මග සංවිධානය 2019 ජනාධිපතිවරණයට පෙර ගෝඨාභය රාජපක්ෂගේ ප්‍රධානත්වයෙන් ආරම්භ කළ සංවිධානයකි. ගෝඨාභය රාජපක්ෂ 2019 ජනාධිපතිවරණයට නාමයෝජනා ලබාදීමේදී ඔහු වියත්මග සංවිධානයේ සාමාජිකයෙකු ලෙස හැඳින්වූ අතර ඔහු ශ්‍රී ලංකා පොදුජන පෙරමුණේ සාමාජිකත්වය ලබාගත්තේ නැත. ජනාධිපතිවරණ ජයග්‍රහණයෙන් පසු සෑම දිස්ත්‍රික්කයකටම වියත්මග සංවිධානයේ සාමාජිකයන් දෙදෙනා බැගින් ඉදිරිපත් කරන බව එම සංවිධානයේ ප්‍රධානීන් ප්‍රකාශ කර තිබුණත්, මහමැතිවරණය ප්‍රකාශයට පත්කළ පසු දිස්ත්‍රික් මට්ටමෙන් නාමයෝජනා ලබාදී තිබුණේ නවදෙනෙකුට පමණි.■",True,True,True,1,TRUE
silumina.lk,news website,11/6/2020 0:00,රටේ පවතින තත්ත්වය හමුවේ නිරෝධායන නියෝගයන්ට පටහැනිව කටයුතු කරන හෝ සත්‍ය තොරතුරු වසන්කර යම් ලේඛනවල අසත්‍ය තොරතුරු සටහන් කරන පුද්ගලයින්ට එරෙහිව දැඩි පියවර ගන්නා බව නියෝජ්‍ය පොලිස්පති පොලිස් මාධ්‍ය ප්‍රකාශක අජිත් රෝහණ මහතා පවසයි. නිරෝධායන ආඥා පනත යටතේ කටයුතු කරමින් එවැනි අයට විරුද්ධව වසර 05 දක්වා බන්ධනාගාරගත කිරීමකින් දඬුවම් කිරීමට හැකියාවක් ඇති බව ඔහු පෙන්වා දෙයි. කොරෝනා ව්‍යාප්තිය හේතුවෙන් බොහෝ ස්ථාන වල ජනතාවගේ තොරතුරු සටහන් කිරීමට ඇති ලේඛනවල කිසියම් පුද්ගලයෙක් අසත්‍ය තොරතුරු සටහන් කරන්නේ නම් එය කූඨ ලේඛන සකස් කිරීමේ වරදට ද යටත්වේ. මේ අතර පොලිස් මාධ්‍ය ප්‍රකාශකවරයා කියා සිටියේ ගත වූ පැය 24 තුළ නිරෝධායන ඇදිරිනීතිය කඩ කළ පුද්ගලයන් 140 දෙනෙකු අත්අඩංගුවට ගෙන ඇති බවයි.,True,True,True,1,TRUE
gosip-lankanews.com,news website,10/14/2020 0:00,"ඊයේ දිනයේදී වාර්තා වූ කොරෝනා රෝගීන් ගෙන් පිරිසක් මේ වන විට ඇඳිරි නිතිය පනවා නොමැති ප්‍රදේශ වලින් වාර්තා වීම නිසා නිරෝධායන ඇඳිරි නීතියේ වෙනසක් සිදුකරන්නේද යන්න ගැන විශ්ලේෂණය කරමින් සිටින බව යුධ හමුදාපති ලුතිනන් ජනරාල් ශවේන්ද්‍ර සිල්වා ප්‍රකාශ කර සිටිනවා."" ඊයේ දිනයේදී වාර්තා වූ කොරෝනා ආසාදිතයින් 194 දෙනා ගෙන් බහුතරයක් මේ වන විට නිරෝධායන ඇඳිරි නිතිය පනවා ඇති ප්‍රදේශවලින් හමුවී ඇත්තේ. ඒ වුවත් සීදුව ප්‍රදේශයෙන් කොරෝනා ආසාදිත රෝගින් 42ක් ඊයේ වාර්තා වුණා. ඒ අනුව නිරෝධායන ඇඳිරි නීතිය නොමැති මෙම ප්‍රදේශවලට ඉදිරියේදී ඇඳිරි නීතිය පැනවීමට අවශ්‍යද යන්න ගැන විශ්ලේෂණය කරනවා. යම් හෙයකින් ඉදිරියේදී එවැනි තීරණයක් ගන්නේ නම් ඒ ගැන කල්තියා දැනුම් දීමට අවශ්‍ය පියවර ගන්නා බව යුධ හමුදාපතිවරයා ප්‍රකාශ කර සිටියා.මිනුවන්ගොඩ ඇගළුම් කර්මාන්ත ශාලාව හරහා ඇතිවූ කොරෝනා රෝගීන් මේ වන විට රෝහල් ගත කොට සිටිනවා. ඒ වගේම ඔවුන්ගේ ආශ්‍රිතයින් නිරෝධායන මධ්‍යස්ථාන වලට යොමු කොට තිබෙනවා. ඒ වගේම ඔවුන්ගේ ආශ්‍රිතයින් කවුරුන්ද යන්න ගැන බුද්ධි අංශ, හමුදා සහ සෞඛ්‍ය අංශ හඳුනා ගෙන තිබෙනවා. ඒ වගේම ඉන් ඔබ්බට ගිහින් අපි ඒ අය හරහා කොරෝනා වෛරසය ආසාදනය විය හැකි පිරිස් කවුරුන්ද යන්න ගැන විශ්ලේෂණය කරලා ඔවුන් වෙන් කොට හඳුනා ගෙන තිබෙන බව යුධ හමුදාපතිවරයා සඳහන් කර සිටියා.ඇතැම් අවස්ථාවලදී අපිට හමුවෙන පුද්ගලයින් නිරෝධායනය කිරීමට රැගෙන යාමේදී සමාජයෙන් මෙන්ම එම පුද්ගලයින්ගෙන් විවිධ විරෝධතා මතුවන බවට පැමිණිලි ලැබී තිබෙනවා. ඒ නිසා අපි කරුණාවෙන් ඉල්ලා සිටිනවා මෙම පුද්ගලයින්ව සමාජයෙන් ඉවත් කොට ඔවුන්ව නිරෝධායන මධ්‍යස්ථාන කරා රැගෙන යන්නේ ඔබගේ ආරක්ෂාවට කියා තේරුම් ගන්න.ඒ වගේම තමන්ගේ ස්ථිර පදිංචිය, දුරකථන අංකය දැනට පදිංචිව සිටින නේවාසිකාගාරයේ ලිපිනය තමන් සේවය කරන ආයතනයට ලබාදීමට පියවර ගන්න කියලා සියලු දෙනාගෙන් ඉල්ලා සිටිනවා"" යැයි මෙහිදී හමුදාපතිවරයා වැඩිදුරටත් කියා සිටියා.",True,True,True,1,TRUE
gosip.hirufm.lk,news website,10/28/2020 0:00,"මොරටුව, පානදුර සහ හෝමාගම යන පොලිස් බල ප්‍රදේශ සඳහා ඊයේ (27) දිනයේ නිරෝධායන ඇදිරි නීතිය පැනවූවා. සුළු ආසාදිතයන් ප්‍රමාණයක් වාර්තා වුවද හෝමාගම ප්‍රදේශයේ ජන ඝනත්වය සහ ඉන් විවිධ ප්‍රදේශවලට ආසාදිතයන් පැතිර යාමේ අවදානම සලකා බලා මෙලෙස ඊයේ රාත්‍රියේ සිට ඇඳිරි නීතිය පැනවීමට ක්‍රියා කළ බවයි හමුදාපතිවරයා සඳහන් කළේ. මේ අතර හෝමාගම ජනතාවගෙන් ඇමති බන්දුල ඉල්ලීමක් සිදුකර තිබෙනවා. ඒ සිය මුහුණු පොත හරහා සටහනක් තබමිනුයි. එම සටහන පහතින්.... ""අපේ_හෝමාගම_ජනතාව_වෙත, ලොව පුරා පැතිරී යන කොරෝනා වසංගතය තුළ ලංකාවේ දෙවැනි කොරෝනා රැල්ලක් නිර්මාණය වී ඇති බැවින් ඉදිරියේදී ඇති විය හැකි තත්වයන්ගෙන් ජන ජීවිතය ආරක්ෂා කර ගැනීමට හෝමාගම පොලිස් බල ප්‍රදේශයට ඇඳිරි නීතිය පැනවීමට තීරණය කර ඇත. රජය විසින් ගනු ලැබූ මෙම තීරණය හුදෙක්ම ඔබ සැමගේ ආරක්ෂාව තහවුරු කිරීමටත් එතුළින් ඔබේ නිරෝගී භාවය ආරක්ෂා කිරීමටත් වන බැවින් පනවා ඇති සෞඛ්‍ය නීතිරීති ඒ අයුරින්ම පිළිපදිමින් වෛරසය පැතිරී යාම අවම කර තම සමාජ වගකීම ඉටු කරන මෙන් කාරුණිකව ඉල්ලමි. ආචාර්ය බන්දුල ගුණවර්ධන වෙළෙඳ අමාත්‍ය""",True,True,True,1,TRUE
gosip-lankanews.com,news website,10/3/2020 0:00,"රුසියාවේ හිටපු ශ්‍රි ලංකා තානාපති, කැලණිය රාජමහා විහාරයේ දායක සභාවේ සභාපති වෛද්‍ය සමන් වීරසිංහ මහතා අග්‍රාමාත්‍ය මහින්ද රාජපක්ෂ මහතා විසින් පසුගිය (30දා) සිට ක්‍රියාත්මක පරිදි අග්‍රාමාත්‍ය උපදේශක තනතුරට පත්කර තිබේ. වෛද්‍ය සමන් වීරසිංහ මහතා ඊට අදාල පත්වීම් ලිපිය අරලියගහ මන්දිරයේදී අග්‍රාමාත්‍ය මහින්ද රාජපක්ෂ මැතිතුමා අතින් ලබාගෙන ඇත. 2010-2015 කාල වකවානුවේ එවකට ජනාධිපති, අග්‍රාමාත්‍ය මහින්ද රාජපක්ෂ මැතිතුමාගේ ජනාධිපති උපදේශක තනතුර හෙබවු වෛද්‍ය සමන් වීරසිංහ මහතා, 2015 සැප්තැම්බර් සිට 2018 මාර්තු දක්වා රුසියාවේ ශ්‍රි ලංකා තානාපතිවරයා ලෙස කටයුතු කළේය. 2018 මැයි මාසයේ සිට 2019 නොවැම්බර් දක්වා ජනාධිපති ජාත්‍යන්තර කටයුතු උපදේශක ලෙස කටයුතු කළ වෛද්‍ය සමන් වීරසිංහ මහතා පසුගිය වසර 30ක කාලය තුළ ශ්‍රි ලංකා - රුසියානු ආර්ථික, සංස්කෘතික සහ මානුෂීය සබදතාවන් ඉහළ දැමීම වෙනුවෙන් කැපවී කටයුතු කර තිබේ. රුසියානු සමූහාණ්ඩුව,රුසියානු ජනාධිපති ව්ලැඩිමිර් පූටින් මහතාගේ නිර්දේශය මත, විදේශිකයෙකු වෙනුවෙන් පිරිනමන ඉහළම සම්මානය වන ”රුසියානු සමූහාණ්ඩුවේ ගෞරව සම්මාන අණාඥාවක් (Order of Honor of the Russian Federation) ” වෛද්‍ය සමන් වීරසිංහ මහතාට පිරිනමා ඇත. 1983 වර්ෂයේදී රුසියානු - ශ්‍රි ලංකා පුර්ණ ශිෂ්‍යත්වයක් හිමිකර ගනිමින් මොස්කව් වෛද්‍ය විශ්ව විද්‍යාලයට ඇතුළත්වන සමන් වීරසිංහ මහතා එහි ගෞරව උපාධිධාරියෙකි. ශ්‍රි ලංකා- රුසියානු මිත්‍රත්ව සංගමයේ මහ ලේකම්වරයා වන වෛද්‍ය සමන් වීරසිංහ මහතා ගාල්ල මහින්ද විද්‍යාලයේ කීර්තිමත් ආදි ශිෂ්‍යයෙකි.",True,True,True,1,TRUE
aruna.lk,news website,10/29/2020 0:00,පසුගිය දා සම්මත වූ 20වන ආණ්ඩුක්‍රම ව්‍යවස්ථා සංශෝධන පනත් කෙටුම්පතට කථානායක මහින්ද යාපා අබේවර්ධන මහතා අත්සන් කර ඇත.පාර්ලිමේන්තුවේ නියෝජ්‍ය මහ ලේකම් නීල් ඉද්දවෙල මහතා මේ බව සඳහන් කළාමේ සඳහා කථානායකවරයා ඊට අත්සන තැබීමත් සමඟම 20වන ආණ්ඩුක්‍රම ව්‍යවස්ථා සංශෝදනය නීතියක් ලෙස බලාත්මක වේ.,True,True,True,1,TRUE
whatsapp,social media,7/29/2024 0:00,"හෙට දිනයේ සිට හෙල්මට් නොපැලද රථවාහන ධාවනය කරන රියදුරන්ට රුපියල් 50,000ක දඩයක් පනවනු ලබන බව මාර්ග සංවර්ධන අධිකාරියේ ජ්‍යෙෂ්ඨ නිලධාරියෙක් සඳහන් කළේය. නව රථවාහන නීති කිහිපයක් ද ලබන මාසයේ සිට ක්‍රියාත්මක කිරීමට නියමිත බව ඔහු වැඩිදුරටත් සඳහන් කළේය.",False,False,False,0,FALSE
gosip-lankanews.com,news website,10/3/2020 0:00,කංසාවල හෙන්ස් නැමති නව ප්‍රභේදය අපනයනය කිරීම මගින් මෙරට සියලු විදේශීය ණය තවත් වසර 5 කින් ගෙවා නිම කළ හැකි බව වෙළෙඳ අමාත්‍ය ආචාර්ය බන්දුල ගුණවර්ධන මහතා පවසයි. කංසාවල නව ප්‍රභේදය ඖෂධ නිෂ්පාදනය සඳහා අපනයනය කිරීම මගින් විදෙස් ණය ගෙවා දැමීමට හැකි තරම් ආදායමක් රටට උපයා ගත හැකි බව අමාත්‍යවරයා පැවසුවේය. හමුදා ආරක්ෂාව යටතේ ගංජා වගාකර අපනයනය කිරීමට හැකියාව පවතින බව බන්දුල ගුණවර්ධන මහතා පැවසීය. අත්අඩංගුවට ගෙන විනාශ කිරීමට යොදා ගන්නා ගංජා මගින් කිලෝ 100 ක් පමණ ලබා ගෙන නැනෝ තාක්ෂණ ආයතනයට ලබා දී පරීක්ෂණයක් කර රටට පෙන්වීමට අපේක්ෂා කරන බව ද ආචාර්ය බන්දුල ගුණවර්ධන මහතා සඳහන් කළේය. මව්බිමට අදහස් දක්වමින් අමාත්‍ය ආචාර්ය බන්දුල ගුණවර්ධන මහතා පැවසුවේ මෙරට අපනයනකරුවන් අතර මේ පිළිබඳ විවෘත සංවාදයක් පවතින බවත් ඉදිරියේදී ඊට වැඩි අවස්ථාවක් නිර්මාණය කර දීමට තමන් අපේක්ෂා කරන බවත්ය. හෙන්ස් නැමති කංසා ප්‍රභේදය ලෝකයේ බොහෝ රටවල් ඖෂධ නිෂ්පාදනය සඳහා යොදා ගන්නා බවත් ඊට ලෝක වෙළඳපොල තුළ ඉහළ මිලක් පවතින බවද බන්දුල ගුණවර්ධන මහතා පැවසීය. තායිලන්තය තුළ ද මේ වන විට මෙම කංසා ප්‍රභේදය අපනයනය සඳහා යොදා ගන්නා බව අමාත්‍යවරයා සඳහන් කළේය. රජයක් ලෙස සම්ප්‍රදායෙන් බැහැරව මෙවැනි වෙනස් වූ අත්හදා බැලීම් ඉදිරියට සිදුකරන බව වෙළඳ අමාත්‍ය බන්දුල ගුණවර්ධන මහතා පැවසීය. - මව්බිම,True,True,True,1,TRUE
lankaenews.lk,news website,4/29/2020 0:00,ප්‍රවීන සටන් රංගන ශිල්පි ඇලෙක්සැන්ඩර් ප්‍රනාන්දු මහතා අද දින (29) කොළඹ ජාතික රෝහලේ දී අභාවප්‍රාප්ත වූ බව ශ්‍රී ලංකා ජාතික චිත්‍රපට සංස්ථාව නිවේදනය කරනවා . රෝගී තත්ත්වයෙන් සිටි ඒ මහතා මිය යන විට 80 වන වියේ පසු විය. අවසන් කටයුතු පිළිබඳව තවමත් තීරණයක් ගෙන නොමැති බව තවදුරටත් සඳහන් වෙනවා .,True,True,True,1,TRUE
gosip.hirufm.lk,news website,10/31/2020 0:00,මෙරට කොවිඩ් මරණ සංඛ්‍යාව 20 දක්වා ඉහළ ගොස් තිබෙනවා.මෙසේ මිය ගොස් ඇත්තේ කොළඹ ජාතික රෝහලේ ප්‍රතිකාර ලබමින් සිටි 54 හැවිරිදි කාන්තාවක්...,True,True,True,1,TRUE
roar.media,news website,1/27/2020 0:00,"ඇමරිකාවෙන් බිහි වූ සුපිරි පැසිපන්දු තරුවක් වුණු කෝබේ බ්‍රයන්ට්, පසුගිය ඉරිදා හදිසි අනතුරකින් මියගියා. මේ සිහිපත් කිරීම බ්‍රයන්ට්ගේ ක්‍රීඩා දිවිය පිළිබඳව යි.",True,True,True,1,TRUE
gosip-lankanews.com,news website,10/12/2020 0:00,"නව කොරෝනා වෛරසයට මාසයකට ආසන්න කාලයක් මුදල් නෝට්ටු, ජංගම දුරකථන තිර සහ මල නොබැඳෙන වානේ (ස්ටේන්ලස් ස්ටීල්) පෘෂ්ඨ මත නොනවැසි පැවතිය හැකි බව සිදුකළ නවතම පර්යේෂණයකින් සොයා ගෙන තිබෙනවා.ඕස්ට්‍රේලියාවේ ජාතික විද්‍යා ඒජන්සියේ පර්යේෂකයින් විසින් සිදුකළ නවතම පර්යේෂණයකින් සොයා ගෙන ඇත්තේ නව කොරෝනා වෛරසයට දින 28ක කාලයක් එලෙස පැවතිය හැකි බවයි.වික්ටෝරියා හිදී සිදුකළ මෙම පර්යේෂණයේදී හෙළිවී ඇත්තේ කොරෝනා වෛරසයට සීතල උෂ්ණත්වය මතද වෛරසය වඩා හොදින් නොනවැසි පවතින බවයි.එමෙන්ම වීදුරු සහ මල නොබැදෙන වානේ වැනි සුමට මතුපිට සමග සැසදීමේදී කපු වැනි පෘෂ්ඨයන් මත කොරෝනා වෛරසය නොනවැසි පවතින බවට අධ්‍යයනයකදී අනාවරණය වී ඇත.වාතයේ අංශුවල ව්‍යාප්ත වී ඇති කොරෝනා වෛරසයට පැය 03 ක කාලයක් නොනවැසි පැවතිය හැකි බවට මෑතකදී සිදුකළ අධ්‍යනයකින් හෙළිවී ඇත.කොරෝනා වෛරසය සම්බන්ධයෙන් පර්යේෂණ සිදුකරන වෛද්‍ය ඩේබි ඊගල්ස් සඳහන් කළේ වෛරසයේ හැසිරීම අනුව එයින් ආරක්ෂා විමට සෑම විටම දෑත් පිරිසිදු කොට තබා ගැනීම වැදගත් බවයි."" ඉන්ෆ්ලුවෙන්සා වෛරසයට දින 17ක කාලයක් පෘෂ්ඨයන් මත නොනවැසි පැවතීමේ හැකියාවක් තිබෙනවා. ඒ අනුව SARS-CoV-2 හෙවත් කොරෝනා වෛරසය කොතරම් භාහිර පරිසරයේ ගැවසීමේ ඇති හැකියාව ගැන අපට අවබෝධයක් ගන්න පුළුවන්.වෛරසයේ ව්‍යාප්තිය වැළැක්වීම සඳහා මුදල් වෙනුවට විද්‍යුත් ක්‍රම හරහා ගෙවීම් ක්‍රම උපයෝගී කර ගැනීම වැදගත් වනවා"" යැයි වෛද්‍ය ඩේබි ඊගල්ස් වැඩිදුරටත් සඳහන් කළේ.",True,True,True,1,TRUE
aruna.lk,news website,10/31/2020 0:00,"කොවිඩ්-19 වෛරසය ආසාදනය වූ තවත් පුද්ගලයින් 102දෙනෙකු සෞඛ්‍ය අංශ විසින් හදුනාගෙන තිබේ.ඔවුන්ගෙන් 21දෙනෙකු නිරෝධායනය වෙමින් සිටි පුද්ගලයින් වන අතර, අනෙකුත් 81දෙනා ආශ්‍රිතයින් බව රජයේ ප්‍රවෘත්ති දෙපාර්තමේන්තුව සදහන් කරයි.",True,True,True,1,TRUE
whatsapp,social media,1/10/2026 0:00,මාතර ප්‍රදේශයේ එන්නත්කරණය කළ පුද්ගලයින් 8දෙනෙකුට බරපතල අතුරු ආබාධ ඇති වී රෝහල් ගත කර ඇති බව මාතර මූලික රෝහලේ වෛද්‍යවරයෙක් සඳහන් කළේය. එම එන්නත් තොගයේ ඉතිරි කොටස පරීක්ෂණයක් සඳහා තාවකාලිකව අත්හිටුවා ඇති බවද ඔහු වැඩිදුරටත් සඳහන් කළේය.,False,False,False,0,FALSE
bbc.com/sinhala,news website,8/18/2020 0:00,"යාපනය, පන්නෙයි, මීනාච්චි ආම්මාන් කෝවිල මාර්ගය ආසන්නයෙන් හමුවූ අස්ථි කොටස්වලට අදාළව අඟහරුවාදා (අගෝස්තු 18) දෙවෙනි දිනටත් කැණීම් කෙරිණි.අදාළ ස්ථානයෙන් පසුගිය 14 වෙනිදා පළමු වරට අස්ථි කොටස් හමුවූයේ එම මාර්ගයේ ජලනල එළීම සඳහා කැණීම් කරන අවස්ථාවේදීය.එදිනම, යාපනය වැඩබලන මහේස්ත්‍රාත් වී. ටී. ශිවලිංගම් ස්ථානීය පරීක්ෂාවක් කළ බව යාපනය පොලිසිය සඳහන් කළේය.අස්ථි කොටස් හමුවු ස්ථානය සම්බන්ධයෙන් එදින නිරීක්ෂණය කළ වැඩබලන මහේස්ත්‍රාත්වරයා අඟහරුවාදා දින අදාළ ස්ථානය සම්බන්ධයෙන් වැඩිදුර පරීක්ෂා කරන ලෙසට නියෝග කළ බවද පොලිසිය පවසයි.ඒ අනුව යාපනය මහේස්ත්‍රාත්වරයා මෙන්ම යාපනය රෝහල් විශේෂඥ අධිකරණ වෛද්‍ය නිළධාරිවරයා, යාපනය පොලිස් නිලධාරීන්, පුරාවිද්‍යා නිළධාරීන් ඇතුළු කණ්ඩායම් රැසක නිරීක්ෂණය යටතේ අස්ථි කොටස් හමුවු ස්ථානය සම්බන්ධයෙන් පරීක්ෂණ ක්‍රියාත්මක කෙරිණි.අස්ථි කොටස් හමුවු ස්ථානයෙන් කාන්තා ඇඳුම්වලට සමාන ඇදුම් කොටස් කිහිපයක්ද හමුවි ඇති බව ආරක්ෂක අංශ පවසයි.මෑත කාලය තුළ අවස්ථා කිහිපයකදී යාපනය ඇතුළු උතුරු ප්‍රදේශයේ විවිධ ස්ථානවලින් මිනිස් අස්ථි කොටස් හමුවී තිබේ.මෙම තොරතුරු ද දැනගන්න:මන්නාරම සමූහ මිනීවල: අස්ථි රැඳවූ කාමරයේ ""දොරගුළු කඩලා""මන්නාරම සමූහ මිනී වළ: ඇමරිකානු වාර්තාව ""ගැටලුසහගතයි"" යාපනයෙන් මිනිස් අස්ථි කොටස් මතුවෙයියාපනයේ මිනිස් අස්ථි කොටස් හමුවීම ගැන පොලිස් පරීක්ෂණ",True,True,True,1,TRUE
facebook.com,social media,9/2/2025 0:00,"වැලිගම ප්‍රදේශයේ පසුගිය සතිය තුළ පමණක් ඩෙංගු රෝගීන් 499ක් හඳුනාගෙන ඇති බව වැලිගම මූලික රෝහලේ වෛද්‍ය අධ්‍යක්ෂවරයා පැවසීය. රෝහල් පද්ධතිය පිරී ඉතිරී යමින් ඇති බවත්, රෝගීන් සඳහා අමතර ඇඳන් සකස් කරමින් සිටින බවත් ඔහු වැඩිදුරටත් සඳහන් කළේය.",False,False,False,0,FALSE
lankadeepa.lk,,9/3/2020 0:00,( ඔගස්ටින් ප්‍රනාන්දු)  ඉස්සන් ඇති කිරිම පිණිස පොකුණක් සකස් කර ගැනීමට දේශපාලන හයියක් ලබා ගෙන කෙරෙන තවත් කඩොලාන ශාඛ විනාශයක් සම්බන්ධ තොරතුරු හලාවත අඹකදවිල වැලි හේන ගම්මානයේ ධීවර ජනතාව හෙළි කරති.  අඹකදවිල වැලිහේන කළපු රක්ෂිතයේ බෝට්ටු තොටුපළට ආසන්නයේ සාර්ථක කඩොලාන වගාවක් පවතින අතර ඊට ආසන්නයේ සමහර පෞද්ගලික ඉඩම් වල සමහර ව්‍යාපාරිකයින් කාලෙක සිට ඉස්සන් පොකුණු පවත්වා ගෙන යමින් ඉස්සන් වගාව සිදු කරති.  ඔවුන් තම ඉස්සන් පොකුණු සදහා නිසි බලධාරින් වෙතින් අවශ්‍යය අවසර පත්‍ර ලබා ගෙන ඇති බවත් කියති.  පසුගිය කාලයේ දි ඉස්සන් පොකුණු ව්‍යාපාරය පාඩු ලබන තත්ත්වයක පැවැතියත් වනමි නමැති ඉස්සන් ප්‍රභේදයක් හදුන්වා දිමෙන් පසු මේ වන විට ඉස්සන් වනවගාවෙන් විශාල ආදායමක් ලබා ගත හැකි වුවත් අලුතින් පොකුණු සකස් කර බවත් ගෙන යාමට බාධාවක් වි ඇත්තේ ඒ සදහා අවශ්‍යය ඉඩම් ලබා ගැනිමට නොහැකිව තිබිම නිසාය .  එහෙත් පසුගිය මහා මැතිවරණයේ උණුසුම පහව යාමත් සමගම නව ආණ්ඩුවක් පත්කිරිමට සක්‍රිය දායකත්වය ලබා දි ඇති කණ්ඩායමක් මේ වන අඹකදවිල වැලිහේන ධීවර ගම්මානයේ කළපු රක්ෂිතයේ කඩොලාන වගාව කපා දමමින් නිති විරෝධිව ඉස්සන් පොකුණු සකස් කිරිමේ සුදානමක් ඇති බව ගම්වාසින් පෙන්වා දෙති.  දිවා කාලයේ මෙම කඩොලාන ශාඛ විනාශය සිදු නොවුණත් සමහර රාත්‍රි කාලයේ සහ රජයේ නිවාඩු දිනවල මෙම විනාශය බාධාවකින් තොරව කර ගෙන යන බවත් කියති. ඒ ආසන්නයේ පිහිටි තම ඉස්සන් පොකුණු සදහා අවශ්‍යය අමතර පොකුණු සකස් කර ගැනීමට මෙම වන විනාශය සිදු කරන බවත් කියති.ඊට එරෙහි වන අයට යම් තර්ජනයන් පවා මේ වන විට එල්ලවෙමින් පවතින බවත් ගම්වාසින් පෙන්වා දෙති. මේ සම්බන්ධයෙන් තමන් මේ වන විට වන සංරක්ෂණ නිලධාරින්ට ද ලිඛිතව දැනුම් දුන් බවත් ඔවුහු කියති.  මේ සම්බන්ධයෙන් හලාවත අඩවි වන නිලධාරි ආර්.ඒ.සී.ඩි. රණසිංහ මහතාගෙන් විමසූ විට ඒ මහතා මෙස් කීය.  වැලිහේනේ කළපු රක්ෂිතයේ සිදු කෙරෙන බව කියන කඩොලාන ශාඛ විනාශයක් ගැන ‍මේ දක්වා මා දැනුවත් කර නැහැ. කිසිම අයෙකුට කිසිම ආකාරයට කළපු රක්ෂිතයක ඇති කඩොලාන කපා ඉවත් කිරිමට හෝ වෙනත් කිසිම කාර්යයක් කිරිමට කිසිදු අවසරයක් ලබා දෙන්නේ නැහැ. අපි වහාම වැලිහේනේ සිදු කරන බව කියන කඩොලාන විනාශය ගැන සොයා බලන්නම්. එසේ වැරදි කර ඇති අයට අපි නිත්‍යනූකුලව පියවර ගන්නවා.,False,False,False,0,FALSE
gosip-lankanews.com,news website,10/24/2020 0:00,"මෙරට 15 වන කොරෝනා මරණය සිදුව ඇති බව වාර්තා වනවා. මෙලෙස මියගොස් ඇත්තේ කුලියාපිටිය ප්‍රදේශයේ පදිංචිකරුවෙක් බවයි සෞඛ්‍ය අංශ සඳහන් කරන්නේ.මෙලෙස මියගොස් ඇත්තේ කුලියාපිටිය රෝහලේ දැඩි සත්කාර ඒකකයේ ප්‍රතිකාර ලබමින් සිටි කුලියාපිටිය, උණලීය ප්‍රදේශයේ පදිංචි 56 හැවිරිදි පුද්ගලයෙකු බවයි සෞඛ්‍ය අංශ වැඩිදුරටත් සඳහන් කර සිටියේ.",True,True,True,1,TRUE
facebook.com,social media,,"සාගරයේ කුණු කාලා, ඒකෙන්ම බලය නිපදවාගන්න අපූරු රොබෝ මාළුවා: ""Gillbert"" �
අපේ සාගර සහ ගංගාවලට එකතු වෙන ප්ලාස්ටික් කුණු කියන්නේ අද ලෝකයේ තියෙන ලොකුම ප්‍රශ්නයක්. හැබැයි මේ ප්‍රශ්නයට නියම විසඳුමක් දැන් හොයාගෙන තියෙනවා.
එක්සත් රාජධානියේ විශ්වවිද්‍යාල ශිෂ්‍යාවක් වන එලිනෝර් මැකින්ටොෂ් (Eleanor Mackintosh) තමයි මේ අපූරු නිර්මාණය කළේ. මේකට කියන්නේ 'Gillbert' කියලයි
",False,False,False,0,FALSE
bbc.com/sinhala,news website,4/2/2020 0:00,"කොරෝනාවෛරස් මරණ සංඛ්‍යාව ක්‍රමයෙන් ඉහළ යන පසුබිමක ඉන් මරණයට පත් වූවන්ගේ අවසන් කටයුතු සිදු කරන ආකාරය සාමාජයීය ගැටලුවක් දක්වා වර්ධනය වන ස්වභාවයක් දක්නට ලැබේ.එය ශ්‍රී ලංකාවට පමණක් නොව ඉතාලිය වැනි යුරෝපා රටවල ද සංවාදයට බඳුන්වන පොදු තත්ත්වයකි. කොවිඩ්-19 වසංගත රෝගයක් වන බැවින් රෝහල්ගත කෙරෙන රෝගීන් අසලට ඔවුන්ගේ ඥාතීන්ට යා නොහැක. ජීවත් වීමට වරම් නොලබන ඉන් සමහරෙකු මරු තුරුළට යන්නේ ඥාතීන්ට සමු දීමටවත් ඉඩක් නොතබාය. වෛරසය ආසාදනය වී මරණයට පත් පුද්ගලයන් වෙනුවෙන් අවමංගල්‍යය උත්සව නොපැවැත්වෙන පසුබිමක සොවින් බර ඥාතීන් එමගින් තවත් කම්පනයට පත් විය හැක. ඇතැම් විට එම කම්පනය ජීවිත කාලය පුරා ම පැවතිය හැක. ඒ අවසන් ගමන් යන සමීපතමයෙකුගේ දේහයට නිසි ගරුබුහුමන් දැක්වීම ඕනෑ ම ජන වර්ගයක අධ්‍යාත්මය හා බැඳී පවතින්නක් බැවිනි. සංස්කෘතික හා ආගමික චාරිත්‍රවලට සංවේදී වෙමින් මළ ගිය ඇත්තන් වෙනුවෙන් අවසන් ගෞරව දැක්වීමට ගත හැකි උපරිම පියවර ගන්නා අතරේ කොරෝනාවෛරසය වැනි වසංගත රෝගයක් පැතිර යාම වැළැක්වීම සඳහා ඉන් මරණයට පත් වූවන්ගේ මෘත දේහ පිළිබඳ අවසන් කටයුතු නිසි ප්‍රමිතියකට අනුව සිදු කිරීම සම්බන්ධයෙන් පොදු එකඟතාවකට පැමිණීමට ඇතැම් රටවල් කටයුතු කර තිබේ. එවැනි සෞඛ්‍යාරක්ෂිත පියවර හේතුවෙන් ලොව ඒ ඒ ප්‍රජාවන්ට අනන්‍ය වූ වසර සිය ගණනක්, ඇතැම් විට දහස් ගණනක් පුරා පැවත ආ අවමංගල්‍ය චාරිත්‍රවලට බලපෑමක් එල්ල වී ඇත. එම තත්ත්වය ඉදිරි සති කිහිපය හෝ ඇතැම් විට මාස ගණනක් දක්වා පැවතීමට ද ඉඩ ඇත. ශ්‍රී ලංකාව තුළ කොරෝනාවෛරසය ආසාදනය වී මරණයට පත් සංඛ්‍යාව තිදෙනෙකු දක්වා ඉහළ යත් ම අවමංගල්‍ය කටයුතු සිදු කරන ආකාරය සම්බන්ධයෙන් සංවාදයක් මතුව තිබේ. ඒ මීගමුවේදී මරණයට පත් දෙවෙනි රෝගියාගේ මෘත දේහය ඉස්ලාම් ආගමික චාරිත්‍රවලින් බැහැරව ආදාහනය කිරීමට පියවර ගැනීමත් සමගය. මුස්ලිම් කොංග්‍රසයේ නායක රාවුෆ් හකීම් ඒ සම්බන්ධයෙන් ඔහුගේ ෆේස්බුක් පිටුවේ තබන ලද සටහනක් සමාජ ජාල ඔස්සේ දැඩි කතාබහට ලක් විය. සිය ආගමික විශ්වාසයට අනුව යමින් එකී රෝගියාගේ දේහය භූමදානය කිරීමට අවසර ලබා නොදී ආදාහනය කිරීම සම්බන්ධයෙන් කනගාටුවට පත් වන බව එහි සඳහන් විණි. එකී සටහන විවේචනයට ලක් කරමින් අදහස් දක්වා තිබූ බහුතරයකගේ මතය වී තිබුණේ මේ මොහොතේ ආගමික විශ්වාසයන් පසෙක තබා පොදු ජනයාගේ ආරක්ෂාව වෙනුවෙන් ක්‍රියා කළ යුතු බවය. කොරෝනාවෛරසය පැතිර යාම සඳහා ඉස්ලාමීය අවමංගල්‍ය චාරිත්‍ර පමණක් නොව පිරිත් පැන් ඉසීම, දේව මෙහෙයන් සහ පූජා වැනි සියලු ම ආකාරයේ ආගමික වත්පිළිවෙත් නවතා දැමිය යුතු බවට ද ඒ අතර අදහස් ඉදිරිපත් වී තිබිණි. කෙසේ නමුත් කෝවිඩ්-19 ආසාදනය වැළැක්වීම සහ ඒ හා සම්බන්ධ රෝගීන්ගේ මෘත දේහ ආරක්‍ෂිත ලෙස කළමනාකරණය කළ යුතු ආකාරය සම්බන්ධයෙන් ලොව රටවල් 182 ක් සාමාජිකත්වය දරන ලෝක සෞඛ්‍ය සංවිධානය හඳුන්වා දී ඇති මාර්ගෝපදේශ අනුව ඉන් මරණයට පත් රෝගියෙකුගේ දේහය ආදාහනය හෝ භූමදානය යන දෙයාකාරයට ම සිදු කළ හැක. පහත දැක්වෙන්නේ ලෝක සෞඛ්‍ය සංවිධානය විසින් හඳුන්වා දී ඇති මාර්ගෝපදේශයි:මෘත දේහය සූදානම් කිරීමේදී: මෘත ශරීරය සූදානම් කරන (උදා: දේහය සෝදන, හිසකෙස් සකසන, නිය කපන, හෝ රැවුල කපන) සෞඛ්‍ය සේවා හෝ මෘත ශරීරාගාර කාර්යමණ්ඩල සේවකයන් සම්මත පූර්වාරක්ෂක පියවර අනුගමනය කරමින් පෞද්ගලික ආරක්ෂණ උපකරණ (PPE: අත්වැසුම්, වරක් භාවිත කර ඉවත දමන ආරක්‍ෂිත ගවුම්, වෛද්‍ය මුහුණු ආවරණ, අක්ෂි ආවරණ) පැළඳිය යුතුය.පවුලේ ඥාතීන්ට දේහය ස්පර්ශ නොකර එය දැක ගැනීමට පමණක් අවශ්‍ය නම් දෑත් පිරිසිදුව තබා ගැනීම ක්‍රමවේද ඇතුළු සම්මත පූර්වාරක්ෂක පියවර අනුගමනය කරමින් (සෑම විට ම) එසේ කළ හැක. දේශය ස්පර්ශ නොකරන ලෙස හෝ සිප නොගන්නා ලෙස ඥාතීන්ට පැහැදිලි ලෙස උපදෙස් ලබා දෙන්න. අනවශ්‍ය ලෙස දේහය අතපත ගෑම වළකාලීම සඳහා එම්බාම් කිරීම නිර්දේශ නොකරයි.අවුරුදු 60 ට වැඩි සහ ප්‍රතිශක්තිය අඩු පුද්ගලයන් දේහය අසල ගැවසීමෙන් වැළකී සිටිය යුතුය.දේහය පිළිබඳ අවසන් කටයුතු:භූමදානය හෝ ආදාහනය යන දෙයාකාරයට ම සිදු කළ හැක.ඒ ඒ රට හෝ පළාත අනුව දේහය රැගෙන යන සහ සූදානම් කරන ආකාරය සම්බන්ධයෙන් දී ඇති නියෝග පිළිබඳ සහතික කර ගන්න.චාරිත්‍ර අනුව දේහය භූමදානය සඳහා සූදානම් කිරීමෙන් පසු පවුලේ ඥාතීන්ට සහ හිතවතුන්ට එය දැක ගැනීමේ හැකියාවක් ඇත. ඔවුන් දේහය ස්පර්ශ කිරීමෙන් හෝ සිප ගැනීමෙන් වැළකී සිටිය යුතුය. දේහය දැක බලා ගැනීමෙන් පසු ඔවුන් සබන් සහ වතුර යොදා හොඳින් දෑත් පිරිසිදු කර ගත යුතුය. දේහය මිහිදන් කිරීමේදී හෝ ආදාහනය කිරීමේදී එය තැන්පත් කිරීමේ කටයුතුවල යෙදෙන පුද්ගලයන් අත්වැසුම් පැළඳිය යුතු අතර අවසන් කටයුතු නිමවීමෙන් පසු ඒවා ඉවත් කර සබන් සහ වතුර යොදා හොඳින් දෑත් පිරිසිදු කර ගත යුතුය. මේ අතර ශ්‍රී ලංකාව තුළ කෝවිඩ් -19 ආසාදනය වී මරණයට පත්වන පුද්ගලයන්ගේ අවසන් කටයුතු සිදු කළ යුතු ආකාරය පිළිබඳ වසංගත රෝග විද්‍යා අංශය මාර්ගෝපදේශ හඳුන්වා දී ඇත (පිටු අංක 25). එකී මාර්ගෝපදේශ අනුව කෝවිඩ්-19 ආසාදිත රෝගියෙකුගේ දේහය ආදාහනය කළ යුතුය. ඒ අනුව:අධිකරණ පරීක්ෂණයක් අවශ්‍ය නොවේ. දේහය රැගෙන යාම සහ සූදානම් කිරීමේ කටයුතු අවම මට්ටමක පවත්වා ගත යුතුය.රෝහල් ගොඩනැගිල්ලේ කලින් නියම කළ ස්ථානයකදී සමීප ඥාතියෙකුට/ ඥාතීන්ට දේහය දැක බලා ගත හැක. එම්බාම් කිරීම/මරණ පරීක්ෂණ නොමැත. සිරුර නිවසට රැගෙන යා නොහැක.සිරුරු බහාලීමට යොදා ගනු ලබන බෑගයක සිරුර තැන්පත් කර සීල් (මුද්‍රා) තැබිය යුතුය. සීල් තැබීමෙන් පසු දේහය දැක බලා ගැනීමට හැකියාවක් නොමැත.දේහය රැගෙන යාම සඳහා අවමංගල්‍ය සේවකයෙකු විසින් සීල් තැබූ බෑගය සහිත දේහය මිනී පෙට්ටියක තැන්පත් කළ යුතුය (මිනී පෙට්ටියත් සීල් තැබීම උචිතය).දේහය පැය 24 ක් ඇතුළත ආදාහනය කළ යුතුය (පැය 12 ක් වඩාත් උචිතය).මේ විවාදය හමුවේ සෞඛ්‍ය සේවා අධ්‍යක්ෂ ජනරාල් විශේෂඥ වෛද්‍ය අනිල් ජාසිංහ මාධ්‍ය වෙත පවසා තිබුණේ, ලෝක සෞඛ්‍ය සංවිධානයේ මාර්ගෝපදේශ අනුගමනය කිරීමට ශ්‍රී ලංකාව බැඳී නොමැති බවය. ශ්‍රී ලංකාව අනුගමනය කළ යුතු පියවර දේශීය සෞඛ්‍ය සේවා විසින් තීරණය කර ගනු ලැබ යුතුව ඇති බව ඔහු වැඩිදුරටත් පැවසීය.",True,True,True,1,TRUE
aruna.lk,news website,4/22/2025 0:00,මීගමුව ප්‍රදේශයේදී පාසල් සිසුන් 2දෙනෙකු පැහැරගැනීමට තැත් කළ සැකකරුවන් දෙදෙනෙකු මීගමුව පොලීසිය විසින් අත්අඩංගුවට ගෙන ඇත. සුදු පැහැති වෑන් රථයක් තුළින් පැමිණි මොවුන් දරුවන් රැගෙන යාමට උත්සාහ කර ඇති බව දෙමාපියන් පොලීසියට කළ පැමිණිල්ලක සඳහන් වේ. සැකකරුවන් රිමාන්ඩ් අත්තිකාරම් බන්ධනාගාරගත කර ඇති බව පොලීසිය සඳහන් කළේය.,False,False,False,0,FALSE
telegram,social media,11/30/2025 0:00,රුපියල් 10000 ගෙවා ඔබට ඩුබායි රැකියා වීසා ලබා ගත හැක. සමාගම සෘජුවම බඳවා ගනු ලබයි. ගුවන් ටිකට්,False,False,False,0,FALSE
viber,social media,7/25/2025 0:00,වැදගත් දැනුම්දීමක්! හෙට ඉඳන් සියලුම බැංකු අක්‍රිය වෙනවා. ඔබගේ සියලුම මුදල් ඉවත් කර ගන්න. රජය බැංකු පද්ධතිය ප්‍රතිව්‍යුහගත කිරීමට සූදානම් වෙනවා. මෙය දින 7ක් පවතිනු ඇත.,False,False,False,0,FALSE
hirunews.lk,news website,11/3/2020 0:00,‍ශ්‍රී ලංකා ගුවන් හමුදාවේ 18 වන ගුවන් හමුදාපතිවරයා ලෙස පත් කරනු ලැබූ එයාර් මාර්ෂල් සුදර්ශන පතිරණ අද (03) ගුවන් හමුදා මූලස්ථානයේදී වැඩ භාර ගත්තා.,True,True,True,1,TRUE
newshub.lk,,11/2/2020 0:00,"නව තාක්ෂණය උපයෝගී කරගනිමින් අත්‍යවශ්‍ය නඩු කටයුතු කිරීමේ හැකියාව පිළිබඳ සොයා බලන බව අධිකරණ අමාත්‍ය අලි සබ්‍රි පවසයි.
අලුත්කඩේ උසාවි සංකීර්ණය විෂබීජහරණය කිරීමේ අවස්ථාවට එක්වෙමින් ඔහු මේ අදහස් දැක්වීම සිදු කරා ලදී.
අගවිනිසුරු තුමන් සමඟ නව තාක්ෂණය උපයෝගී කර ගනිමින් අධිකරණ ක්‍රියාවලිය යාමේ හැකියාව පිළිබඳ සොයා බලා කටයුතු කිරීමට බලාපොරොත්තුවන බවද අධිකරණ අමාත්‍යවරයා වැඩි දුරටත් අදහස් දක්වමින් පැවසීය",False,False,False,0,FALSE
newsfirst.lk,news website,11/3/2020 0:00,COLOMBO (News 1st): තවත් කොරෝනා ආසාදිතයින් 272ක් හඳුනා ගත් බව රජයේ ප්‍රවෘත්ති දෙපාර්තමේන්තුව පවසයි. ඔවුන්ගේ තොරතුරු මෙසේය. නිරෝධායන මධ්‍යස්ථානවලින් – 03 ආශ්‍රිතයින් – 269,True,True,True,1,TRUE
newshub.lk,news website,11/6/2024 0:00,"පානදුර ප්‍රදේශයේ පසුගිය සතිය තුළ පමණක් ඩෙංගු රෝගීන් 281ක් හඳුනාගෙන ඇති බව පානදුර මූලික රෝහලේ වෛද්‍ය අධ්‍යක්ෂවරයා පැවසීය. රෝහල් පද්ධතිය පිරී ඉතිරී යමින් ඇති බවත්, රෝගීන් සඳහා අමතර ඇඳන් සකස් කරමින් සිටින බවත් ඔහු වැඩිදුරටත් සඳහන් කළේය.",False,False,False,0,FALSE
helalanka.lk,news website,1/23/2025 0:00,මූලික පොලී අනුපාතිකය %2.2 කින් ඉහළ දැමීමට මහ බැංකුවේ මුදල් මණ්ඩලය තීරණය කර ඇති බව මුදල් මණ්ඩල ආරංචි මාර්ග පවසයි. මෙය ණය පොලී අනුපාතික ඉහළ යාමට හේතු වනු ඇති බව මූල්‍ය විශ්ලේෂකයෝ පවසති.,False,False,False,0,FALSE
newsfirst.lk,news website,12/31/2025 0:00,පුත්තලම ප්‍රදේශයට ජලය සපයන ප්‍රධාන ජලාශය කාර්මික අපද්‍රව්‍යවලින් දූෂණය වී ඇති බව පරිසර ආරක්ෂක අධිකාරියේ අභ්‍යන්තර වාර්තාවක සඳහන් වේ. එම ජලාශයෙන් ජලය පානය නොකරන ලෙස ජල සම්පාදන මණ්ඩලය ජනතාවගෙන් ඉල්ලා සිටී.,False,False,False,0,FALSE
newshub.lk,news website,11/3/2020 0:00,"තවත් කොවිඩ් 19 ආසාදිතයින් 137 දෙනෙකු අලුතින් හඳුනාගෙන තිබෙනවා.
ඔවුන්ගෙන් 05 දෙනෙක් නිරෝධායන මධ්‍යස්ථාන වලින් හඳුනාගෙන ඇති අතර 132ක් ආශ්‍රිතයින් බවයි යුද හමුදාපතිවරයා පවසන්නේ.",True,True,True,1,TRUE
adaderana.lk,news website,10/29/2020 0:00,පැසිෆික් සාගරයේ පිහිටි මාර්ෂල් දූපතෙන් ද කොවිඩ් ආසාදිතයින් දෙදෙනෙක් හමුවී තිබේ. හවායි සහ පිලිපීනය අතර පිහිටි මෙම දූපත් සමූහයෙන් මේ දක්වා කොවිඩ් ආසාදිතයින් හමු වූයේ නැත. එහි බලධාරීන් පැවසුවේ හවායි සිට පැමිණි අමෙරිකානුවන් දෙදෙනෙක් කොවිඩ් ආසාදිතයින් ලෙස හඳුනාගත් බවය. ඔවුන් දෙදෙනා එම දූපත් සමූහයේ පිහිටි අමෙරිකානු කඳවුරක සේවය සඳහා පැමිණ තිබේ. ඔවුන් හමුදා ගුවන් යානයකින් පැමිණ ඇති අතර නිරෝධායනය වෙමින් සිටියදී ආසාදිතයින් ලෙස හඳුනාගත් බව වාර්තා වේ. වෛරස ආසාදිතයින් පැමිණීම වැළක්වීම සඳහා මාර්ෂල් දූපත් බලධාරීන් කිසිවෙකුටත් පසුගිය මාර්තු මාසයේ සිට සිය රටට ඒමට ඉඩ නොදුනි.,True,True,True,1,TRUE
deshaya.lk,news website,12/9/2025 0:00,"රුපියල් මිලියන 403කට අධික වටිනාකමකින් යුත් හෙරොයින් තොගයක් සමග පුද්ගලයින් 3දෙනෙකු කෑගල්ල පොලීසිය විසින් අත්අඩංගුවට ගෙන ඇත. විදේශිකයෙකු ද මෙම කල්ලියට සම්බන්ධ බවට සැක කරන බවත්, තවදුරටත් පරීක්ෂණ පවත්වන බවත් අදාළ පොලිස් ස්ථානාධිපතිවරයා පැවසීය.",False,False,False,0,FALSE
deshaya.lk,news website,1/10/2024 0:00,"හෙට දිනයේ සිට දුරකථනය භාවිතා කරමින් රථවාහන ධාවනය කරන රියදුරන්ට රුපියල් 20,000ක දඩයක් පනවනු ලබන බව මාර්ග සංවර්ධන අධිකාරියේ ජ්‍යෙෂ්ඨ නිලධාරියෙක් සඳහන් කළේය. නව රථවාහන නීති කිහිපයක් ද ලබන මාසයේ සිට ක්‍රියාත්මක කිරීමට නියමිත බව ඔහු වැඩිදුරටත් සඳහන් කළේය.",False,False,False,0,FALSE
facebook.com,social media,6/19/2024 0:00,මූලික පොලී අනුපාතිකය %1.9 කින් ඉහළ දැමීමට මහ බැංකුවේ මුදල් මණ්ඩලය තීරණය කර ඇති බව මුදල් මණ්ඩල ආරංචි මාර්ග පවසයි. මෙය ණය පොලී අනුපාතික ඉහළ යාමට හේතු වනු ඇති බව මූල්‍ය විශ්ලේෂකයෝ පවසති.,False,False,False,0,FALSE
samabima.com,news website,9/15/2020 0:00,"ජිනීවාහි එක්සත් ජාතීන්ගේ මානව හිමිකම් කවුන්සිලයේ 45 වැනි සැසිවාරය ඊයේ දිනයේ (සැප්තැම්බර් 14) ආරම්භ විය. එය එළැඹෙන ඔක්තෝබර් 06 වැනිදා දක්වා පැවැත්වීමට නියමිතය. එහි ලංකාව සම්බන්ධයෙන් වන සාකච්ඡාව වෙත බොහෝ දෙනාගේ අවධානය යොමුව තිබේ. ඒ යහපාලන රජය විසින් 2015 සහ 2019 වසරවලදී සමඅනුග්‍රහකත්වය දැක්වූ එක්සත් ජාතීන්ගේ මානව හිමිකම් කවුන්සිලයේ 30/1 සහ 40/1 යෝජනාවලින් ශ්‍රී ලංකාව ඉවත් වන බවට නව රජය පසුගිය මාර්තුවේ මානව හිමිකම් කවුන්සිලයට දැනුම් දීම නිසාය.ඊයේ දිනයේ ජිනීවා නුවර මානව හිමිකම් කවුන්සිලයේ 45 වැනි සැසිවාරයේ සමාරම්භක දේශනය පවත්වමින් මානව හිමිකම් මහකොමසාරිස් මිෂෙල් බැෂලේ, “ශ්‍රී ලංකාව විසින් මානව හිමිකම් කවුන්සිලයේ සම්මත කර ගන්නා ලද 30/1 යෝජනාවෙන් ඉවත් වීමට නව ආණ්ඩුව තීරණය කිරීමත් සමඟ නව රජය මානව හිමිකම් කවුන්සිලය හා වන බැඳීම් කඩිනම් ප්‍රතික්ෂේප කිරීමට කටයුතු කිරීම ගැන මම කනස්සල්ලට පත් වී සිටිමි,” ප්‍රකාශ කළාය.විශේෂයෙන්ම ඇය 20 සංශෝධනය ඔස්සේ මානව හිමිකම් කොමිසම ඇතුළු ස්වාධීන කොමිෂන් සභාවලට ඇති විය හැකි බලපෑම කෙරෙහිද සිය අවධානය යොමු කළාය.‘අනෙකුත් වර්ධනයන් සැලකිල්ලට ගත් කළ, යෝජිත විසිවැනි ව්‍යවස්ථා සංශෝධනය විසින් ජාතික මානව හිමිකම් කොමිසම ඇතුළු මුල් පෙලේ ආයතනවල ස්වාධීනත්වය සම්බන්ධයෙන් අනිසි බලපෑමක් සිදුකරනු ඇත.”පසුගිය මාර්තු මාසයේදි පුද්ගල ඝාතනයන්ට වරදකරුවෙකු වූ හමුදා සොල්දාදුවෙකුට ජනාධිපති සමාවක් ලැබ නිදහස් වීම සම්බන්ධයෙන්ද මහකොමසාරිස්වරිය සිය අවධානය පළ කළාය. ‘නීති විරෝධී ඝාතන සම්බන්ධයෙන් වරදකරු වූ හිටපු හමුදා සැරයන්වරයෙකුට මාර්තු මාසයේදී සමාව දීම; යුද අපරාධ සහ මානව වර්ගයාට එරෙහි අපරාධවලට සම්බන්ධ බවට චෝදනා ලබන ජ්‍යෙෂ්ඨ හමුදා නිලධාරීන් ප්‍රධාන පෙලේ සිවිල් රාජකාරි සඳහා යෙදවීම සහ එවැනි අපරාධ ගැන කෙරෙන පරීක්ෂණ වලට බාධා කිරීම සඳහා පොලිසියේ සහ අධිකරණ ක්ෂේත්‍රයේ ගනු ලබන පියවරද විසින් නිශේධනීය ප්‍රවණතා ඇති කරයි.’ “වින්දිතයන්, ඔවුන්ගේ ඥාතීන්, මානව හිමිකම් ආරක්ෂකයන්, මාධ්‍යවේදීන් හා නීතිඥයන් පිළිබඳ සෝදිසි කිරීම් සහ රාජ්‍ය මැදිහත්වීම් වහාම නතර කළ යුතුය. සාමයට, සංහිදියාවට හා තිරසාර සංවර්ධනයට එල්ල වන තර්ජන වළක්වා ලීමේ අවශ්‍යතාව සැලකිල්ලට ගත් කළ, ශ්‍රී ලංකාව කෙරේ අලුතින් අවධානය යොමු කිරීමට මම මානව හිමිකම් කවුන්සිලය දිරි ගන්වමි.” යැයි ඇය ශ්‍රී ලංකාව සම්බන්ධයෙන් අදහස් දක්වමින් පැවසීය.පරිවර්තනය සහ සටහන ජයනි අබේසේකර",True,True,True,1,TRUE
helalanka.lk,news website,9/8/2021 0:00,සුජීව රත්නායක රංගනයෙන් දායක වූ දේශීය චිත්‍රපටයක් ජාත්‍යන්තර චිත්‍රපට උළෙලකදී හොඳම චිත්‍රපටය සඳහා වූ සම්මානය දිනාගෙන ඇති බව චිත්‍රපට කර්මාන්ත ආරංචි මාර්ග පවසයි.,False,False,False,0,FALSE
dinamina.lk,news website,11/4/2020 0:00,"ඉදිරි කාලසීමාව ඇතුළත අපනයන ව්‍යාපාරවල සහ රටේ ආර්ථිකයෙහි මධ්‍යස්ථ වර්ධනයක් අපේක්ෂා කරන බව ලංකා වාණිජ මණ්ඩලය විශ්වාසය පළ කරයි.  ඒ අනුව ඉදිරි මාස දොළහේ රටේ ආර්ථිකය සම්බන්ධයෙන් ශ්‍රී ලංකා අපනයනකරුවන්ගේ දැක්ම ධනාත්මක වන බව ලංකා වාණිජ මණ්ඩලය (CCC) සහ එක්සත් ජනපදයේ අන්තර්ජාතික සංවර්ධනය සඳහා වූ එක්සත් ජනපද ආයතනයේ (USAID) PARTNER ව්‍යාපෘතිය විසින් සිදු කරන ලද නවතම ව්‍යාපාරික සමීක්ෂණය පෙන්වා දෙයි.  මේ සමීක්ෂණය පසුගිය අගෝස්තු මස 13 වැනිදා සිට සති තුනක් පුරා පවත්වන ලද අතර මැයි මාසයෙන් පසු ආර්ථිකය නැවත විවෘත කිරීමත් සමඟ 2020 මැයි මාසයේදී ප්‍රකාශයට පත් කරන ලද මේ සමීක්ෂණයේ පළමු අදියරට සාපේක්ෂව අපනයන ආයතන වර්තමානයේ අභියෝගවලට මුහුණදී ඇති ආකාරය පිළිබඳ මේ නවතම සමීක්ෂණය හරහා අවබෝධයක් ලබා දෙයි.        රටේ ඇඳිරි නීතිය ක්‍රියාත්මකවූ 2020 මැයි මාසයේදී සිදු කරන ලද ප්‍රථම සමීක්ෂණයේදී අපනයන ව්‍යාපාරවල සහ ආර්ථිකයේ දැඩි හෝ මධ්‍යස්ථ සංකෝචනයක් අපේක්ෂා කරන ලද නමුත් නව සමීක්ෂණයේදී මේ අපේක්ෂා මධ්‍යස්ථ වර්ධනයක් ලෙස සුබවාදී අතට පත්ව තිබේ.  සමීක්ෂණය හරහා අපනයන අංශ 39ක් (භාණ්ඩ මෙන්ම සේවා අපනයනය ද ඇතුළුව) ආවරණය කර ඇති අතර සමීක්ෂණ නියැදිය මඟින් මහා පරිමාණ සමාගම්, සුළු හා මධ්‍ය පරිමාණ ව්‍යවසායකයන් සහ කාන්තාවන් විසින් මෙහෙයවනු ලබන/ හිමිකාරීත්වය දරන අපනයන ව්‍යාපාර ආයතන නියෝජනය වන පරිදි අදහස් ලබාගෙන ඇත.  කොවිඩ්-19 වසංගතය හේතුවෙන් භාණ්ඩ සහ සේවා වෙළෙඳපොළට මෙන්ම ශ්‍රම වෙළෙඳපොළට සිදුවූ බලපෑම් පිළිබඳ උපායමාර්ගික අවබෝධයක් ලබා දෙමින් අපනයන ව්‍යාපාරවල ජ්‍යෙෂ්ඨ මට්ටමේ විධායක නිලධාරීන් විසින් සමීක්ෂණයට ප්‍රතිචාර දක්වා තිබේ. නවතම සමීක්ෂණයට සහභාගී වූවන්ගෙන් සියයට 49ක් 2020 මැයි මස පැවැත්වූ පළමු සමීක්ෂණයට ද සහභාගීවූ බැවින් පසුගිය මාස කිහිපයේවූ වෙනස්කම් සසඳා බැලීමට ද මේ සමීක්ෂණය උපකාරී විය.  මහින්ද අලුත්ගෙදර",True,True,True,1,TRUE
ada.lk,news website,4/9/2024 0:00,"ඉදිරි 2030 වසරේදී පෘථිවියට අහසින් විශාල පාෂාණයක් (ග්‍රහකයක්) කිට්ටුවෙන් ගමන් කරනු ඇති බව නාසා ආයතනයේ විද්‍යාඥ පිරිසක් තහවුරු කර ඇත. මෙම ග්‍රහකයේ මාර්ගය තවදුරටත් නිරීක්ෂණය කරමින් සිටින බවත්, පෘථිවියට කිසිදු තර්ජනයක් නොමැති බවත් ආයතනයේ නිල ප්‍රකාශයක සඳහන් විය.",False,False,False,0,FALSE
whatsapp,news website,6/10/2026 0:00,ඉන්ධන මිල ඉහළ යාම හේතුවෙන් බස් ගාස්තු 30%කින් ඉහළ දැමීමට ජාතික ගමනාගමන කොමිසම අනුමැතිය ලබා දී ඇති බව පෞද්ගලික බස් හිමියන්ගේ සංගමයේ ප්‍රධානියා සඳහන් කළේය.,False,False,False,0,FALSE
lankadeepa.lk,news website,3/31/2024 0:00,මාතලේ ප්‍රදේශයේ ජනාවාසයකට කිඹුලෙක් පැමිණීමෙන් පුද්ගලයින් 6දෙනෙකුට තුවාල සිදුව රෝහල් ගත කර ඇති බව මාතලේ පොලීසිය සඳහන් කළේය. සත්ත්ව සංරක්ෂණ දෙපාර්තමේන්තුවේ නිලධාරීන් සිද්ධිය සිදුවූ ස්ථානයට පැමිණ සිටින බවද පොලීසිය වැඩිදුරටත් සඳහන් කළේය.,False,False,False,0,FALSE
asianmirror.lk,,11/4/2020 0:00,ඵෙතිහාසික දීඝවාපිය චෛත්‍ය පරිශ්‍රයේ ‍මේදින වල සිදුකරන සංවර්ධන කටයුතු වලදී එහි කැණීම් අංශයට ක්‍රිස්තු වර්ෂ 1 සහ 2යන සියවස් වලට අයත් බව සැලකෙන දුර්ලභ ගණයේ තොරතුරු සඳහන් ශිලා ලේඛනයක් ඊයේ (03) හමුවී ඇති බව අම්පාර පුරාවිද්‍යා දෙපාර්තමේන්තු කාර්යාලය පවසයි.  දීඝවාපිය පුදබිමෙන් මෙතෙක් හමුවී තිබෙන පුරාවිද්‍යාත්මක වටිනාකමින් යුත් ඉපැරණි පුරාවස්තු වලට වඩා මෙය බෙහෙවින් පැරණිතම ශිලා ලේඛනයක් වීම විශේෂත්වයත් බව එම කාර්යාලය සදහන් කරයි.  සලපතල මළුවෙහි සවිකර තිබුණ ගල් සමග අඩි එකහමාරක් පමණ වූ ප්‍රමාණයෙන් යුත් මෙහි අක්ෂර සඳහන් ව ඇති අතර මෙහි විද්යුත් ඡායාරූප කොළඹ පුරාවිද්‍යා දෙපාර්ත‍මේන්තුවේ අභිලේඛන නාලක විද්‍යා අංශය වෙත යවා එහි සහකාර අධ්‍යක්ෂ නාමල් කොඩිතුවක්කු මහතාගේ විශ්ලේෂනයට යොමු කර ඇත.  ඒ අනුව මෙම ඵලකයේ සඳහන්ව ඇති අක්ෂර පරිණාමය අනුව මෙය ක්‍රිස්තු වර්ෂ එක සහ දෙක යන සියවස් වලට අයත් බවට නිගමනය කරගෙන ඇත.  පසුගිය 29 දින මෙහි දකුණු වාහල්කඩ ප්‍රදේශයේ කැණීම් සිදු කරන විට හමුවූ පබළු විශේෂය සොයාගත් ස්ථානයට යාබදව සලපතල මළුවට අයත් කොට‍සේ මෙම ඵලකය හමුවී ඇත.,False,False,False,0,FALSE
asianmirror.lk,news website,1/10/2024 0:00,"නිට්ටඹුව ප්‍රදේශයේ පසුගිය සතිය තුළ පමණක් ඩෙංගු රෝගීන් 1655ක් හඳුනාගෙන ඇති බව නිට්ටඹුව මූලික රෝහලේ වෛද්‍ය අධ්‍යක්ෂවරයා පැවසීය. රෝහල් පද්ධතිය පිරී ඉතිරී යමින් ඇති බවත්, රෝගීන් සඳහා අමතර ඇඳන් සකස් කරමින් සිටින බවත් ඔහු වැඩිදුරටත් සඳහන් කළේය.",False,False,False,0,FALSE
adaderana.lk,news website,11/4/2020 0:00,"කොවිඩ් -19 වෛරසය රට තුළ පාලනය කළ යුතු සේම රට විවෘත කර තැබීමද වැදගත් බව ජනාධිපති ගෝඨාභය රාජපක්ෂ මහතා පවසයි. ජනාධිපතිවරයා පෙන්වා දෙන්නේ තීන්දු තීරණ ගැනීමේදී සමස්ථ ක්‍රියාවලිය කෙරෙහිම අවධානය යොමු කරමින් නිවරැදි තීරණ ගත යුතුව ඇති බවය. ජනාධිපතිවරයා මේ බව සඳහන් කළේ කොවිඩ් -19 වෛරසය රට තුළ පාලනය කිරීම සම්බන්ධයෙන් පැවැති සාකච්ඡාවකදීය. ""කොවිඩ් රෝගීන් සමග ඝෘජුව සම්බන්ධතා පවත්වන සෞඛ්‍ය අංශ නිලධාරීන් කොවිඩ් රෝගයට ගොදුරු නොවන්නේ ඇයි. ඒ අය හරියට මාස්ක් එක දානවා. නිවරැදිව අත් හෝදනවා. නිවරැදි ක්‍රම අනුගමනය කරනවා. මේක තමයි අපි සමාජයට දෙන්න ඕනේ. මේවා කළොත් කිසි ප්‍රශ්නයක් නැතුව රට දුවන්න පුළුවන්. ජනතාව අවධානයෙන් ඉන්නවා නම් රටක් දුවන්න හැකියි. මාසේ පඩිය ගන්න අයට ගාණක් නෑ රට වැහුවම. හැබැයි ස්වයංරැකියා කරන අයට බිස්නස්කරන අයට දවස් 10ක් වැහුවොත් සමහරවිට ඒ පාඩුව පියව ගන්න අවුරුද්දක් යයි. අපිට බෑ එක පැත්තක් ගැන විතරක් හිතලා තීරණ ගන්න."" යනුවෙන් ද ජනාධිපතිවරයා පැවසීය.",True,True,True,1,TRUE
srinews24.com,news website,6/12/2026 0:00,මෙරට තුළ ක්‍රිප්ටෝ මුදල් හුවමාරු කිරීම සම්පූර්ණයෙන් තහනම් කිරීමට මහ බැංකුව තීරණය කර ඇති බව මහ බැංකු ආරංචි මාර්ග සඳහන් කරයි. නීති විරෝධීව ක්‍රිප්ටෝ මුදල් හුවමාරු කරන ගිණුම් වහාම අත්හිටුවනු ලබන බවද සඳහන් වේ.,False,False,False,0,FALSE
bbc.com/sinhala,news website,7/31/2020 0:00,"ශ්‍රී ලංකා පොදුජන පෙරමුණේ රත්නපුර දිස්ත්‍රික් අපේක්ෂක, 'චොකා මල්ලි' හෙවත් හිටපු නියෝජ්‍ය අමාත්‍ය ප්‍රේමලාල් ජයසේකර ඇතුළු දේශපාලනඥයින් තිදෙනෙකුට රත්නපුර මහාධිකරණය විසින් මරණ දඬුවම නියම කරනු ලැබීය.2015 ජනාධිපතිවරණය අතරතුර කහවත්ත ප්‍රදේශයේ මැතිවරණ ප්‍රචාරක රැළියකට හානි කර, පුද්ගලයෙකු වෙඩි තබා ඝාතනය කිරීම සම්බන්ධයෙන් ප්‍රේමලාල් ජයසේකර ඇතුළු විත්තිකරුවන් තිදෙනාට එරෙහිව නඩු පවරා තිබිණි.එම අධිචෝදනාවලට ඔවුන් තිදෙනා වරදකරුවන් බව අධිකරණය තීන්දු කළේය. කහවත්ත ප්‍රාදේශීය සභාවේ හිටපු සභාපති වජිර දර්ශන සිල්වා සහ සබරගමු පළාත් සභා හිටපු මන්ත්‍රී නිලන්ත ජයකොඩි මරණ දඬුවම නියම වූ අනෙක් දෙදෙනාය. චෝදනාව කුමක්ද? 2015 ජනාධිපතිවරණ සමයේ එක්සත් ජාතික පෙරමුණේ ජනාධිපති අපේක්ෂක මෛත්‍රිපාල සිරිසේනට ආධාර පිණිස කහවත්ත නගරයේ පැවති ප්‍රචාරක රැළියක සරසිලිවල යෙදී සිටි ආධාරකරුවන්ට වෙඩිතබා එක් පුද්ගලයකු ඝාතනය කිරීම ඔවුන් තිදෙනාට එරෙහිව එල්ල වී තිබුණු චෝදනාවය. නීති විරෝධී රැස්වීමක සාමාජිකයන් වීම, චේතාන්විතව පුද්ගලයකු ඝාතනය කිරීම, තවත් දෙදෙනෙකු ඝාතනයට තැත් කිරීම ඇතුළු අධි චෝදනා නවයක් නිතිපතිවරයා විසින් විත්තිකරුවන්ට එරෙහිව ගොනු කරණු ලැබ තිබිණි.ලඝු නොවන නඩු විභාගයේ දී සාක්ෂි දුන් පනස් නව දෙනකුගේ සාක්ෂි සහ නඩු භාණ්ඩ 16ක් මෙම විත්තිකරුවන්ට එරෙහිව පැවැත්වෙන මහාධිකරණ නඩුවට නීතිපතිවරයා විසින් ඉදිරිපත් කර තිබිණි. ප්‍රේමලාල් ජයසේකරගේ ප්‍රතිචාරය 2015 ජනවාරි 05 වෙනි දින අදහස් දැක්වූ, එවක රත්නපුර දිස්ත්‍රික් එක්සත් ජාතික පක්ෂ පාර්ලිමේන්තු මන්ත්‍රිනී තලතා අතුකෝරල, ජනාධිපතිවරණ ප්‍රචාරක කටයුතුවල යෙදී සිටි තම ආධාරකරුවන්ට ප්‍රේමලාල් ජයසේකර නියෝජ්‍ය ඇමතිවරයා ඇතුළු පිරිසක් පැමිණ වෙඩි තැබූ බව කියා සිටියාය. ඒ අවස්ථාවේ එම චෝදනාව සම්බන්ධයෙන් ප්‍රතිචාර දැක්වූ එවක විදුලි බල හා බලශක්ති නියෝජ්‍ය ඇමති ප්‍රේමලාල් ජයසේකර කියා සිටියේ කහවත්තේ පිහිටි තම පක්ෂයේ කාර්යාලයක් කඩා දමා තිබූ බවය. ""හාර පන්සීයක වගේ සෙනගක් හිටියා. වාහනත් ගොඩක් තිබුණා. ඒ වෙලාවේ අපේ කාර්යාලයට ගහනවා දැක්කා. මගේ ආරක්ෂක නිලධාරීන් කිව්වා කට්ටිය ගොඩක් ඉන්න නිසා මෙතනිං යමු කියලා. අපි හරෝගෙන ගියා. ඒ යන කොටත් පොලු ගල් ගගහ ඉස්සරහට ආවා. අපි එතනින් ආවාට පස්සේ වෙච්ච දේවල් මම දන්නේ නෑ,"" නියෝජ්‍ය ඇමතිවරයා එවක පවසා තිබිණි.අදාළ වෙඩි තැබීමෙන් පසුව ජනතාව වීදි බැස කහවත්ත නගරයේ ඉදි කර තිබූ ජනාධිපති මහින්ද රාජපක්ෂගේ තොරණ සහ කටවුට් කඩා දමා ඒවා ගිනිබත් කළ බව පොලීසිය පැවසීය. කියවන්න:ප්‍රේමලාල් ජයසේකර මන්ත්‍රීවරයාට මිනීමැරුම් චෝදනාකහවත්ත වෙඩි තැබීම - නියෝජ්‍ය ඇමති ඇල්ලීමට නියෝග",True,True,True,1,TRUE
hirunews.lk,news website,11/1/2020 0:00,කොරෝනා වෛරසය ආසාදනය වීමේ කිසියම් රෝග ලක්ෂණයක් පෙන්නුම් කළහොත් රෝහල් ගතවීමට පෙර 011 7966366 අංකය ඔස්සේ දැනුම් දෙන ලෙස කොවිඩ් 19 වැළැක්වීමේ ජාතික මධ්‍යස්ථානය දැනුම්දෙනවා.කොවිඩ් 19 පැතිරීම වැළැක්වීමේ ජාතික ක්‍රියාන්විත මධ්‍යස්ථානයේ පැවති විශේෂ මාධ්‍ය හමුවකට එක්වෙමින් සෞඛ්‍ය අමාත්‍යාංශ ලේකම් මේජර් ජෙනරාල් සංජීව මුණසිංහ කියා සිටියේ ඇදිරි නීතිය ක්‍රියාත්මක ප්‍රදේශවල සිටින පුද්ගලයින්ට පී.සී.ආර්. පරීක්ෂණයක් සිදුකර ගැනීමට අවශ්‍ය නම් මෙම අංකයට අමතන ලෙසයි.,True,True,True,1,TRUE
anidda.lk,news website,10/12/2020 0:00,"චීන-ඇමෙරිකානු සම්බන්ධතාවලට අදාළව කටයුතු කරන චීන හිටපු විදේශ අමාත්‍ය යැන්ග් ජියෙචි ශ්‍රී ලංකාවේ සංචාරයක් සඳහා ඔක්තෝබර් 08 වැනිදා පැමිණ ඇති අතර, ජනාධිපති ගෝඨාභය රාජපක්ෂ සහ අගමැති මහින්ද රාජපක්ෂ හමුවීමට නියමිතය.
වසංගත තත්වය නිසා ඔහු ජනාධිපතිවරයා සහ අගමැතිවරයා පමණක් මුණගැසෙන බවත්, ඔහු ගමන් කරන ස්ථාන විශේෂයෙන් සෞඛ්‍යාරක්ෂිතව සූදානම් කරන බවත්, සෞඛ්‍ය අමාත්‍යාංශයේ විශේෂ නිරීක්ෂණ මත හමු සංවිධානය කරන බවත් විදේශ කටයුතු අමාත්‍යාංශය නිවේදනය කර ඇත. මේ පිළිබඳ විදේශ   කටයුතු අමාත්‍යාංශය නිකුත් කළ නිවේදනයේ දැක්වෙන්නේ මෙම සංචාරයේ අරමුණ වෙළඳ සබඳතා ශක්තිමත් කිරීමත්, වසංගත තත්වය හමුවේ ආර්ථිකය යථාතත්වයට පත් කිරීම පිළිබඳ සාකච්ඡා කිරීමත් බවය.
යැන්ග් ජියෙචි චීන කොමියුනිස්ට් පක්ෂයේ ඉහළම රාජ්‍යතාන්ත්‍රික නිලධාරියා ලෙස හඳුන්වයි. 2020 ජුනි මස පැවැත් වූ, ඇමෙරිකානු රාජ්‍ය ලේකම් මයික් පොම්පෙයෝ සමඟ චීන-ඇමෙරිකානු සම්බන්ධතා පිළිබඳ සාකච්ඡා පවත්වා තිබුණේද යැන්ග් ජියෙචිය. එම සාකච්ඡාව ඇමෙරිකානු-චීන සම්බන්ධතා පිළිබඳ විශේෂ අවස්ථාවක් ලෙස ජාත්‍යන්තර මාධ්‍ය වාර්තා කර තිබුණි.
ඔහු චීනය සහ ඇමෙරිකාව අතර පවතින වෙළඳ ගැටුම පිළිබඳ රාජ්‍යතාන්ත්‍රික වශයෙන් කටයුතු කරන ඉහළම පෙළේ නිලධාරියා ලෙස ඇසෝසියේටඞ් ප්‍රෙස්, ද ඩිප්ලොමැට්, සවුත් චයිනා මෝනිං පෝස්ට් ඇතුළු ජාත්‍යන්තර මාධ්‍ය ගණනාවක් වාර්තා කර ඇත. ඇමෙරිකානු-චීන සම්බන්ධතා අතර දෝලනය වන රටවල සංචාරය කරමින්, එම රටවල් සමඟ සබඳතා ශක්තිමත් කරගැනීම යැන්ග් ජියෙචිගේ ප්‍රධාන කාර්යභාරයක් බව එම මාධ්‍ය වාර්තාවල සඳහන්ය.
සැප්තැම්බර් මාසයේ මුල යැන්ග් ජියෙචි ග්‍රීසිය සහ ස්පාඤ්ඤය යන රටවල්වල සංචාරයක නිරත විය. එම අවස්ථාවේ සවුත් චයිනා මෝනිං පෝස්ට් ආයතනය වාර්තා කර තිබුණේ යැන්ග් ජියෙචිගේ යුරෝපා සංචාරයේ අරමුණ, යුරෝපා රටවල් සමඟ ඇමෙරිකාව පවත්වන සම්බන්ධතාවලට ප්‍රතිපක්ෂව චීන සබඳතා ශක්තිමත් කරගැනීම බවය. ග්‍රීසිය සහ ස්පාඤ්ඤය ආරක්ෂක ප්‍රතිපත්තිවලදී ඇමෙරිකා එක්සත් ජනපදය සමග සම්බන්ධතා පවත්වන නමුත්, චීනය සමග වෙළඳ සබඳතා පවත්වන බව එහිදී වාර්තා කර තිබුණි.■
අනුරංග ජයසිංහ",True,True,True,1,TRUE
praja.lk,,5/27/2019 0:00,"රිෂාඩ් බදුර්දීන් යනු තවත් එක් දෙශපාලනඥයෙකි. ඔහුත් සෙසු දේශපාලනඥයිනුත් අතර තිබෙන එක ම වෙනස ඔහු මුස්ලිම් වීම විය හැකි ය. මුස්ලිම් දේශපාලනඥයන් අතර ඔහුගේ වෙනස ඔහු මුස්ලිම් දේශපාලනයේ ප්‍ර‍ධාන ධාරාව බිහි වන නැගෙනහිර පළාතට පිටින් බිහි වීම විය හැකි ය. එසේ නොමැති නම්, බදුර්දීන් අනෙකුත් සියලු දේශපාලනඥයන් කරන බලය අපහරණය කිරීම්, නීති උල්ලංඝනය කිරීම් හා දූෂණ සිදු කර තිබේ. ඔහුගේ ය කියා කිසිදු වෙනසක් නැත. රිෂාඩ් බදුර්දීන් මුල් වරට 2001දී ශ්‍රී ලංකා මුස්ලිම් කොංග්‍රසයෙන් පාර්ලිමේන්තුවට පත් වන්නේත්, එතැන් සිට අද දක්වා නියෝජනය කරන්නේත් වන්නි දිස්ත්‍රික්කයයි. කොටි සංවිධානය විසින් උතුරින් පළවා හරින ලද සරණාගත පවුලක සාමාජිකයකු වූ ඔහු මොරටුව විශ්වවිද්‍යාලයේ ජාතික තාක්ෂණ ඩිප්ලෝමාධාරී 47 හැවිරිදි දේශපාලකයෙකි. ඔහු පාර්ලිමේන්තු ආසන පහක් හිමි සමස්ත ලංකා මහජන කොංග්‍ර‍සයේ නායකයා ය. ඔහුගේ සහෝදරයකු වන රිෆ්කාන් බදුර්දීන් උතුරුපළාත් සභාව නියෝජනය කළේ ය. රිෂාඩ් 2010 සිට ම කර්මාන්ත හා වානිජ කටයුතු ඇමති ධුරය හොබවයි. ඔහු පිළිබඳ පළමු විරෝධය මතු වන්නේ විල්පත්තු රාජපක්ෂ ආණ්ඩුවේ උතුරු වසන්තය යටතේ ආරම්භ වුණ විල්පත්තු වනාන්තරය විනාශ කරමින් මුස්ලිම් ජනතාව පදිංචි කිරීමේ ව්‍යාපෘති සමගයි. වර්තමානයේදී ඔහුට වැඩි ම විරෝධයක් එල්ල වන්නේ අප්‍රේල් 21 බෝම්බ ප්‍ර‍හාර මාලාව එල්ල කළ මුස්ලිම් අන්තවාදීන් සමග ඔහුගේ සම්බන්ධකම් පිළිබඳවයි. ඔහු සමග සමීප ඇතැම් පුද්ගලයන් අන්තවාදීන් සමග සමීපව කටයුතු කර තිබෙන බව ඇත්තකි. එහෙත්, රිෂාඩ් බදුර්දීන් අන්තවාදීන් සමග ඍජුව සම්බන්ධකම් පැවැත්වූ බවට සාක්ෂි ඉදිරිපත් කිරීමට කිසිවකු තවම සමත් වී නැත. එසේම, ඔහු විමර්ශනවලට බලපෑම් කළ බවට කරන චෝදනා ද දේශපාලනඥයන් සාමාන්‍යයෙන් කරන අන්දමේ මැදිහත්වීම්වලට සම්බන්ධ ඒවා මිස සත්‍ය වශයෙන් විමර්ශනවලට බාධා කිරීම් නොවේ. රිෂාඩ්ට චෝදනා නැගීමේ ජාතිවාදී ස්වරූපය නිරූපණය කරන පැහැදිලි සාක්ෂියක් තිබේ. පාස්කු ඉරිදා මරාගෙන මැරුණ බෝම්බකරුවන් දෙදෙනෙකුගේ පියා සහ බෝම්බකාරියකගේ මාමණ්ඩිය වූ ඊබ්‍රාහිම් ජවිපෙ ජාතික ලැයිස්තු මන්ත්‍රීවරයකු විය. ඔහු සමග ජවිපෙ පවත්වා තිබෙන සම්බන්ධය රිෂාඩ් අන්තවාදීන් සමග පවත්වා තිබෙන සම්බන්ධය වැනි ම එකකි. එහෙත්, ජවිපෙ සම්බන්ධයෙන් සිංහල සමාජය රිෂාඩ්ට තරම් බලපෑමක් කරන්නේ නැත. හේතුව අන් කිසිවක් නොව ජවිපෙ සිංහල වීම හා රිෂාඩ් මුස්ලිම් වීමයි. රිෂාඩ් මෙතරම් පීඩනයකට ලක් කරන්නේ දේශපාලනික හේතු මත බව පැහැදිලි ය. එයට හේතු කීපයක් තිබේ. ඔහු මුස්ලිම් දේශපාලනඥයන් අතර රැඩිකල්, ජනප්‍රිය, ක්‍රියාකාරී, දක්ෂ, උගත් පුද්ගලයෙකි. පසුගිය ඔක්තෝබර් 26 කුමන්ත්‍ර‍ණයේදී ඔහුගේ පක්ෂයේ මන්ත්‍රී කණ්ඩායම තීරණාත්මක සාධකයක් වූ අතර ඔවුන් දිනාගැනීමට ජනාධිපති සිරිසේන හා මහින්ද රාජපක්ෂ ඇතුළු කුමන්ත්‍ර‍ණකරුවෝ අසමත් වූ හ. රිෂාඩ් බදුර්දීන් වෙත යොමු කර තිබෙන සිංහල වෛරය ඔස්සේ ඔහු විනාශ කිරීමට හෝ ඔහු අත්අඩංගුවට ගෙන සාධාරණ හෝ අසාධාරණ අන්දමින් සිරගත කිරීමට සිංහල ජාතිවාදී බලවේගවලට හැකි විය යුතු ය. එසේ නොකළහොත්, මෙම අර්බුදය හරහා රිෂාඩ් බදුර්දීන් පිටතට පැමිණෙන්නේ මුස්ලිම් ජනතාවගේ එකම නියෝජිතයා වන තරම් බලයකින් විය හැකි ය.",False,False,False,0,FALSE
divaina.lk,news website,9/28/2020 0:00,"සාමය හා සංහිඳියාව වෙනුවෙන් 13 වැනි සංශෝධනය ක‍්‍රියාත්මක කළ යුතු බව ඉන්දීය අගමැති නරේන්ද්‍ර මෝදි මහතා අවධාරණය කර තිබේ. ඉන්දීය අගමැතිවරයා මේ කරුණු ප‍්‍රකාශ කර ඇත්තේ ශ‍්‍රී ලංකා අග‍්‍රාමාත්‍ය මහින්ද රාජපක්ෂ මහතා සමග වීඩියෝ තාක්ෂණය ඔස්සේ ද්වීපාර්ශ්වික සාකච්ඡුාවක් පැවැත්වූ අවස්ථාවේදීය. මෙම සාකච්ඡුාව පෙරේදා (26දා) පැවැත්විණි. මෙය ඉන්දීය අගමැති නරේන්ද්‍ර මෝදි මහතා හා ශ‍්‍රී ලංකා අගමැති මහින්ද රාජපක්ෂ මහතා අගමැති ධුරවලට පත්වීමෙන් පසු වීඩියෝ තාක්ෂණය ඔස්සේ සිදු කළ පළමු ද්වීපාර්ශ්වික සාකච්ඡුාව වේ. මෙම ද්වීපාර්ශ්වික සාකච්ඡුාව ආරම්භ කරමින් ඉන්දීය අග‍්‍රාමාත්‍යවරයා ප‍්‍රකාශ කර සිටියේ ශ‍්‍රී ලංකාවේ නව අග‍්‍රාමාත්‍යවරයාට සුබපැතුම් එක් කරන බවය. පසුගිය මැතිවරණයෙන් මහින්ද රාජපක්ෂ මහතා නායකත්වය දුන් පොදුජන පෙරමුණ ලබා ගත් විශාල මැතිවරණ ජයග‍්‍රහණය, ඉන්දියානු මහ මැතිවරණයේදී භාරතීය ජනතා පක්ෂය නියෝජනය කරමින් තමා ලැබූ ජයග‍්‍රහණය හා සමාන බව ප‍්‍රකාශ කළ අග‍්‍රාමාත්‍ය මෝදි මහතා ඉන්දියාව හා ශ‍්‍රී ලංකාව අතර මහඟු සහයෝගීතාවකට එම මැතිවරණ ජයග‍්‍රහණ ඉවහල් වනු ඇති බවට තමා විශ්වාස කරන බව ද පැවසීය. එසේම දෙරටේ බෞද්ධ මිතුදම තවත් තර කිරීම වෙනුවෙන් ඩොලර් මිලියන 15ක ප‍්‍රදානයක් සිදු කරන බවද මෙහිදී ඉන්දීය අගමැතිවරයා පවසා තිබේ.",True,True,True,1,TRUE
trendlanka.info,news website,4/1/2020 0:00,එළබටු යුෂ දිනපතා පානය කිරීමෙන් අධි රුධිර පීඩනය සම්පූර්ණයෙන් සුව කළ හැකි බව දේශීය වෛද්‍ය ක්‍රමයේ පර්යේෂකයෙකු ලෙස හඳුන්වා දෙන චමින්ද විජේසිංහ සඳහන් කරයි. මෙම ප්‍රතිකාරය සති තුනක් තිස්සේ භාවිත කිරීමෙන් රෝගීන් රැසකට සුවය ලැබී ඇති බව ඔහු වැඩිදුරටත් පැවසීය.,False,False,False,0,FALSE
gosip.hirufm.lk,news website,7/9/2024 0:00,වව්නියාව ප්‍රදේශයේ ජනාවාසයකට වල් අලියෙක් පැමිණීමෙන් පුද්ගලයින් 2දෙනෙකුට තුවාල සිදුව රෝහල් ගත කර ඇති බව වව්නියාව පොලීසිය සඳහන් කළේය. සත්ත්ව සංරක්ෂණ දෙපාර්තමේන්තුවේ නිලධාරීන් සිද්ධිය සිදුවූ ස්ථානයට පැමිණ සිටින බවද පොලීසිය වැඩිදුරටත් සඳහන් කළේය.,False,False,False,0,FALSE
gosip-lankanews.com,news website,10/7/2020 0:00,"ඉන්දියාවෙන් හෝ වෙනත් රටකින් පැමිණි කිසිදු පාර්ශවයක් මිනුවන්ගොඩ බ්‍රැන්ඩික්ස් කර්මාන්ත ශාලාවට පිවිස නැති බව නිවේදනයක් නිකුත් කරමින් බ්‍රැන්ඩික්ස් ආයතනය පවසයි.විශේෂ ගුවන් යානා මගින් ඉන්දියාවේ සිට මෙරටට ගෙන්වා ගත් සියලු ශ්‍රී ලාංකික කාර්ය මණ්ඩල සාමාජිකයින් සහ ඔවුන්ගේ පවුල්වල සාමාජිකයින් සියලුදෙනාම රජයේ නිර්දේශ මත දින 28ක නිරෝධායනයට ලක් කළ බව එම නිවේදනයේ වැඩිදුරටත් සඳහන් වේ. එම සම්පූර්ණ නිවේදනය මෙසේය:2020 ඔක්තෝබර් 7: අපගේ සමාගමට අයත් මිනුවන්ගොඩ පිහිටි කර්මාන්තශාලාවේ COVID-19 වෛරසය ආසාදන තත්ත්වයක් නිසා ඇති වී තිබෙන ආපදා තත්ත්වය පාලනය කිරීමේ අභියෝගයට අපි මුහුණදෙමින් සිටිමු. මෙම ක්‍රියාවලිය පුරා, විනිවිදභාවය උපරිම අයුරින් ආරක්ෂා කිරීම සඳහා මහජනතාවට ඇතිවන ඕනෑම ගැටලුවක් පැහැදිලි කිරීම සඳහා අපි අඛණ්ඩව කටයුතු කරමු.අපගේ මිනුවන්ගොඩ කර්මාන්තශාලාවේ විදෙස් ජාතිකයන් සේවය කළ බවට යම් ගැටලුවක් මතුවී ඇති අතර ඒ පිළිබඳ මෙලෙස පැහැදිලි කිරීමට කැමැත්තෙමු. මෙම කාලය තුළ ඉන්දියාවෙන් හෝ වෙනත් රටකින් කිසිදු පාර්ශ්වයක් මිනුවන්ගොඩ කර්මාන්තශාලා පරිශ්‍රයට ඇතුළත් නොවූ බව දන්වා සිටිමු. අපගේ කර්මාන්තශාලාව තුළ ඉන්දියාවෙන් ගෙන්වන ලද රෙදිපිළි භාවිත නොකළ බවත්, අපගේ ඉන්දියාවේ පිහිටි කර්මාන්තශාලාවෙන් කිසිදු ඇනවුමක් භාරනොගත් බවත් පැහැදිලි කරමු.විශේෂ ගුවන්යානා යොදවා ඉන්දියාවේ සිට ශ්‍රී ලංකාවට කාර්යමණ්ඩල සාමාජිකයන් ගෙන්වා ගැනීම පිළිබඳ ද මෙලෙස පැහැදිලි කිරීමට කැමැත්තෙමු. ඉන්දියාවේ විශාකාපට්නම්හි පිහිටි අපගේ කාර්මාන්තශාලාවේ සේවය කළ කාර්යමණ්ඩල සාමාජිකයන් සහ ඔවුන්ගේ පවුලේ සාමාජිකයන් මෙරටට ගෙන්වා ගැනීම සඳහා අප විසින් විශේෂ ගුවන්යානා තුනක් යොමු කරන ලදි. COVID-19 වෛරසය පැතිර යාම පාලනය කිරීම සඳහා, PCR පරීක්ෂණ සිදුකිරීම, අදාළ සෞඛ්‍ය බලධාරීන්ගේ අධීක්ෂණය යටතේ රජයේ අනුමත නිරෝධායන මධ්‍යස්ථානයක දින 14 ක් නිරෝධායනයට ලක්වීම, එතැන් සිට තවත් දින 14 ක් ස්වයං-නිරෝධායනයට ලක්වීම ඇතුළු ශ්‍රී ලංකා රජය විසින් නිර්දේශ කරන ලද සියලු පියවර එම කාර්යමණ්ඩල සාමාජිකයන් සහ ඔවුන්ගේ පවුල්වල සාමාජිකයන් අනුගමනය කළ බව අපි සහතික වන්නෙමු. තවද, මෙම ශ්‍රී ලාංකිකයන් හෝ ඔවුන්ගේ පවුල්වල සාමාජිකයන් කිසිවෙකු මිනුවන්ගොඩ කර්මාන්තශාලා පරිශ්‍රයට ඇතුළු නොවූ බව ද සහතික වන්නෙමු.මිනුවන්ගොඩ කර්මාන්තශාලාවෙන් වෛරසය ආසාදනය වූ කාර්යමණ්ඩල සාමාජිකාවක හමුවීමෙන් අනතුරුව, අනෙකුත් කාර්යමණ්ඩල සාමාජිකයන්ට රැකියාවට වාර්තා කරන ලෙස අප බලකර සිටි බවට සඳහන් කරමින් සමාජ මාධ්‍ය තුළ වීඩියෝවක් සංසරණය විය. එම වීඩියෝවේ කැපීපෙනෙන කාන්තාව නේවාසිකාගාරයක් පවත්වාගෙන යන තැනැත්තියකවන අතර, ඇගේ නේවාසිකාගාරයේ නවාතැන්ගෙන ඇතැයි එහි සඳහන් කරන සේවිකාවන් සහ අධීක්ෂණ නිලධාරිනිය මිනුවන්ගොඩ බ්‍රැන්ඩික්ස් කර්මාන්තශාලාව විසින් කොන්ත්‍රාත් පදනම මත ලබාගත් තුන්වන පාර්ශ්වයේ පිරිසිදු කිරීමේ සේවා සම්පාදක ආයතනයකට අනුබද්ධිත සේවිකාවන් තිදෙනෙකි. එම වීඩියෝවේ සඳහන්වන කිසිවෙකු බ්‍රැන්ඩික්ස් සමාගමේ කාර්යමණ්ඩල සාමාජිකයන් නොවන බව මෙයින් තහවුරු කරමු.අපගේ රට මෙම ආපදා තත්ත්වයෙන් නැගී සිටීම සඳහා සාමූහික ප්‍රයත්නයක නිරතවන මෙවන් මොහොතක, වෛරසයෙන් ප්‍රජාවට ඇතිවිය හැකි බලපෑම අවම කිරීමට දායකත්වය ලබාදෙන අතරම අපගේ කාර්යමණ්ඩල සාමාජිකයන්ගේත්, ඔවුන්ගේ පවුල්වල සාමාජිකයන්ගේත් සුබසෙත තහවුරු කිරීමට අපි අඛණ්ඩව කැපවෙමු.- අද දෙරණ",True,True,True,1,TRUE
gosip-lankanews.com,news website,10/25/2020 0:00,"ඔක්ස්ෆර්ඩ් විශ්වවිද්‍යාලය සහ AstraZeneca ඖෂධ සමාගම ඒකාබද්ධව නිපදවන ලද කොවිඩ්-19 ප්‍රතිශක්තිකරණ එන්නත් අත්හදාබැලීමේ ව්‍යාපෘතියට ස්වේච්ඡාවෙන් සම්බන්ධ වූ 28 හැවිරිදි බ්‍රසීල තරුණයකු ජීවිතක්ෂයට පත් වී ඇත.නමුත් එන්නත නුසුදුසු යැයි මෙයින් කිසිසේත් ගම්‍ය නොවන බව එන්නතේ නිෂ්පාදකයෝ පවසති. එම පුද්ගලයා මිය ගියේ එන්නත නිසා නොව කොවිඩ්-19 රෝගය ආසාදනය උත්සන්න වීම නිසා බව බ්‍රසීලයේ පුවත් වෙබ් අඩවියක ඊයේ (22) සඳහන් විය.එන්නත් ව්‍යාපෘතිය අඛණ්ඩව සිදු කරන බව බ්‍රසීල සෞඛ්‍ය ඇමැතිවරයා පවසයි. මිය ගිය පුද්ගලයා සැබවින්ම ලබාගත්තේ ඖෂධීය එන්නතද, නැතහොත් එහි ව්‍යාජ අනුරූපක (placebo) එන්නතක්ද යන්න මෙතෙක් නිශ්චය කරගෙන නැතැයි බ්‍රසීල අමාත්‍යාංශය නිවේදනය කර ඇත.එන්නත ලබාගැනීමට ස්වේච්ඡාවෙන් එක්වූ 10,000 අතරින් මේ වනවිට 8,000කටම පළමු වටය එන්නත් කර ඇති බවත්, ඇතැම් පිරිසකට දෙවැනි එන්නත් වටය පවා ලබාදී ඇති බවත් සෞඛ්‍ය බලධාරීහු පවසති. බ්‍රසීල සෞඛ්‍ය ඇමැති Eduardo Pazuello ද මේ වනවිට කොවිඩ් වයිරසයට ආසාදිත වී ඇතැයි පුවතක් පළ වී තිබේ.",True,True,True,1,TRUE
lankadeepa.lk,news website,10/19/2020 0:00,"(නිමන්ති රණසිංහ)  මහජන මුදල් අවභාවිත කිරීමේ සිද්ධියක් සම්බන්ධයෙන් අත්අඩංගුවට ගැනීමට සොයමින් සිටි පාර්ලිමේන්තු මන්ත්‍රී රිෂාඩ් බදියුදීන් මහතා අද(19) අපරාධ පරීක්ෂණ දෙපාර්තමේන්තුව විසින් අත්අඩංගුවට ගනු ලැබ තිබේ.  විශේෂ පොලිස් කණ්ඩායම් කිහිපයක් යොදවා කළ විමර්ශනයක ප්‍රතිඵලයක් ලෙස, දෙහිවලදී මොහු අත්අඩංගුවට ගත් බව නියෝජ්‍ය පොලිස්පති අජිත් රෝහණ මහතා පැවසීය.  පාර්ලිමේන්තු මන්ත්‍රී රිෂාඩ් බදියුදීන් මහතා අද(19) අධිකරණයට ඉදිරිපත් කිරීමට නියමිතය.",True,True,True,1,TRUE
gosip.hirufm.lk,news website,11/4/2020 0:00,"ඉන්දියාවේ බටහිර බෙන්ගාල් ප්‍රාන්තයෙන් අපූරූ පුවතක් වාර්තා වෙනවා. ඒ,එම ගම්මානයෙන් අති දුර්ලභ ඝනයේ කහ පැහැති කැස්බෑවෙක් හමුවීමයි. මෙම කැස්බෑවා ඉන්දියානු ෆ්ලැප් ෂෙල් කැස්බෑවා නම්වූ අති දුර්ලභ විශේෂයකට අයත් බවටයි වැඩිදුරටත් සදහන් වන්නේ .",True,True,True,1,TRUE
whatsapp,news website,12/3/2020 0:00,කොළඹ ප්‍රදේශයේ නායයෑම් අවදානම දැඩි ලෙස ඉහළ ගොස් ඇති බව ජාතික ගොඩනැගිලි පර්යේෂණ ආයතනය අනතුරු අඟවයි. එම ප්‍රදේශයේ පදිංචිකරුවන් වහාම ආරක්ෂිත ස්ථානවලට ගෙන යාමට කටයුතු කරන බව ආපදා කළමනාකරණ මධ්‍යස්ථානය සඳහන් කළේය.,False,False,False,0,FALSE
roar.media,news website,10/26/2019 0:00,"ලොව පවතින විශාලම ජාත්‍යන්තර සංවිධානය වන්නේ 1945 වසරේ දී බිහි වූ එක්සත් ජාතීන්ගේ සංවිධානය යි. එම සංවිධානයේ අභ්‍යන්තර ආයතන 6ක් මෙන්ම ඊට අනුබද්ධ ආයතන විශාල ප්‍රමාණයක් ද මේ වන විට ලෝකය තුළ ස්ථාපනය වී තිබෙනවා. එක්සත් ජාතින් හැරුනුකොට විවිධ අරමුණු සඳහා අන්තර්ජාතික සංවිධාන, 300කට ආසන්න ප්‍රමාණයක් මේ වන විට නිර්මාණය වී තිබෙනවා. ඒ අතරින් කිහිපයක් අහෝසි වී ඇති අතර, බොහෝ ප්‍රමාණයක් ක්‍රියාකාරී මට්ටමේ දැකිය හැකියි.
ඒ සංවිධාන අතරින් නේටෝ, වෝර්සෝ, ඔපෙක් හා පොදු රාජ්‍ය මණ්ඩලය යන සංවිධානයන් හි ඉතිහාසය හා වත්මන් තත්ත්වය පිළිබඳව යි මේ ලිපිය.
සෝවියට් සංගමයට එරෙහිව නිර්මාණය වූ නේටෝ සංවිධානය 
උතුරු අත්ලාන්තික් ගිවිසුම් සංවිධානය (nationalinterest.org)
උතුරු අත්ලාන්තික් ගිවිසුම් සංවිධානය (The North Atlantic Treaty Organization) හෙවත් නේටෝ සංවිධානය පිහිටුවන ලද්දේ, 1949 අප්‍රේල් 4 වන දා යි. ඒ වොෂිංටන් ඩී.සී. නගරයේ දී උතුරු අත්ලාන්තික් ගිවිසුම අත්සන් කිරීමත් සමග යි. අන්‍යොන්‍ය ආරක්ෂාව පිළිබඳ සංවිධානයක් වන මෙහි ආරම්භක සාමාජිකයන් 12ක් වුණා. දැනට යුරෝපා හා උතුරු ඇමෙරිකානු රටවල් 29ක් එහි සාමාජිකත්වය දරනවා. මෙහි සිටින එකම ඉස්ලාම් රාජ්‍ය වන්නේ තුර්කිය යි. වත්මන් නේටෝ මුලස්ථානය පිහිටා තිබෙන්නේ බෙල්ජියමේ බ්‍රසල්ස් නගරයේ යි. සංවිධානය පිහිටුවීමට මූලික අරමුණ වන්නේ සෝවියට් දේශය ඇතුළු කොමියුනිස්ට් කඳවුර විසින් බටහිර යුරෝපය දෙසට එල්ල කළ තර්ජනය යි. වර්තමානය වන විට සෝවියට් සංගමය ඇතුළු කොමියුනිස්ට් බලවේගයක් ලෝකයේ නොතිබුණත්, නේටෝ සංවිධානය විසුරුවා හැර නෑ. ඒ සම්බන්ධයෙන් ඔවුන්ට ජාත්‍යන්තරයෙන් චෝදනා එල්ල වෙනවා.
නේටෝ සංවිධානයේ ප්‍රධාන මෙහෙයුම් අතරින් වැඩි අවධානයක් යොමු වෙන්නේ 2011 වසරේ දී ලිබියාව ආක්‍රමණය කර එහි කැරලිකරුවන්ට සහාය දී, රටේ නායකයා වූ කර්නල් මුවමර් ගඩාෆි ඝාතනය කිරීම යි.
වර්තමානය වන විට නේටෝ සෙබළුන් 20,000කට අධික පිරිසක් ඇෆ්ගනිස්තානයේ, කොසෝවෝ හා මධ්‍යධරණී කලාපයේ මෙහෙයුම්වල නිරතව සිටිනවා. ඊට අමතරව තුර්කියේ ගුවන් ආරක්ෂක ආධාර ක්‍රියාකාරකම්වල ද ඔවුන් නිරතව සිටිනවා. මේ වන විට මැදපෙරදිග ඇති වී තිබෙන අරාජික තත්ත්වයට නේටෝ සංවිධානය ද වගකිව යුතු බව බොහෝ දෙනාගේ අදහස යි.
උතුරු අත්ලන්තික් ගිවිසුම් සංවිධානයට එරෙහි වෝර්සෝ
වෝර්සෝ (sporcle.com)
සීතල යුද සමයේ දී උතුරු අත්ලන්තික් ගිවිසුම් සංවිධානයට (NATO) එරෙහිව සෝවියට් දේශය ප‍්‍රමුඛ නැගෙනහිර යුරෝපීය රටවල් විසින් වෝර්සෝ සංවිධානය පිහිටුවනවා. ඒ 1955 වසරේ දී පෝලන්තයේ වෝර්සෝ හි දී යි. සෝවියට් දේශය ඇතුළු සමාජවාදී රටවල් 8ක් මෙහි සාමාජිකයන් ලෙස කටයුතු කරනවා.
1991 වසරේ දී බර්ලින් තාප්පය බිඳවැටීමත් සමග පාලන ක්‍රම දෙකක් ක්‍රියාත්මක වූ නැගෙනහිර ජර්මනිය හා බටහිර ජර්මනිය එකට එකතු වෙනවා. එය ලෝක දේශපාලන ක්‍රමයේ නව දිශාවක් සනිටුහන් කිරීමක් ලෙස හැඳින්විය හැකි අතර ඒ සමග, එම අවධියේ වෝර්සෝ සංවිධානය ලෙස ගොනුව තිබුණ රටවල් කොමියුනිස්ට් ආකෘතියෙන් ඉවත් වෙමින් ලිබරල් ප්‍රතිසංස්කරණ දෙසට යොමු වෙනවා. 1991 වසර වන විට සෝවියට් සංගමය ද බිඳ වැටෙනවා. එබැවින් වෝර්සෝ සංවිධානය ද විසුරුවා හැරීමට සිදුවෙනවා.
ඛනිජ තෙල් අපනයන රටවල් එකතුවෙන් නිර්මාණය වූ ඔපෙක් සංවිධානය 
ඔපෙක් (foreignpolicy.com)
ඛනිජ තෙල් අපනයන රටවල සංවිධානය වීමෙන් 1960 වසරේ ඉරාකයේ බැඩ්ගෑඩ් හි දී ඔපෙක් සංවිධානය නිර්මාණය වන අතර, ආරම්භයේ දී මැදපෙරදිග රටවල් හතරක් හා එක් ලතින් ඇමෙරිකානු රටක් සංවිධානයේ සාමාජිකයන් ලෙස කටයුතු කරනවා. ඒ ඉරාකය, ඉරානය, සෞදි අරාබිය, කුවේටය හා වෙනසුවෙලා ව යි. 
2019 වසරේ ආරම්භයත් සමග කටාර් රාජ්‍ය ඔපෙක් සංවිධානයෙන් ඉවත්ව යාම සමගම වර්තමානය වන විට එහි සාමාජිකයන් ගණන 14ක් ලෙස සඳහන් කළ හැකියි. 2018 වසරේ ඔපෙක් සංවිධානයට එකතු වෙන කොංගෝව, එහි අවසන් සාමාජිකයා ලෙස හැඳින්විය හැකියි. ඔවුන් මේ වන විට මුහුණ දෙන බරපතලම ගැටළුව වන්නේ ලෝක වෙළඳපොලේ තෙල් මිල පහළ යාම යි. ඔපෙක් නොවන රටක් වන ඇමෙරිකා එක්සත් ජනපදය විසින් ලෝක වෙළඳපොළට ශීඝ්‍රයෙන් ඛනිජ තෙල් නිකුත් කිරීම නිසා තෙල් මිල මෙලෙස පහළ යමින් පවතිනවා. 
ඊට පිළියමක් ලෙස ඔපෙක් රටවල් විසින් තෙල් අපනයනය මේ වන විට සීමා කර තිබෙනවා. ඔපෙක් සංවිධානයේ පළමු මූලස්ථානය ස්විස්ටර්ලන්තයේ ජිනීවා හි පැවති අතර, 1965 වසරෙන් පසුව මෙම මූලස්ථානය ඔස්ට්‍රියාවේ වියානා වෙත රැගෙන යනවා. වර්තමානය වන විට ඔපෙක් සමුළු සඳහා ඔපෙක් සංවිධානයට අයත් නැති රුසියාව වැනි ඔපෙක් හිතවත් රටවල් ද සහභාගී වෙනවා.
බ්‍රිතාන්‍ය යටත් විජිතයන් හි එකමුතුව- පොදු රාජ්‍ය මණ්ඩලය 
පොදු රාජ්‍ය මණ්ඩලය (worldatlas.com)
ලෝකයේ බිලියන 7.4ක ජනගහනයෙන් තුනෙන් එකක් පමණ එනම්, බිලියන 2.4ක පමණ ජනතාවක් වෙසෙන්නේ පොදු රාජ්‍ය මණ්ඩලයට අයත් රටවල යි. මෙම සංවිධානය 1931 වසරේ දී ආරම්භ වෙන අතර වර්තමානය වන විට එහි සාමාජිකයන් ගණන 53ක් වෙනවා. ඒවා බොහොමයක් අතීතයේ දී බ්‍රිතාන්‍ය කිරීටයට යටත්ව තිබූ රටවල්.
රුවන්ඩා සහ මොසැම්බික් යන රටවල් පිළිවෙලින් 2009 හා 1995 දී පොදුරාජ්‍ය මණ්ඩලයේ සාමාජිකත්වය ලබාගන්නා අතර, එම රටවල් කිසිම ආකාරයකින් බ්‍රිතාන්‍යයට යටත් වී තිබූ රාජ්‍ය නොවන ඒවා ලෙස හැඳින්විය හැකි යි. 
දේශපාලනිකමය දූෂණ හේතුවෙන් වරෙක සිම්බාබ්වේ හි සාමාජිකත්වය අහෝසි කිරීමට කටයුතු කරන අතර, ඒ හේතුවෙන් රොබට් මුගාබේ 2003 වසරේ දී සිම්බාබ්වේ පොදු රාජ්‍ය මණ්ඩලයෙන් ඉවත් කර ගන්නවා. 1999 දී පර්වේෂ් මුෂාරෆ්ගේ හමුදා කුමන්ත්‍රණයෙන් පසුව පාකිස්තානයේ සාමාජිකත්වය අත්හිටුවනු ලැබූ අතර, ඉන් වසර හතරහමාරකට පසු යළි එය පිරිනැමීමට කටයුතු කරනවා. 2016 වසරේ දී ජනාධිපති අබ්දුල්ලා යමින්ගේ නායකත්වය යටතේ මාලදිවයින පොදු රාජ්‍ය මණ්ඩලයෙන් ඉවත් වෙන අතර, මෑත ඉතිහාසයේ ආසන්නතම ඉවත් වීම එය යි. වර්තමානය වන විට මාලදිවයින් ජනාධිපති ඊබ්‍රහිම් මොහොමඩ් සෝලි, ඉන්දියාව හරහා නැවත පොදු රාජ්‍ය මණ්ඩලීය සාමාජිකත්වය ඉල්ලමින් සිටිනවා.
සංවිධානයේ නිත්‍ය නායිකාව ලෙස දෙවන එළිසබෙත් රැජින කටයුතු කරන අතර, ඇයගේ මරණයෙන් පසුව නිත්‍ය නායකත්වය කාට හිමි විය යුතු ද යන්න තාම තීරණය වී නෑ. මහ ලේකම්වරිය ලෙස පැට්‍රීසියා ස්කොට්ලන්ඩ් කටයුතු කරනවා. 2018 වසරේ දී පොදු රාජ්‍ය මණ්ඩලයේ සමුළුව එක්සත් රාජධානියේ පැවති අතර, 2020 වසරේ පොදු රාජ්‍ය මණ්ඩල සමුළුව රුවන්ඩාවේ පැවැත්වීමට නියමිත යි. මෙහි මූලස්ථානය එක්සත් රාජධානියේ, ලන්ඩනයේ පිහිටා තිබෙනවා.",True,True,True,1,TRUE
newsfirst.lk,news website,12/30/2023 0:00,"හෙට දිනයේ සිට පාන් මිල රුපියල් 54කින් ඉහළ දැමීමට රජය තීරණය කර ඇති බව අදාළ අමාත්‍යාංශයේ ජ්‍යෙෂ්ඨ නිලධාරියෙක් සඳහන් කළේය. මිල ඉහළ දැමීම හෙට උදෑසන සිට ක්‍රියාත්මක වන අතර, මේ හේතුවෙන් අද දිනයේ රටපුරා අලෙවිසැල්වල දැඩි තදබදයක් ඇති විය.",False,False,False,0,FALSE
gosip-lankanews.com,news website,1/30/2024 0:00,පානදුර වෙරළබඩ ප්‍රදේශයට භූමිකම්පා අනතුරු ඇඟවීමක් නිකුත් කර ඇති බව කාලගුණ විද්‍යා දෙපාර්තමේන්තුව සඳහන් කරයි. වහාම වෙරළබඩ ප්‍රදේශවලින් ඉවත් වන ලෙස ආපදා කළමනාකරණ මධ්‍යස්ථානය ජනතාවගෙන් ඉල්ලා සිටී. අවශ්‍ය නම් ආරක්ෂිත මධ්‍යස්ථානවලට ගමන් කරන ලෙසද දැනුම් දී ඇත.,False,False,False,0,FALSE
gosip.hirufm.lk,news website,10/27/2020 0:00,මෙරට 17වන කොරෝනා මරණය මීට මොහොතකට පෙර වාර්තා වුණා. මියගොස් ඇත්තේ අයිඩීඑච් රෝහලේ ප්‍රතිකාර ලැබූ ජාඇල පදිංචි 41 හැවිරිදි පිරිමි පුද්ගලයෙක්....,True,True,True,1,TRUE
deshaya.lk,news website,6/1/2025 0:00,සමන්ති ද සිල්වා රංගනයෙන් දායක වූ දේශීය චිත්‍රපටයක් ජාත්‍යන්තර චිත්‍රපට උළෙලකදී හොඳම චිත්‍රපටය සඳහා වූ සම්මානය දිනාගෙන ඇති බව චිත්‍රපට කර්මාන්ත ආරංචි මාර්ග පවසයි.,False,False,False,0,FALSE
whatsapp,social media,11/15/2024 0:00,බදුල්ල ප්‍රදේශයේ ජනාවාසයකට කිඹුලෙක් පැමිණීමෙන් පුද්ගලයින් 5දෙනෙකුට තුවාල සිදුව රෝහල් ගත කර ඇති බව බදුල්ල පොලීසිය සඳහන් කළේය. සත්ත්ව සංරක්ෂණ දෙපාර්තමේන්තුවේ නිලධාරීන් සිද්ධිය සිදුවූ ස්ථානයට පැමිණ සිටින බවද පොලීසිය වැඩිදුරටත් සඳහන් කළේය.,False,False,False,0,FALSE
newshub.lk,news website,10/31/2024 0:00,"මීගමුව ප්‍රදේශයේ පසුගිය සතිය තුළ පමණක් ඩෙංගු රෝගීන් 460ක් හඳුනාගෙන ඇති බව මීගමුව මූලික රෝහලේ වෛද්‍ය අධ්‍යක්ෂවරයා පැවසීය. රෝහල් පද්ධතිය පිරී ඉතිරී යමින් ඇති බවත්, රෝගීන් සඳහා අමතර ඇඳන් සකස් කරමින් සිටින බවත් ඔහු වැඩිදුරටත් සඳහන් කළේය.",False,False,False,0,FALSE
lankadeepa.lk,news website,10/10/2020 0:00,(බිමල් ශ්‍යාමන් ජයසිංහ)   පානදුර මූලික රෝහලේ දැඩි සත්කාර ඒකකයේ හෙද සොයුරියකගේ දියණියක කොරෝනා ආසාධිත රෝගියෙකු බවට අනාවරණ වීමත් සමගම එම දැඩි සත්කාර ඒකකය ඊයේ (09) රාත්‍රී සිට තාවකාලිකව වසා දැමීමට පියවර ගත්බව පානදුර මූලික රෝහලේ අධ්‍යක්ෂක විශේෂඥ වෛද්‍ය ඉන්ද්‍රානි ගොඩකන්ද මහත්මිය පැවසුවාය.  ඒ වනවිට එම දැඩි සත්කාර ඒකකය තුළ සේවය කරමින් සිටි වෛද්‍යවරු ඇතුළු කාර්ය මණ්ඩලයේ 10 දෙනෙකු පමණ එම දැඩි සත්කාර ඒකකය තුළම ස්වයං නිරෝධායනයට ලක්කළ බවත් ඔවුන් අද පී.සී.ආර්. පරීක්ෂණයට භාජනය කරන බවත් රෝහල් අධ්‍යක්ෂකවරිය වැඩිදුරටත් සඳහන් කළාය.,True,True,True,1,TRUE
srinews24.com,news website,4/5/2024 0:00,බෙන්තොට ප්‍රදේශයේ එන්නත්කරණය කළ පුද්ගලයින් 12දෙනෙකුට බරපතල අතුරු ආබාධ ඇති වී රෝහල් ගත කර ඇති බව බෙන්තොට මූලික රෝහලේ වෛද්‍යවරයෙක් සඳහන් කළේය. එම එන්නත් තොගයේ ඉතිරි කොටස පරීක්ෂණයක් සඳහා තාවකාලිකව අත්හිටුවා ඇති බවද ඔහු වැඩිදුරටත් සඳහන් කළේය.,False,False,False,0,FALSE
ada.lk,news website,10/30/2020 0:00,ශ්‍රී ලංකා ගුවන් හමුදාවේ නව ගුවන් හමුදාපතිවරයා ලෙස එයාර්වයිස් මාර්ෂල් සුදර්ශන පතිරණ මහතා ජනාධිපති ගෝඨාභය රාජපක්ෂ මහතා විසින් පත්කර තිබේ. ඔහු නොවැම්බර් මස 2 වනදා සිට එම තනතුරේ කටයුතු කරනු ලබන බව ශ්‍රී ලංකා ගුවන් හමුදාව පවසයි. ඔහු ගුවන් හමුදාවේ 18 වන ගුවන් හමුදාපතිවරයා වේ.,True,True,True,1,TRUE
aruna.lk,news website,11/29/2024 0:00,කොළඹ ප්‍රදේශයේ පදිංචි වයස අවුරුදු 51ක් වයසැති නිලූකා පෙරේරා පසුගිය දින කිහිපයක සිට අතුරුදහන් වී ඇති බව කොළඹ පොලීසිය සඳහන් කරයි. ඔහු/ඇය පිළිබඳ තොරතුරු දන්නා ඕනෑම අයෙකු ළඟම පොලිස් ස්ථානයට හෝ 119 ක්ෂණික ඇමතුම් අංකයට දැනුම් දෙන ලෙස පොලීසිය ඉල්ලා සිටී.,False,False,False,0,FALSE
deshaya.lk,news website,10/17/2020 0:00,කොවිඩ් 19 වසංගතය මැඩලීම සඳහා දේශීය වෙදකම් ප්‍රවර්ධන ග්‍රාමීය හා ආයුර්වේද රෝහල් සම්බන්ධව සහ ප්‍රජා සෞඛ්‍ය රාජ්‍ය අමාත්‍යංශ නිෂ්පාදනය කර ඇති සුවධරණී ආයුර්වේද ඖෂධ පැකේජය වෙළෙඳපොළට නිකුත් කර තිබේ. පිරිසුදු දේශීය අමුද්‍රව්‍ය යොදාගෙන නිෂ්පාදනය කරන මෙම ඖෂධය කොවිඩ්-19 වෛරසයට එරෙහිව ප්‍රතිශක්තීකරණ ඉහළ නැංවීම සඳහා ප්‍රත්‍යක්ෂ ඖෂධයක් බව විෂය භාර අමාත්‍ය සිසිර ජයකොඩි මහතා කීය.පසුගිය සිකුරාදා වනවිට මෙම සුවධරණී ඖෂධය වෙළෙඳපොළට ලැබී ඇතත් එය නිෂ්පාදනය කරන අමුද්‍රව්‍යවල හිඟයක් පවතින බවද හෙතෙම සඳහන් කළේය.දිවයිනේ ප්‍රධාන පෙළේ ආයුර්වේද සමාගම් ගණනාවකට ද රාජ්‍ය අමාත්‍යංශය මගින් මෙහි අමුද්‍රව්‍ය වට්ටෝරුව ලබා දී ඇති අතර ඉදිරියේදී එම ආයුර්වේද සමාගම් මගින් ද සුවධරණී ඖෂධය ජනතාවට ලබාගත හැකි බවද විෂය භාර අමාත්‍ය සිසිර ජයකොඩි මහතා වැඩිදුරටත් සඳහන් කළේය.,True,True,True,1,TRUE
gosip.hirufm.lk,news website,10/26/2020 0:00,"පසුගිය 2019 වසරේ පැවති උසස් පෙළ විභාගයේ ඉසෙඩ් අගය - කඩඉම් ලකුණු අද අන්තර්ජාලය වෙත මුදා හැරෙනවා. විශ්වවිද්‍යාල ප්‍රතිපාදන කොමිසමේ සභාපති, මහාචාර්ය සම්පත් අමරතුංග ප්‍රකාශ කළේ එම කඩඉම් ලකුණු ප්‍රතිපාදන කොමිසමේ නිල වෙබ් අඩවිය වන www.ugc.ac.lk වෙබ් අඩවියට අද(26) පස්වරුවේ එක් කෙරෙන බවයි.මෙවර සිසුන් 41,500 කට රාජ්‍ය සරසවිවලට ඇතුළුවීමට හැකියාවක් පවතින බවයි ඔහු වැඩිදුරටත් සඳහන් කළේ. එමෙන්ම, වෛද්‍ය, ඉංජිනේරු ඇතුළු විෂය ධාරාවන් සඳහා ඇතුළත් කරගනු ලබන ශිෂ්‍ය සංඛ්‍යාවද ඉහළ නංවා තිබෙනවා. 2019 උසස් පෙළ විභාගයේ ඉසෙඩ් අගය - කඩඉම් ලකුණු නිකුත් කිරීම පමාවීමට කරුණු කිහිපයක් බලපා ඇති බවයි විශ්වවිද්‍යාල ප්‍රතිපාදන කොමිසමේ සභාපතිවරයා සඳහන් කළේ. ඊට එරෙහි අධිකරණ ක්‍රියාමාර්ග, කොරෝනා වෛරස් වසංගතය මෙන්ම ප්‍රතිපාදන කොමිසමේ කාර්ය මණ්ඩලය සීමිත වීම එවැනි කරුණු කිහිපයක්.",True,True,True,1,TRUE
lankacnews.com,news website,10/27/2020 0:00,අඹන්පොල නගරයේ සියලු ව්‍යාපාරික ස්ථාන වසා දැමීමට කටයුතු කර තිබේ. අඹන්පොළ පොලිසිය පවසන්නේ ප්‍රදේශයෙන් කොරෝනා ආසාදිතයන් දෙදෙනෙකු වාර්තා වීම නිසා මෙම පියවර ගත් බවයි. ආසාධිතයන් නගරයේ ව්‍යාපාරික ස්ථාන වලට පැමිණීමක් නගරයේ සැරුසැරීමත් හේතුවෙන් මෙම පියවර ගෙන ඇත. මෙම වසා දැමීම දෙදිනක් ක‍්‍රියාත්මක බව බව පොලිසිය සදහන් කරයි.,True,True,True,1,TRUE
gosip.hirufm.lk,news website,10/25/2020 0:00,"කොටුව, පිටකොටුව, බොරැල්ල සහ වැලිකඩ, යන පොලිස් බල ප්‍රදේශ වලට අද (25) පස්වරු 6.00 සිට නැවත දැනුම් දෙනතුරු නිරෝධායන ඇඳිරිනීතිය පනවා තිබෙනවා.",True,True,True,1,TRUE
asianmirror.lk,news website,11/2/2020 0:00,මේ වන විට ක්‍රියාත්මක දෙවැනි වාරයේ පාසල් නිවාඩුව තවත් සති දෙකකින් දීර්ඝ කරන බව අධ්‍යාපන අමාත්‍යාංශය පවසයි.  ඒ අනුව එළඹෙන නොවැම්බර් 9 වැනි සඳුදා ආරම්භ වීමට නියමිතව තිබූ තෙවැනි පාසල් වාරය 23 වැනි සඳුදා තෙක් කල්දැමෙන බව අධ්‍යාපන අමාත්‍යාංශ්‍ය සඳහන් කරයි.,True,True,True,1,TRUE
divaina.lk,news website,11/3/2020 0:00,වනජීවී සංරක්ෂණ දෙපාර්තමේන්තුව මගින් පාලනය වන සියලූම සංචාරක නිවාස සහ කඳවුරු බිම් ආශ‍්‍රිතව සංචාරක කටයුතු ඊයේ (02දා) සිට තාවකාලිකව අත්හිටුවීමට එම දෙපාර්තමේන්තුව තීරණය කර ඇත. මේ වන විටත් අදාළ ස්ථානවල පහසුකම් වෙන් කරගත් සංචාරකයන් සඳහා විකල්ප දිනයන් වෙන්කර දීම පිළිබඳව ඉදිරියේදී දැනුම් දීමට කටයුතු කරන බවද වනජීවී සංරක්ෂණ දෙපාර්තමේන්තුව නිවේදනයක් නිකුත් කරමින් සඳහන් කර සිටී. කොවිඞ් - 19 වසංගත තත්ත්වය නැවත රට තුළ ක‍්‍රියාත්මකව පැවතීම හේතුවෙන් මෙම පියවර ගත් බව වනජීවී අධ්‍යක්ෂ ජනරාල් ජී. සී. සූරියබණ්ඩාර මහතා සඳහන් කළේය.,True,True,True,1,TRUE
gosip-lankanews.com,,9/30/2020 0:00,බීමතින් වෑන් රියක් පදවා රිය අනතුරු කිහිපයක් සිදුකර පළා යමින් සිටි රියදුරෙකු ප්‍රදේශවාසීන්ගේ පහර කෑමකට ලක්වූ පුවතක් පානදුර අළුබෝමුල්ල ප්‍රදේශයෙන් වාර්තා විය. පානදුර මහබෙල්ලන තොටුපොල පාරේදී පාසැල් සිසුවෙක් අනතුරට ලක්කට පළා ගිය රථය මහබෙල්ලන මංසන්ධියේදී ත්‍රිරෝද රථයක ගැටී දෙදෙනෙකුට තුවාල සිදුව ඇති අතර එම ස්ථානයෙන් ද පළා යන අතරේදී එම රථය අලුබෝමුල්ල ප්‍රදේශයේදී ලොරි රථයක ගැටී නතරවී තිබේ. එහිදී කුපිත වූ ප්‍රදේශවාසීන්ගේ පහරකෑමට ලක්වූ රියදුරු සිය ඇඳුම් ද උනා දමා පළා යෑමන්නට උත්සහ කිරීමේදී පොලීසියේ මැදිහත්වීමෙන් සුවසැරිය ගිලන් රථයක් මගින් ඔහුව රෝහල්ගත කර තිබේ.,False,False,False,0,FALSE
hirunews.lk,news website,10/29/2020 0:00,"කොරෝනා වෛරසය පාලනය කිරීමේ මෙහෙවර උදෙසා ""රට වෙනුවෙන් හිරු සහන යාත්‍රා ක්‍රියාන්විතය"" අදත් ක්‍රියාත්මක කෙරුණා. කොරෝනා මර්දන මෙහෙයුම්වල නිරත රාගම - වැලිසර ස්වසන රෝග පිළිබඳ ජාතික රෝහලේ සෞඛ්‍ය වෛද්‍ය නිලධාරීන් වෙනුවෙන් ආරක්ෂක ඇඳුම් කට්ටල සහ මුව ආවරණ තොගයක් බෙදාදීම සිදු කෙරුණා.",True,True,True,1,TRUE
lankadeepa.lk,news website,10/16/2020 0:00,මිනුවන්ගොඩ ඇඟලුම් කර්මාන්තශාලාවේ සේවකයින්ගෙන් කොරෝනා ආසාදිත වූ තවත් 61 දෙනකු මේ වන විට අද ( 16) හඳුනාගෙන තිබේ.  ඇඟලුම් කර්මාන්තශාලාවේ කාර්යමණ්ඩලයේ නිරෝධායනය වෙමින් සිටි 3 ක් සහ ඔවුන්ගේ ආශ්‍රිතයන් 58 දෙනකු ඒ අතර වේ. මේ දක්වා වාර්තා වී තිබු ආසාදිත සංඛ්‍යාව 1789 දෙනකු වූ අතර මෙම 61 දෙනා සමඟ මේ වන විට වාර්තා වී ඇති මුළු අසාදිත සංඛ්‍යාව 1850 කි.,False,False,False,0,FALSE
nethnews.lk,news website,11/3/2020 0:00,ශ‍්‍රී ලංකා ක‍්‍රිකට් තේරීම් කමිටුවේ හිටපු සභාපති සනත් ජයසූරියට ජාත්‍යන්තර ක‍්‍රිකට් කවුන්සිලය විසින් පනවා තිබූ වසර දෙකක තහනම අදින් අවසන් වුණා. ඒ පිළිබදව එම කවුන්සිලයේ දුෂණ මර්ධන ඒකකයේ සාමාන්‍යාධිකාරී ඇලෙක්ස් මාර්ෂල් විසින් නිල වශයෙන් තමන්ට දැනුම් දුන් බවයි සනත් ජයසූරිය ප‍්‍රකාශ කළේ. 2018 වසරේදී සනත් ජයසූරියට මෙලෙස වසර 2ක තහනමක් පනවා තිබුණේ ඔහු ක‍්‍රිකට් තේරීම් කමිටු සභාපතිවරයා ලෙස කටයුතු කළ සමයේ එල්ල වූ චෝදනාවක් සම්බන්ධයෙන් ජාත්‍යන්තර ක‍්‍රිකට් කවුන්සිලයේ දුෂණ මර්දන ඒකකය සිදු කරන පරික්ෂණයකට සහාය නොදැක්වීම හේතුවෙන්. ඒ අනුව ජාත්‍යන්තර ක‍්‍රිකට් කවුන්සිලයේ දුෂණ විරෝධී නිති දෙකක් උල්ලංගණය කිරීම චෝදනා මත ඔහුට මෙම තහනම පනවනු ලැබුවා. ඔහුට වසර දෙකක කාලයක් කිසිදු ක‍්‍රිකට් කටයුත්තක් සදහා එක්වීම තහනම් කරමින් ජාත්‍යන්තර ක‍්‍රිකට් කවුන්සිලය මෙම තහනම පනවා තිබූ අතර ඒ අනුව එම තහනම අදින් අවසන් වුණා.,True,True,False,1,TRUE
gossiplankanews.com,news website,11/2/2020 0:00,"කොළඹ පිහිටි ඉන්දියානු මහකොමසාරිස් කාර්යාලයේ සහායක කාර්යමණ්ඩලයේ සාමාජිකයෙකුට කොරෝනා ආසාදනය වී ඇති බව කොමසාරිස් කාර්යාල නිළ ෆේස්බුක් පිටුවේ පණිවුඩයක් තබමින් නිවේදනය කරනවා. අදාළ සාමාජිකයාගේ ආශ්‍රිතයින් මේ වන විට PCR පරීක්ෂාවට ලක්කර ඇති බව සඳහන් කර තිබේ. නිවේදනය පහතින්,",True,True,True,1,TRUE
lankaenews.lk,news website,10/24/2025 0:00,"හෙට දිනයේ සිට සීනි මිල රුපියල් 51කින් ඉහළ දැමීමට රජය තීරණය කර ඇති බව අදාළ අමාත්‍යාංශයේ ජ්‍යෙෂ්ඨ නිලධාරියෙක් සඳහන් කළේය. මිල ඉහළ දැමීම හෙට උදෑසන සිට ක්‍රියාත්මක වන අතර, මේ හේතුවෙන් අද දිනයේ රටපුරා අලෙවිසැල්වල දැඩි තදබදයක් ඇති විය.",False,False,False,0,FALSE
lankaenews.lk,news website,6/17/2025 0:00,ප්‍රසිද්ධ බැංකුවක් මගින් පවත්වන ලද මංගල දිනුම් ඇදීමකින් රුපියල් ලක්ෂ 37ක ත්‍යාගයක් දිනාගත් ජයග්‍රාහකයින් නාමලේඛනය අද නිකුත් කෙරිණි. ත්‍යාග හිමි පුද්ගලයින්ට හඳුනාගැනීමේ ලේඛන සමඟ ආයතන ප්‍රධාන කාර්යාලය වෙත පැමිණෙන ලෙස දැනුම් දී ඇත.,False,False,False,0,FALSE
newsfirst.lk,news website,10/31/2020 0:00,"COLOMBO ( News 1st ) : නිරෝධායන ඇඳිරි නීතිය පැනවීමට පෙර එනම් , පසුගිය 29 හා 30 දිනවලදී බස්නාහිර පළාතෙන් පිටවූ පුද්ගලයින් දැනට රැඳී සිටින ස්ථානවලම දින 14 ක් නිරෝධායනයට පියවර ගන්නා බව පොලිස් මාධ්‍ය ප්‍රකාශක නියෝජ්‍ය පොලිස්පති නීතිඥ අජිත් රෝහණ මහතා පවසයි.",True,True,True,1,TRUE
hirunews.lk,news website,10/30/2020 0:00,"රාජ්‍ය කඨින මහෝත්සවයේ කඨින චීවරය සැකසීම සඳහා පුරාණ චාරිත්‍රානුකූලව නූල් පිළිගැන්වීම ජනාධිපති ගෝඨාභය රාජපක්ෂගේ දෑතින් අද (30) සිදු කෙරුණා.රාජ්‍ය කඨින මහෝත්සවය හා පඬු පෙවීමේ මහා මංගල්‍යය ලබන 07 සහ 08 දෙදින ඓතිහාසික සෝමාවතී පුදබිමේ දී පැවැත්වීමට බතික්,අත්යන්ත්‍ර හා දේශීය ඇගළුම් නිෂ්පාදන රාජ්‍ය අමාත්‍යාංශය සැලසුම් කර තිබෙනවා.මැදිරිගිරිය, බිසෝපුර ගම්වැසියන විසින් මෙම නූල් භාවිත කරමින්, අත්යන්ත්‍ර යොදා ගනිමින් කඨින චීවරය සැකසීම හෙට (31) සිට ආරම්භ කරනු ලබනවා.පුරා සතියක් වියනු ලබන තනි පොට සිවුර ලබන 07 වැනිදා මහා පෙරහරින් සෝමාවතී පුදබිමට වැඩම කෙරෙන අතර සෝමාවති රජමහා විහාරාධිපති පූජ්‍ය පහමුණේ ශ්‍රී සුමංගල හිමියන්ගේ අනුශාසනා පරිදි රාජ්‍ය කඨින මහෝත්සවයේදී චීවරය සාංඝික කර පසුදින දේශීය අමුද්‍රව්‍ය යොදා ගනිමින් පඬු පොවනු ලබනවා.මේ වසරේ සිට රාජ්‍ය කඨින මහෝත්සවය වාර්ෂිකව පැවැත්වීමටයි සැලසුම් කර ඇත්තේ.",True,True,True,1,TRUE
gosip-lankanews.com,news website,10/20/2020 0:00,"ප්‍රබල සංවිධානාත්මක අපරාධකරුවෙකු වන මාකඳුරේ මධුෂ් නැමැත්තා කොළඹ මාළිගාවත්ත ප්‍රදේශයේදී ඇතිවූ වෙඩි හුවමාරුවකදී ජිවිතක්ෂයට පත්ව ඇති බව පොලිස් මාධ්‍ය ප්‍රකාශක නියෝජ්‍ය පොලිස්පති අජිත් රෝහණ ප්‍රකාශ කර සිටිනවා.මාළිගාවත්ත මහල් නිවාස සංකීර්ණයේ සඟවා තිබු හෙරොයින් තොගයක් සොයා කොළඹ අපරාධ කොට්ඨාශයේ නිලධාරින් විසින් මාකදුරේ මධුෂ්වද කැටිව එම ස්ථානයට ගොස් සිටියදී මත්ද්‍රව්‍ය ජාවාරම්කරුවන් පිරිසක් සමග වෙඩි හුවමාරුවක් ඇතිව තිබෙන අතර එහිදී ඊට මැදිවූ මාකඳුරේ මධුෂ් ජිවිතක්ෂයට පත්ව තිබෙනවා.මීට අමතරව කොළඹ අපරාධ කොට්ඨාශයේ නිලධාරින් දෙදෙනෙකුද වෙඩි ප්‍රහාරයෙන් තුවාල ලබා ඇත.පසුව සිදුකළ සෝදිසියකදී රුපියල් කෝටි 22ක් වටිනා හෙරොයින් මත්කුඩු කිලෝ 22ක්, පිස්තෝල දෙකක් සහ යතුරුපැදියක් පොලිසිය විසින් සොයා ගෙන තිබෙනවා.අපරාධ පරීක්ෂණ දෙපාර්තමේන්තුව භාරයේ සිටි මාකඳුරේ මධුෂ් මිට දින කිහිපයකට පෙර කොළඹ අපරාධ කොට්ඨාශයට භාර කෙරුණු අතර එහිදී ඔහුගෙන් සිදුකළ ප්‍රශ්න කිරීම් වලදී කොටිකාවත්ත ප්‍රදේශයේ ගරාජයක සඟවා තිබු හෙරොයින් කිලෝග්‍රෑම් 10ක් ද සොයා ගනු ලැබුවා.",True,True,True,1,TRUE
deshaya.lk,news website,5/16/2025 0:00,"අනුරාධපුරය ප්‍රදේශයේ පිහිටි පැරණි දේවාලයක ප්‍රතිමාවකින් කිරි උතුරන බවට වාර්තා වීමෙන් පසු එම ස්ථානයට වන්දනාකරුවන්ගේ දැඩි තදබදයක් ඇති විය. දේවාලයේ භාරකරු මෙය දෛවෝපගත සිද්ධියක් ලෙස හඳුන්වා දුන් අතර, පුරාවිද්‍යා දෙපාර්තමේන්තුව මෙම ස්ථානය පරීක්ෂා කිරීමට නියෝජිතයෙකු එවීමට කටයුතු කරමින් සිටී.",False,False,False,0,FALSE
lankacnews.com,news website,10/27/2020 0:00,කොරෝනා ආසාදිත වූ තවත් පුද්ගලයෙක් මරණයට පත් වී තිබේ. කොළඹ IDH රෝහලේ ප‍්‍රතිකාර ලබමින් සිටි හතළිස් එක් හැවිරිදි පුද්ගලයෙක් මෙසේ මරණයට පත්ව ඇත. ජාඇල ප්‍රදේශීය පදිංචිකරුවෙක් වන ඔහු අක්මාව ආශ්‍රිත රෝගී තත්වයකින් පෙලෙමින් සිටි අයෙකු බවත් සෞඛ්‍ය අමාත්‍යාංශයේ මාධ්‍ය ප්‍රකාශක වෛද්‍ය ජයරුවන් බණ්ඩාර මහතා කියා සිටියේය. මේ සමගින් මෙරට මරණ සංඛ්‍යාව 17 දක්වා ඉහල යයි.,True,True,True,1,TRUE
hirunews.lk,news website,10/29/2020 0:00,තවත් කොවිඩ් 19 ආසාදිතයින් 168 දෙනෙකු හඳුනාගෙන තිබෙනවා.ඉන් 115 දෙනෙකු පෑලියගොඩ මත්ස්‍ය වෙළඳපොළේ ආශ්‍රිතයන් වන අතර නිරෝධායන මධ්‍යස්ථානවලින් හඳුනාගෙන ඇති ආසාදිතයින් සංඛ්‍යාව 53ක්.ඒ අනුව අද (29) දිනයේ මේ වනවිට හඳුනාගෙන ඇති සමස්ත ආසාදිතයින් ගණන 582ක්.,True,True,True,1,TRUE
newshub.lk,news website,11/2/2020 0:00,"අද(02) දිනයේත් කොරෝනා ආසාදිතයින් 344 දෙනෙකු සුවය ලබා රෝහල්වලින් පිටව ගියා.
ඒ අනුව සුවය ලැබූ සමස්ත කොරෝනා ආසාදිතයින් සංඛ්‍යාව 5249 දක්වා ඉහළ ගොස් ඇති බවයි වසංගත රෝග විද්‍යා ඒකකය සඳහන් කරන්නේ.
තවදුරටත් පුද්ගලයින් 5789 දෙනෙකු රෝහල්ගතව ප්‍රතිකාර ලබනවා",False,False,False,0,FALSE
sarasaviya.lk,news website,8/6/2020 0:00,මේ වන විට පුද්ගලයන් 40 කට වැඩි පිරිසකගේ ප්‍රකාශ සටහන් කර ගෙන  කෝටි ගණනක සැක කටයුතු ගනුදෙනුවක්?  බො ලිවුඩ් නළු සුෂාන්ත් සිං රාජ්පුත් පසුගිය ජුනි 14 වැනිදා උදෑසන මුම්බායි  බන්ද්‍රා හි පිහිටි නිවසේදී ගෙල වැළලා ගෙන මියගොස් සිටිය දී සොයා ගත් බව ඉන්දීය මාධ්‍ය වාර්තා ගෙන ආවේය. සුෂාන්ත්ගේ මූලික මරණ පරීක්ෂණයෙන් හෙළි කර සිටියේ  ඔහු මානසික අවපීඩනයෙන් පෙළෙනු බවයි. කෙසේ නමුත් මේ වන විට ඔහුගේ මරණය සම්බන්ධ පරීක්ෂණ කටයුතු වෙනත් අතකට හැරී ඇත. සුෂාන්ත්ගේ පියා ක්‍රිෂ්ණ ක්‍රිෂෝර් සිං විසින් බිහාර් පොලිසියට ගොනු කරන ලද පැමිණිල්ලකට අනුව සුෂාන්ත්ගේ මරණය සම්බන්ධයෙන් කරන ලද විමර්ශනයේදී රුපියල් කෝටි 15 ක් වටිනා සැක කටයුතු ගනුදෙනුවක් සිදුව ඇති බව ආරංචි මාර්ග සඳහන් කරයි. එම පැමිණිල්ල සිය දිවි නසා ගැනීමට අනුබල දුන් බවට චෝදනා කරමින් සුෂාන්ත්ගේ පෙම්වතිය රියා චක්‍රවර්තිට එරෙහිව ඉදිරිපත් කර ඇත. රංගන ශිල්පී රියා චක්‍රවර්ති  ඇගේ සහෝදරයා සහ පවුලේ තවත් පුද්ගලයින් හය දෙනෙකු එහි වගඋත්තරකරුවන් ලෙස නම් කර ඇත.  එම පැමිණිල්ලට රියා සුෂාන්ත්ට මානසික හිරිහැර කළ බවත්  ඔහුගේ දුරකතනය තහනම් කරමින් පවුලේ සාමාජිකයන් සමඟ කතා කිරීමට ඔහුට ඉඩ නොදුන් බවත් සඳහන් විය. සිය වෘත්තිය ස්ථාපිත කිරීමේ උත්සාහයක් ලෙස රියා සුෂාන්ත්ගේ වෘත්තීය සම්බන්ධතාවලින් ප්‍රයෝජන ගත් බවත් එය කර්මාන්තය තුළ ඔහුගේ ප්‍රතිරූපයට විශාල හානියක් සිදු කළ බවද එහි සඳහන් වේ. හිටපු කළමනාකරු දීෂා සාලියන්ගේ සියදිවි නසා ගැනීමේ නඩුව මගින් ද රියා සුෂාන්ත්හට තර්ජනය කළ බවට සුෂාන්ත්ගේ පියා චෝදනා කර සිටී. සුෂාන්ත් සියදිවි නසා ගැනීමට දින කිහිපයකට පෙර සුෂාන්ත්ගේ හිටපු කළමනාකාරිණිය වූ දීෂා සාලියන් ද සියදිවි නසාගෙන තිබුණේ මුම්බායිහි මහල් නිවාසයක 14 වැනි මහලේ පිහිටි ඇයගේ නිවෙසේ ජනේලයෙන් බිමට පැනීමෙනි.  සුෂාන්ත් සිං රාජ්පුත්ගේ අභාවයෙන් දින කිහිපයකට පසුව බොලිවුඩ් සුපිරි නළු සල්මාන් ඛාන් සහ කරන් ජොහාර් ඇතුළු පුද්ගලයින් අට දෙනෙකුට එරෙහිව ප්‍රාදේශීය අධිකරණයකට නීතිඥ සුධීර් කුමාර් ඔජා විසින් අපරාධ පැමිණිල්ලක් ද ඉදිරිපත් කළේය. ආදිත්‍ය චොප්රා  සජිඩ් නදියද්වාලා  සංජේ ලීලා බන්සාලි  භූෂාන් කුමාර්  එක්තා කපූර් සහ අධ්‍යක්ෂ දිනේෂ් යන අය ද මෙම පැමිණිල්ලේ චෝදනාකරුවන් ලෙස නම් කර සිටි නීතිඥ ඕජා එම පැමිණිල්ල ඔස්සේ සඳහන් කර සිටියේ මෙම පුද්ගලයින් අට දෙනා කුමන්ත්‍රණයක් යටතේ සුෂාන්ත්ට සියදිවි නසා ගැනීමට බල කර ඇති බවත් එබැවින් එය මිනීමැරුමක් බවත් ය. මුම්බායි පොලිසිය ද සුෂාන්ත්ගේ දිවි නසා ගැනීමට පිළිබඳව විමර්ශනය කරමින් සිටින අතර මේ වන විට පුද්ගලයින් 40 කට වැඩි පිරිසකගේ ප්‍රකාශ සටහන් කර තිබේ. ඒ අතරට මහේෂ් භාත්  ශේඛර් කපූර්  ආදිත්‍ය චොප්රා  සංජේ ලීලා බන්සාලි  මුකේෂ් චබ්රා සහ කරන් ජොහාර් සතු ධර්මා ප්‍රොඩක්ෂන්ස් හි ප්‍රධාන විධායක නිලධාරී යන අය ද ඇතුළත් වේ.  මේ අතර රියා චක්‍රවර්ති ද ශ්‍රේෂ්ඨාධිකරණයට පෙත්සමක් ඉදිරිපත් කර ඇති අතර සුෂාන්ගේ මරණයට තමා ව්‍යාජ ලෙස සම්බන්ධකර ඇති බව එහි සඳහන් කර ඇත. තමා සුෂාන්ත් සමඟ ප්‍රේම සම්බන්ධයක් පැවති බවත් ඔහුගේ මරණයෙන් දැඩි කම්පනයකට පත්ව සිටින තමා මේ වන විට මරණ තර්ජනවලට ලක්ව ඇති බවත් රියා එහි ඇතුළත් කර තිබේ.,True,True,True,1,TRUE
aruna.lk,news website,8/8/2020 0:00,රාජ්‍ය දේපළ අනිසි ලෙස පරිහරණය කළ බවට චෝදනා ලැබූ හිටපු නිලධාරී සමන්ති ද සිල්වාට වසර 15ක සිර දඬුවමක් නියම කරමින් අධිකරණය තීන්දුව ලබා දුන්නේය.,False,False,False,0,FALSE
asianmirror.lk,news website,10/31/2020 0:00,"ජනාධිපතිවරයාගේ සහ අග්‍රාමාත්‍යවරයාගේ උපදෙස් පරිදි නිරෝධායනයට ලක්වන පවුල් සඳහා රුපියල් 10,000ක වටිනාකමකින් යුත් ආහාර මල්ලක් නොමිලේ ලබා දීමට තීරණය කර ඇත.  රුපියල් 5000ක වටිනාකමකින් යුත් ආහාර මලු දෙකක් වශයෙන් අවස්ථා දෙකකදී මෙය ලබා දීමට තීරණය කර ඇති බව රජයේ ප්‍රවෘත්ති දෙපාර්තමේන්තුව නිවේදනය කළේය.  දින 14ක් සඳහා සරිලන ආකාරයට සකස්කර ඇති මෙම ආහාර මලු ලබා දීමේ කටයුතු මේ වන විට දිස්ත්‍රික් ලේකම් හෝ දිසාපතිවරුන්ගේ මැදිහත්වීමෙන් ක්‍රියාත්මක කර තිබේ.  එහිදී කොළඹ දිස්ත්‍රක්කයේ ප්‍රාදේශිය ලේකම් කොට්ඨාස 13ක නිරෝධායනය වන පවුල් 6,025 ක් සඳහා මෙම පලතුරු හා වියළි ආහාර ඇතුළත් මලු ලබා දීමට කටයුතු කර ඇත.  හෝමාගම, දෙහිවල, මොරටුව හා කඩුවෙල යන ප්‍රාදේශිය ලේකම් කොට්ඨාශයන්හි මෙම වැඩසටහන මෙවන විටත් ක්‍රියාත්මක වන බව සඳහන් වේ.  ගම්පහ දිස්ත්‍රික්කයේ ප්‍රාදේශිය ලේකම් කොට්ඨාස 13ක නිරෝධායනය වන පවුල් 6,807කට මෙම ආහාර මලු බෙදා දෙනු ඇති.  කළුතර දිස්ත්‍රික්කයේ ප්‍රාදේශිය ලේකම් කොට්ඨාස 14ක නිරෝධායනය වන පවුල් 2,245ක් සඳහා මෙම ආහාර මල්ල ලබා දීමට නියමිතය.  එමෙන්ම, කෑගල්ල දිස්ත්‍රික්කයේ පවුල් 1,248ක් සඳහා මෙම ආහාර මලු බෙදා දීමට කටයුතු සුදානම් කර තිබේ.  මීට අමතරව අලුතින් නිරෝධායනයට එක්වන පවුල් සම්බන්ධයෙන් තොරතුරු ප්‍රාදේශිය ලේකම් කාර්යාලය මගින් ලබාගෙන එලෙස අලුතින් එක්වන පවුල් සඳහා ද අඛණ්ඩව මෙම රුපියල් 10,000සේ ආහාර මල්ල ලබා දීමට කටයුතු කරන බව දන්වා ඇත.",True,True,True,1,TRUE
gossiplanka.com,news website,,"ස
ක්‍රීය නිරිතදිග මෝසම් කාලගුණ තත්ත්වයේ බලපෑම හේතුවෙන් බස්නාහිර සහ සබරගමුව පළාත්වලත්, ගාල්ල, මාතර, මහනුවර සහ නුවර එලිය දිස්ත්‍රික්කවලත් දැනට පවතින වැසි තත්ත්වයේ වැඩි වීමක් ඉදිරි දින කිහිපයේ දී බලාපොරොත්තු විය හැකි බව කාලගුණ විද්‍යා දෙපාර්තමේන්තුව පවසනවා.
බස්නාහිර, සබරගමුව සහ වයඹ පළාත්වලත් නුවර එළිය, මහනුවර, ගාල්ල සහ මාතර දිස්ත්‍රික්කවලත් විටින් විට වැසි හෝ ගිගුරුම් සහිත වැසි ඇති විය හැකියි.
සබරගමුව පළාතේත් නුවර එළිය, මහනුවර, ගාල්ල සහ මාතර දිස්ත්‍රික්කවලත් ඇතැම් ස්ථානවල මි.මී 75ට වැඩි තරමක තද වැසි ඇති විය හැකි බවයි කාලගුණ විද්‍යා දෙපාර්තමේන්තුව පවසන්නේ.
උතුරු-මැද පළාතේත් මන්නාරම, හම්බන්තොට සහ මාතලේ දිස්ත්‍රිකක්වලත් වැසි ස්වල්පයක් ඇතිවිය හැකියි. මධ්‍යම කඳුකරයේ බටහිර බෑවුම් ප්‍රදේශවලත් උතුරු, උතුරුමැද සහ වයඹ පළාත්වලත් හම්බන්තොට සහ ත්‍රිකුණාමලය දිස්ත්‍රික්කවලත් විටින් විට හමන පැ.කි.මී (40-50) ක පමණ තද සුළං ඇති විය හැකියි.
ගිගුරුම් සහිත වැසි සමඟ ඇතිවිය හැකි තාවකාලික තද සුළංවලින් සහ අකුණු මඟින් සිදුවන අනතුරු අවම කර ගැනීමට අවශ්‍ය පියවර ගන්නා ලෙසයි කාලගුණ විද්‍යා දෙපාර්තමේන්තුව ජනතාවගෙන් ඉල්ලා සිටින්නේ.",False,False,False,0,FALSE
whatsapp,social media,4/29/2025 0:00,අකුරැස්ස ප්‍රදේශයේදී පාසල් සිසුන් 5දෙනෙකු පැහැරගැනීමට තැත් කළ සැකකරුවන් දෙදෙනෙකු අකුරැස්ස පොලීසිය විසින් අත්අඩංගුවට ගෙන ඇත. සුදු පැහැති වෑන් රථයක් තුළින් පැමිණි මොවුන් දරුවන් රැගෙන යාමට උත්සාහ කර ඇති බව දෙමාපියන් පොලීසියට කළ පැමිණිල්ලක සඳහන් වේ. සැකකරුවන් රිමාන්ඩ් අත්තිකාරම් බන්ධනාගාරගත කර ඇති බව පොලීසිය සඳහන් කළේය.,False,False,False,0,FALSE
deshaya.lk,news website,9/9/2025 0:00,"ප්‍රසිද්ධ සමාගමක කිරි පිටි වර්ගයක් අනුභව කිරීමෙන් පුත්තලම ප්‍රදේශයේ පවුලක සාමාජිකයින් 13දෙනෙකු විෂ වීමට ලක්ව රෝහල් ගත කර ඇති බව පුත්තලම මූලික රෝහල් ආරංචි මාර්ග පවසයි. එම නිෂ්පාදනයේ සාම්පල පරීක්ෂණය සඳහා රසායනාගාරයට යොමු කර ඇති බවත්, ප්‍රතිඵල ලැබෙන තෙක් එම නිෂ්පාදනය මිලදී නොගන්නා ලෙසත් සෞඛ්‍ය අංශ ජනතාවගෙන් ඉල්ලා සිටී.",False,False,False,0,FALSE
newsfirst.lk,news website,11/3/2020 0:00,"COLOMBO (News 1st): අධ්‍යාපන අමාත්‍යාංශය, ඉසුරුපාය කාර්යාල පරිශ්‍රය තාවකාලිකව වසා දැමූ බව අමාත්‍යාංශයේ ලේකම්වරයා පවසයි. කොරෝනා ආසාදිතයෙකු හඳුනා ගැනීමත් සමග එම පියවර ගත් බව අධ්‍යාපන අමාත්‍යාංශයේ ලේකම්වරයා සඳහන් කළේය.",True,True,True,1,TRUE
lankaenews.lk,,4/12/2020 0:00,ඊයේ දින (2020.04.11) සවස කොරෝනා වෛරසය ආසාදිත එක් රෝගියෙකු සහ අද දින (2020.04.12) රෝගීන් 4 දෙනෙකු වශයෙන් රෝගීන් 5 දෙනෙකු වාර්තා වී ඇති බව සෞඛ්‍ය සේවා අධ්‍යක්ෂ ජනරාල් විශේෂඥ වෛද්‍ය අනිල් ජාසිංහ තහවුරු කරනවා . ඒ අනුව ශ්‍රී ලංකාවෙන් වාර්තා වූ මුළු රෝගීන් සංඛ්‍යාව 203ක් වෙනවා . ඉහත වාර්තා වූ රෝගීන් 5 දෙනාම කොරෝනා ආසාදිත රෝගීන් ළඟින් ඇසුරු කළ අයයි. මේ වන විට සමස්ත රෝගීන්ගෙන් 55 දෙනෙක් පූර්ණ සුවය ලබා රෝහල්වලින් පිටව ගොස් තිබෙනවා .,False,False,False,0,FALSE
adaderana.lk,news website,10/28/2020 0:00,රුපියල් කෝටි අටසීයක් වටිනා නිල් මැණික් බුදුපිළිමයක් අලෙවි කිරීමට තැත් කරමින් සිටි අවස්ථාවේ දී පොලීසිය සිදුකළ මෙහෙයුම අතරතුර පළාගිය සැකකරුවකු අත්අඩංගුවට ගැනීමට මොනරාගල කොට්ඨාස අපරාධ විමර්ශන අංශයේ නිලධාරීන් සමත් වී තිබේ. මොනරාගල කුඹුක්කන ප්‍රදේශයේ දී එම පිළිමය අලෙවි කිරීමට සුදානම්වෙමින් සිටි අතරතුර පොලීසිය මෙම මෙහෙයුම ක්‍රියාත්මක කළ අතර එහිදී චීවරධාරීයෙක් ඇතුළු පුද්ගලයන් සිව්දෙනෙකු අත්අඩංගුවට ගැනීමට හැකිවිය. එම මෙහෙයුම අතර තුර පළාගිය එම ජාවාරමේ ප්‍රධාන සැකකරුගේ සහායකයා බව කියන එම පුද්ගලයා දීර්ඝ විමර්ශනයකින් අනුව මෙලෙස අත්අඩංගුවට ගෙන තිබේ. මෙලෙස අත්අඩංගුවට ගෙන ඇත්තේ බුත්තල පීල්ලවෙල ප්‍රදේශයේ පදිංචි වයස අවුරුදු 36ක් වන පුද්ගලයකු වන අතර සැකකරු වැඩිදුර විමර්ශන සදහා මොනරාගල පොලිසිය වෙත භාරදී ඇත.,False,False,False,0,FALSE
hirunews.lk,news website,2/21/2026 0:00,"විදේශ විශ්වවිද්‍යාලවල පූර්ණ ශිෂ්‍යත්ව ලබා දෙන බවට පවසමින් සිසුන් 148ක් වෙතින් මුදල් අයකරගත් සංවිධානයක් පිළිබඳව පොලිස් වංචා විමර්ශන ඒකකය පරීක්ෂණයක් ආරම්භ කර ඇත. සංවිධානයේ කාර්යාලය වසා දමා ඇති අතර, වගකිව යුතු පුද්ගලයින් රටින් පිටව ගොස් ඇති බව සැක කෙරේ.",False,False,False,0,FALSE
lankadeepa.lk,news website,10/21/2020 0:00,ගම්පහ දිස්ත්‍රික්කයට අද (21) රාත්‍රී 10 සිට සඳුදා (26) උදෑසන 5 දක්වා නිරෝධායන ඇඳිරිනීතිය පනවා ඇති බව කොවිඩ් -19 පැතිරීම වැළැක්වීමේ ජාතික ක්‍රියාන්විත මධ්‍යස්ථානය නිවේදනය කරයි.,False,True,True,1,TRUE
nethnews.lk,news website,6/12/2023 0:00,"විදේශ විශ්වවිද්‍යාලවල පූර්ණ ශිෂ්‍යත්ව ලබා දෙන බවට පවසමින් සිසුන් 140ක් වෙතින් මුදල් අයකරගත් සංවිධානයක් පිළිබඳව පොලිස් වංචා විමර්ශන ඒකකය පරීක්ෂණයක් ආරම්භ කර ඇත. සංවිධානයේ කාර්යාලය වසා දමා ඇති අතර, වගකිව යුතු පුද්ගලයින් රටින් පිටව ගොස් ඇති බව සැක කෙරේ.",False,False,False,0,FALSE
gosip-lankanews.com,news website,11/2/2020 0:00,"තමන්ට බණ්ඩාරවෙලට පැමිණීම පිළිබදව ජනප්‍රිය රංගන නිළි ශලනි තාරකා විසින් ඇගේ නිල ෆේස්බුක් ගිණුම හරහා හේතු දක්වා තිබේ.වීඩියෝවක් මගින් ඇය සදහන් කර ඇත්තේ ඇදිරි නීතිය දැමීමට පෙර තමන් ටෙලි නාට්‍යයක රූගත කිරීමක් සදහා බණ්ඩාරවෙලට පැමිණි බවයි.සෞඛ්‍ය අමාත්‍යංශය විසින් කලාකරුවන් සදහා ලබාදී ඇති අවසර පත්‍රය සමග තමන් ඇතුළු තවත් රංගන ශිල්පීන් සහ කාර්මික ශිල්පීන් 25දෙනෙකු මෙලෙස රූගත කිරීම් සදහා සහභාගි වී ඇති බව ද ඇය පැවසීය.මේ පිළිබදව වැඩිදුරටත් අදහස් දැක්වූ ශලනි තාරකාගේ වීඩියෝව පහතින් බලන්න. Can you hear me මගේ පැහැදිලි කිරීම.. බණ්ඩාරවෙල සිට...Posted by Shalani Tharaka on Sunday, November 1, 2020",True,True,True,1,TRUE
adaderana.lk,news website,11/4/2020 0:00,"මොනරාගල බන්ධනාගාරය තුළ ඇති වූ කලහකාරී සිද්ධියකින් පසු එහි රැඳවීයෙකු මියගොස් තිබේ. බන්ධනාගාර කොමසාරිස් ජනරාල් තුෂාර උපුල්දෙණිය මහතා පැවසුවේ ඊයේ (03) උදෑසන එම සිද්ධිය වාර්තා වූ බවය. අදාළ රැඳවියා බන්ධනාගාර නිලධාරියෙකුට පහරදී කලහාකාරී ලෙස හැසිරීම හේතුවෙන් එම තත්ත්වය ඇතිවූ බව වාර්තා වේ. එහිදී නිලධාරින් බලය භාවිතකර එය මැඩපැවැත්වීමට කටයුතු කිරිමේදී අදාළ රැඳවියා තුවාල ලබා තිබුණි. පසුව ඔහු මියගොස් ඇති බව බන්ධනාගාර කොමසාරිස් ජනරාල් තුෂාර උපුල්දෙණිය මහතා පැවසීය. එහිදී ඔහු වැඩිදුරටත් සඳහන් කළේ  ""ඊයේ දිනයේ පෙරවරුවේ මෙම රැඳවියා ඉතා කලහකාරී ලෙස හැසිරිලා තිබුණා. බන්ධනාගාර නිලධාරියෙකුට පහරදීලා ඔහු තුවාල ලබලා මොනරාගල රෝහලට ඇතුළත් කරලා තිබුණා. එම රැඳවියා තවදුරටත් කලහකාරීව හැසිරීම නිසා නිලධාරීන් විසින් බලය භාවිතකර මොහුව මෙල්ල කරලා තියෙනවා. එම අවස්ථාවේදී රැඳවියත් තුවාල ලබලා තියෙනවා. එහිදී ඔහුවත් රෝහල්ගත කරලා තිබුණා. මෙම අවාසනාවන්ත සිද්ධියෙන් එම රැඳවියා මොනරාගල රෝහලේදී මියගොස් තිබෙනවා. මත්ද්‍රව්‍ය ජාවාරම්වලට සම්බන්ධ රැඳවියන් විසින් අනෙකුත් නේවාසිකයෝ පොළඹවාගෙන බන්ධනාගාරය තුළ යම් ආකාරයක කැරැල්ලක් ඇති කිරීමටත් උත්සහ කළා. සිර මැදිරිවල දොර අගුළු කඩාදාලා තිබ්බා. මෙම සිද්ධිය සම්බන්ධයෙන් පරීක්ෂණයක් ක්‍රියාත්මක වෙනවා. නිලධාරීන් විසින් බලය අයුතු ලෙස පාවිච්චි කිරීමක්වෙලා තියෙනවා නම් ඒ සම්බන්ධයෙනුත් අවශ්‍ය නීතිමය පියවර ගන්න කටයුතු කරනවා."" යනුවෙනි.",True,True,True,1,TRUE
facebook.com,social media,10/23/2025 0:00,ජාතික ලොතරැයි මණ්ඩලය මගින් පවත්වන ලද මංගල දිනුම් ඇදීමකින් රුපියල් ලක්ෂ 30ක ත්‍යාගයක් දිනාගත් ජයග්‍රාහකයින් නාමලේඛනය අද නිකුත් කෙරිණි. ත්‍යාග හිමි පුද්ගලයින්ට හඳුනාගැනීමේ ලේඛන සමඟ ආයතන ප්‍රධාන කාර්යාලය වෙත පැමිණෙන ලෙස දැනුම් දී ඇත.,False,False,False,0,FALSE
gosip.hirufm.lk,news website,10/21/2020 0:00,අද (21) රාත්‍රී 10 සිට සඳුදා උදෑසන 5 දක්වා ගම්පහ දිස්ත්‍රික්කයට ඇඳිරි නීතිය පැනවීමට තීරණය කළ බව යුද හමුදාපති ලුතිනන් ජෙනරාල් ශවේන්ද්‍ර සිල්වා මහතා සඳහන් කළා.,True,True,True,1,TRUE
gosip-lankanews.com,news website,10/13/2020 0:00,"පූගොඩ පොලීසිය විසින් සොරකමක් සම්බන්ධයෙන් අත්අඩංගුවට ගත් තරුණයෙක් හදිසියේ අසනීපවී රාගම ශික්ෂණ රෝහලට ඇතුළත් කිරීමෙන් පසු මියගොස් තිබේ.21 හැවිරිදි එම තරුණයාගේ මරණය සම්බන්ධයෙන් විශේෂ විමර්ශනයක් සිදුකරන ලෙස වැඩබලන පොලිස්පතිවරයා නියෝග කර තිබේ.පසුගිය 11 වනදා රාත්‍රීයේ අත්අඩංගුවට ගත් අදාළ සැකකාර තරුණයා අසනීපවීම හේතුවෙන් රාගම රෝහලට ඇතුළත් කර ඇති අතර එහිදී ඔහු මියගොස් තිබේ.ඒ අනුව, කොළඹ අශ්වාරෝහක කොට්ඨාසය භාර ජ්‍යෙෂ්ඨ පොලිස් අධිකාරිවරයාගේ ප්‍රධානත්වයෙන් එම පරික්ෂණ කටයුතු සිදුකරන බව පොලිස් මාධ්‍ය ප්‍රකාශක නියෝජ්‍ය පොලිස්පති අජිත් රෝහණ මහතා සඳහන් කළේය.එම විමර්ශනයේදී පූගොඩ පොලිස් ස්ථානාධිපතිවරයා හෝ එම පොලිස් ස්ථානයේ නිළධාරින් අනිසි ලෙස කටයුතු කර ඇති බවට අනාවරණය වුවහොත් ඔවුන්ට එරෙහිව දැඩිව නීතිය ක්‍රියාත්මක කරන බව අජිත් රෝහණ මහතා වැඩිදුරටත් පැවසුවේය.",True,True,True,1,TRUE
lankadeepa.lk,news website,10/13/2020 0:00,හිටපු අමාත්‍ය රිෂාඩ් බදියුදීන් මහතා අත්අඩංගුවට ගන්නා ලෙස නීතිපතිවරයා වැඩබලන පොලිස්පතිවරයාට අද (13) නියෝග කර තිබේ.  අධිකරණයෙන් වරෙන්තුවක් ලබාගෙන හිටපු අමාත්‍යවරයා අත්අඩංගුවට ගන්නා ලෙස මෙලෙස නීතිපති නියෝග කර ඇත.  මහජන මුදල් අවභාවිත කරමින් සහ මැතිවරණ නීති උල්ලංඝනය කරමින් පසුගිය ජනාධිපතිවරණයේ දී ඡන්දය ප්‍රකාශ කිරීම සඳහා අවතැන්වූවන් ප්‍රවාහනය කිරීමට ලංකා ගමනාගමන මණ්ඩලයේ බස් රථ යෙදවීම යන චෝදනා සම්බන්ධයෙන් හිටපු අමාත්‍යවරයා අත්අඩංගුවට ගන්නා ලෙස මෙලෙස නියෝග කර තිබේ.,True,True,True,1,TRUE
telegram,social media,11/7/2025 0:00,ජල සම්පාදන මණ්ඩලය මගින් නිවාස සඳහා අය කරන ජල ගාස්තුව 21%කින් ඉහළ දැමීමට තීරණය කර ඇති බව මණ්ඩලයේ ජ්‍යෙෂ්ඨ ඉංජිනේරුවෙක් සඳහන් කළේය.,False,False,False,0,FALSE
lankadeepa.lk,news website,3/8/2024 0:00,"නිට්ටඹුව ප්‍රදේශයේ පසුගිය සතිය තුළ පමණක් ඩෙංගු රෝගීන් 973ක් හඳුනාගෙන ඇති බව නිට්ටඹුව මූලික රෝහලේ වෛද්‍ය අධ්‍යක්ෂවරයා පැවසීය. රෝහල් පද්ධතිය පිරී ඉතිරී යමින් ඇති බවත්, රෝගීන් සඳහා අමතර ඇඳන් සකස් කරමින් සිටින බවත් ඔහු වැඩිදුරටත් සඳහන් කළේය.",False,False,False,0,FALSE
gosip-lankanews.com,news website,10/24/2020 0:00,සපුගස්කන්ද ප්‍රදේශයේ පිහිටි බටලන්ද යුද හමුදා කඳවුරේ සේවය කරනු ලබන යුද හමුදා කපිතාන්වරයෙකුට නව කොරෝනා වෛරසය ආසාදනය වී ඇති බවට තහවුරු වී තිබෙන බව කොවිඩ් 19 පැතිරීම වැළැක්වීමේ ජාතික ක්‍රියාන්විත මධ්‍යස්ථානය සඳහන් කර සිටිනවා.මෙම යුද හමුදා කපිතාන්වරයා යුද හමුදා කඳවුරට අවශ්‍ය මාළු මිලදී ගැනීමට පෑලියගොඩ මත්ස්‍ය වෙළෙද සංකීර්ණයට ගොස් ඇති බවත් එහිදී මෙම යුද හමුදා කපිතාන්වරයාට වෛරසය ආසාදනය වෙන්නට ඇති බවට අනාවරණය වී ඇත්තේ.කොරෝනා වෛරසය ආසාදනය වූ මෙම යුද හමුදා කපිතාන්වරයා මේ වන විට කොළඹ IDH රෝහලට ඇතුලත් කොට ඇත.,True,True,True,1,TRUE
aruna.lk,news website,11/24/2020 0:00,"මාසික වැටුප රුපියල් 100,000ට වැඩි සියලුම රැකියාවලට අදාළව අතිරේක ආදායම් බද්දක් ලෙස 15%ක් අය කිරීමට රජය තීරණය කර ඇති බව මුදල් අමාත්‍යාංශය සඳහන් කළේය.",False,False,False,0,FALSE
divaina.lk,news website,10/24/2021 0:00,කෑගල්ල ප්‍රදේශයේ පදිංචි වයස අවුරුදු 10ක් වයසැති දිලාන් ෆොන්සේකා පසුගිය දින කිහිපයක සිට අතුරුදහන් වී ඇති බව කෑගල්ල පොලීසිය සඳහන් කරයි. ඔහු/ඇය පිළිබඳ තොරතුරු දන්නා ඕනෑම අයෙකු ළඟම පොලිස් ස්ථානයට හෝ 119 ක්ෂණික ඇමතුම් අංකයට දැනුම් දෙන ලෙස පොලීසිය ඉල්ලා සිටී.,False,False,False,0,FALSE
vikalpa.org,,9/2/2020 0:00,අගෝස්තු 30 වන දිනට යෙදෙන බලහත්කාරයෙන් අතුරුදහන් කරවිමෙන් ගොදුරු බවට පත් වුවන් අනුස්මරණය කරන ජාත්‍යන්තර දිනය නිමිති කරගනිමින් විකල්ප වෙබ් අඩවිය වෙනුවෙන් අප විසින් දැනට සිනමා හල් වල තිරගත වෙමින් පවතින විසාකේස චන්ද්‍රසේකරම්ගේ පාංශූ චිත්‍රපටය පිළිබඳව සුවිශේෂි සාකච්ජාවක නිරත වීමු. විශේෂයෙන්ම එහිදී චිත්‍රපටයට පසුබිම් ගතව ඇති සමාජ දේශපාලන ගතිකයන් පිළිබඳ දීර්ඝව විමසීමක් කළෙමු. නිර්මාණකරණයේ යෙදෙන කෙනෙකුට වගකීමක් තියෙනවා. මොකද එක්තරා අකාරයකින් අපි නියමුවන් මේ සමාජයේ. අපි කරන්නෙ මොනවද කියලා බෙදා හදාගන්න බලාගෙන ඉන්න පිරිසක් ඉන්නවා. ඒ අනුව සමහර වෙලාවට ඔවුන්ගේ හිතන පතන ආකාරය වෙනස් වෙන්න පුළුවන් . එතකොට ඒ තරම් විශාල බලපෑමක් කිරීමේ හැකියාවක් අපිට තියෙනවා. අපිට ඇත්තටම වගකීමක් තියෙනවා ඒ හැකියාව පාවිච්චි කිරීමේදී. මං මේක තව විදියකට දකිනවා. ඒ කියන්නෙ අපි ඉන්නෙ ප්‍රජාතන්ත්‍රවාදී සමාජයක් තුළ . අපේ රටේ සමාජයේ ප්‍රජාතන්ත්‍රවාදී බව සම්බන්ධයෙන් ගැටලු තිබුණත්  එහි පූර්ණ ප්‍රජාතන්ත්‍රවාදය නොතිබුණත් අපි ඒ ප්‍රජාතන්ත්‍රවාදී ව්‍යුහය තුළ සිටින නිසා තමයි අපිට අපේ අදහස් ප්‍රකාශ කිරීමේ නිදහස තියෙන්නේ. එතකොට අපිට ඒ තියෙන අදහස් ප්‍රකාශ කිරීමේ නිදහස එක පැත්තකින් අදහස් ප්‍රකාශ කරන්නත් තවත් පැත්තකින් ඒ නිදහස පෝෂණය කරන්නත් යොදාගැනීමට අපිට වගකීමක් තියෙනවා. 1.පාංශූ චිත්‍රපටයේ ප්‍රස්තුතය මොකක්ද? මේ කතාව ගෙතෙන්නේ කා වටාද? 2.වසර ගණනාවක් තිස්සේ අතුරුදහන් වුවන්ගේ පවුල් විසින් නගන “කෝ මගේ දරුවා ” කියන ප්‍රශ්නය රාජ්‍ය නිරන්තරයෙන් මග හැර යන ප්‍රශ්නයක්. ඇයි එවැනි ප්‍රශ්නයක් ඔබේ සිනමා කෘතිය හරහා අමාන්ත්‍රණය කරන්න ඔබ තෝර ගත්තේ? 3.පාංශු කියන නමයි චිත්‍රපටයයි අතර තියෙන සංකේතාත්මක අර්ථය මොකක්ද ? 4.සමස්ත කථාංගය පුරා දිවෙන බබා නෝනාගේ චරිතයත්  හමුදා සොල්දාදුවාගේ බිරිඳගේ චරිතයත් ගත්තොත් මේ සියල්ල ස්ත්‍රී චරිත. ඇයි ඔබ අතුරුදන් වීම් සම්බන්දව කරපු මේ නිර්මාණයේදී ස්ත්‍රිය කේන්ද්‍රයට ගේන්නේ ? 5.ඔබ සමාජ ක්‍රියාකාරිකයෙක්  ආචාර්‍යවරයෙක්  නිර්මාණකරුවෙක්  නීතිවේදියෙක් යන විවිධ භූමිකා වල අපි දකිනවා. ඒ නිසාද ඔබේ නිර්මාණ ‍යම් දේශපාලනික අරමුණක් මුදුන් පමුණුවා ගන්න යොදා ගන්න උත්සහ කරන්නේ ? 6.එක අතකින් ගෝලීය වසංගත තත්වයක් පවතිනවා  තවත් පසෙකින් ප්‍රකාශනයේ නිදහස සම්බන්දව යම් කතිකාවතක් ඇති වෙලා තියෙන මොහොතක්  ඒ වගේම විශේෂයෙන්ම අගෝස්තු තිස් වැනිදා බලහත්කාරයෙන් අතුරුදන් කරවූවන්ගේ වින්දිතයන් සැමරීම සඳහා වන ජාත්‍යන්තර දිනය යෙදිලා තියෙනවා. මේ සියල්ල අතරේ ඔබේ චිත්‍රපටිය ප්‍රදර්ශනය වීම ඔබ දකින්නේ කොහොමද? 7.අවසාන වශයෙන් පාංශූ චිත්‍රපට අත්දැකිම ගැන කිව්වොත්? විනාඩි 30 ක් දක්වා දිවෙන සම්මුඛ සාකච්ජාව සම්පුර්ණයෙන් නැරඹීම සඳහා Youtube ඔස්සේ නැරඹීමට  Facebook ඔස්සේ නැරඹීමට,False,False,False,0,FALSE
roar.media,news website,12/19/2019 0:00,"ජෙනරාල් පර්වේස් මුෂාරෆ් නම් හිටපු පාකිස්තාන ජනාධිපතිවරයාට මරණ දඬුවම ලබා දීමට එරට අධිකරණය පසුගිය දා තීරණය කරනවා. ඒ, ඔහු විසින් 2007 වසරේ දී පාකිස්තානයේ ආණ්ඩුක්‍රම ව්‍යවස්ථාව අත්හිටුවා හදිසි නීතිය ක්‍රියාත්මක කිරීම සම්බන්ධයෙන් ඔහුට එරෙහිව චෝදනා ඔප්පු වීමත් සමග යි. ත්‍රිපුද්ගල විනිසුරු මඩුල්ලේ සාමාජිකයන් දෙදෙනෙකුගේ කැමැත්ත මත මෙම තීරණය අධිකරණය විසින් ලබා දී තිබෙනවා.
බලයේ සිටිය දී සිදුකළ ක්‍රියාමාර්ග සම්බන්ධයෙන් පාකිස්තාන හමුදා පාලකයෙක්ව අධිකරණයෙන්  වරදකරුවකු කළ පළමු අවස්ථාව මෙය ලෙස හැඳින්විය හැකි යි. 
නමුත් ඔහුව මේ වන තුරු අත්අඩංගුවට ගැනීමට පාකිස්තාන ආරක්ෂක අංශවලට හැකියාව ලැබී නෑ. ඊට හේතුව වන්නේ මේ වන විට ඔහු පාකිස්තානයේ නොමැති වීම යි. 2008 දී ඔහු බලයෙන් ඉවත් වන අතර, 2016 වසරේ සිට ඩුබායි රාජ්‍යයේ ජීවත් වෙනවා. වෛද්‍ය ප්‍රතිකාර සඳහා ඩුබායි හි රැඳී සිටින බව ඔහු විසින් පවසා ඇති අතර, මෙම නඩු තීන්දුව හුදෙක් දේශපාලන පලිගැනීමක් බව ද තීන්දුවෙන් පසුව ඔහු විසින් වීඩියෝ පටයක් නිකුත් කරමින් ප්‍රකාශ කරනවා. ඒ ඩුබායි රාජ්‍යයේ රෝහලක ඇඳක් මත සිට යි.
රාජ්‍යද්‍රෝහී වීම සහ ආණ්ඩුක්‍රම ව්‍යවස්ථාව උල්ලංඝණය කිරීම
හමුදා නිලධාරියෙක් ලෙස (propakistani)
ජනාධිපතිවරයා 2007 වසරේ දී සිය ධුර කාලය දීර්ඝ කර ගැනීමේ සඳහා පාකිස්තානයේ ආණ්ඩුක්‍රම ව්‍යවස්ථාව අත්හිටුවා හදිසි නීතිය ක්‍රියාත්මක කිරීම ඔහුට එල්ල වෙන ප්‍රධාන චෝදනාව යි. එය රාජද්‍රෝහී චෝදනාවක් ලෙස නම් වී තිබෙනවා. පාකිස්තානයේ රාජද්‍රෝහී වීම මරණ දඬුවම ලැබිය හැකි වරදක් බැවින් නඩුව විභාග කළ පෙෂාවර් මහාධිකරණයේ ප්‍රධාන විනිසුරු වකාර් අහමඩ් සෙත් ප්‍රමුඛ විනිසුරු මණ්ඩලයේ බහුතර කැමැත්ත මත ඔහුට මරණ දණ්ඩනය හිමි වෙනවා. 2007 නොවැම්බර් 3 වනදා හදිසි නීතිය පැනවීම මඟින් පාකිස්තානයේ ආණ්ඩුක්‍රම ව්‍යවස්ථාවේ 6 වන වගන්තිය උල්ලංඝණය කළ බව එහි දී අධිකරණය දන්වා සිටිනවා.
2013 සිට මෙම නඩු විභාගය පැවැත්වුණු අතර, මේ සඳහා හිටපු ජනාධිපතිවරයා පැමිණ තිබෙන්නේ අවස්ථා කිහිපයක දී පමණ යි. මෙම නඩුවට අමතරව තවත් නඩු කිහිපයක්ම මුෂාරෆ් ජනාධිපතිවරයාට එරෙහිව පාකිස්තානයේ ක්‍රියාත්මක වෙනවා. 2016 වසරේ දී රටෙන් පිට වූ පසු ඔහු කිසිම නඩු වාරයක් සඳහා සහභාගී වී නෑ.
කවුද මේ ජෙනරාල් පර්වේස් මුෂාරෆ් කියන්නේ 
පර්වේස් මුෂාරෆ් (aljazeera)
1943 වසරේ බ්‍රිතාන්‍ය ඉන්දියාවේ දිල්ලි හි උපත ලබන පර්වේස් මුෂාරෆ්, 1947 වසරේ දී පාකිස්තානය නම් අලුත් රටක් බිහි වූ පසුව තම දෙමාපියන් සමග එහි පදිංචියට පැමිණෙනවා. අධ්‍යාපනය නිමා කිරීමෙන් පසුව පාකිස්තාන හමුදා ඇකඩමියට ඇතුළත් වෙන ඔහු, දෙවන ලුතිනන්වරයෙක් ලෙස අධිකාරි ලබා එරට හමුදාවට ඇතුළත් වෙනවා.
ඇෆ්ගනිස්තාන් සිවිල් යුද්ධයේ මෙන්ම 1965 වසරේ කාශ්මීරය මුල් කරගත් ඉන්දු-පාකිස්තාන යුද්ධයේ ද දෙවන ලුතිනන්වරයෙකු ලෙස විශාල කාර්යභාරයක් ඔහු විසින් ඉටු කරනවා. 1990 වසරේ දී මේජර් ජෙනරාල් ධූරයට උසස් වෙන මුෂාරෆ්, 1999 වසරේ දී පාකිස්තාන යුද හමුදාවේ ප්‍රධානියා ලෙස පත් කරන්නේ එවකට පාකිස්තානයේ සිටි අගමැතිවරයා වන නවාෂ් ෂරිෆ් විසින්. 
1999 වසරේ දී කාශ්මීරය මුල්කරගෙන ඉන්දියාව හා පාකිස්තානය අතර නිර්මාණය වූ අප්‍රකාශිත කාගිල් යුද්ධයේ දී ජෙනරාල් මුෂාරෆ් ඉන්දියාවට එරෙහිව සිය හමුදාව මෙහෙයවනු ලබනවා. 
මෙම කාලයේ දී ජෙනරාල් මුෂාරෆ් හා එවකට අගමැති නවාස් ෂරීෆ් අතර මතභේදයක් නිර්මාණය වන අතර, එහි ප්‍රතිඵලයක් ලෙස ජෙනරාල් මුෂාරෆ් විසින් හමුදා කුමන්ත්‍රණයක් දියත් කර රාජ්‍ය බලය ලබාගැනීම සිදුකරනවා. ඒ, 1999 වසරේ ඔක්තෝම්බර් මාසයේ දී යි.
1999 වසරේ හමුදා ප්‍රධානියා ලෙස රටේ බලය අල්ලා ගන්නා ඔහු, 2001 වසරේ සිට එරට ජනාධිපතිවරයා ලෙස කටයුතු කරනවා. 2001 වසරේ සැප්තැම්බර් මාසයේ 11 වන දා ලෝක වෙළෙඳ මධ්‍යස්‌ථානයට එල්ල වූ ත්‍රස්‌ත ප්‍රහාරයෙන් පසු ඇමරිකාව ඇරැඹූ “ත්‍රස්‌තවාදයට එරෙහි ගෝලීය යුද්ධයට” පාකිස්‌තානය සිය සහාය පලකරන අතර, ඒ කාලයේ ජනාධිපති වූ ජෙනරාල් මුෂාරෆ් ඇමෙරිකානු ජනාධිපති ජෝර්ජ් ඩබ්ලිව්. බුෂ්ට සිය උපරිම සහාය ලබා දීම සඳහා ඉදිරිපත් වෙනවා.
චෝදනා ප්‍රතික්ෂේප කරන ජෙනරාල් මුෂාරෆ් 
රෝහලේ සිට ප්‍රකාශයක් නිකුත් කරමින් (gulfnews)
1999 වසරේ දී හමුදා කුමන්ත්‍රණයකින් බලයෙන් පහ කෙරුණු හිටපු අගමැති නවාස් ෂරීෆ්, 2013 වසරේ දී අගමැතිවරයා වශයෙන් නැවතත් පත් වෙනවා. ඉන්පසුව යි ජෙනරාල් මුෂාරෆ්ට රාජ්‍ය ද්‍රෝහී චෝදනාව එල්ල වෙන්නේ. කලක් විදේශගතව සිටි ඔහු, 2013 වසරේ දී නැවතත් පකිස්තානයට පැමිණෙන අතර මැතිවරණය සඳහා ඉදිරිපත් වීමට ද බලාපොරොත්තු වෙනවා. නමුත් ඔහුට විරුද්ධව පැවති නඩු විභාග හේතුවෙන් මැතිවරණය සඳහා ඉදිරිපත් වීමට හැකියාව ලැබෙන්නේ නෑ. 2016 වසරේ දී නැවතත් රටෙන් පිට වී ගිය ඔහු මේ වන තුරු රැදී සිටින්නේ ඩුබායි රාජ්‍යයේ යි.",True,True,True,1,TRUE
janahandaya.lk,news website,9/25/2021 0:00,නිට්ටඹුව වෙරළබඩ ප්‍රදේශයට භූමිකම්පා අනතුරු ඇඟවීමක් නිකුත් කර ඇති බව කාලගුණ විද්‍යා දෙපාර්තමේන්තුව සඳහන් කරයි. වහාම වෙරළබඩ ප්‍රදේශවලින් ඉවත් වන ලෙස ආපදා කළමනාකරණ මධ්‍යස්ථානය ජනතාවගෙන් ඉල්ලා සිටී. අවශ්‍ය නම් ආරක්ෂිත මධ්‍යස්ථානවලට ගමන් කරන ලෙසද දැනුම් දී ඇත.,False,False,False,0,FALSE
asianmirror.lk,news website,5/13/2026 0:00,අකුරැස්ස ප්‍රදේශයේ පදිංචි වයස අවුරුදු 35ක් වයසැති නිලූකා පෙරේරා පසුගිය දින කිහිපයක සිට අතුරුදහන් වී ඇති බව අකුරැස්ස පොලීසිය සඳහන් කරයි. ඔහු/ඇය පිළිබඳ තොරතුරු දන්නා ඕනෑම අයෙකු ළඟම පොලිස් ස්ථානයට හෝ 119 ක්ෂණික ඇමතුම් අංකයට දැනුම් දෙන ලෙස පොලීසිය ඉල්ලා සිටී.,False,False,False,0,FALSE
sarasaviya.lk,news website,5/30/2025 0:00,කුරුණෑගල ප්‍රදේශයේ පදිංචි වයස අවුරුදු 58ක් වයසැති ශෙනාලි අබේවික්‍රම පසුගිය දින කිහිපයක සිට අතුරුදහන් වී ඇති බව කුරුණෑගල පොලීසිය සඳහන් කරයි. ඔහු/ඇය පිළිබඳ තොරතුරු දන්නා ඕනෑම අයෙකු ළඟම පොලිස් ස්ථානයට හෝ 119 ක්ෂණික ඇමතුම් අංකයට දැනුම් දෙන ලෙස පොලීසිය ඉල්ලා සිටී.,False,False,False,0,FALSE
adaderana.lk,news website,11/3/2020 0:00,"පසුගියදා තුර්කියේ ඉස්මීර් ප්‍රදේශයේ සිදුවු භූ කම්පනය නිසා කඩාවැටුණු ගොඩනැගිල්ලක සුන්බුන්වලට යටවී සිටි දෙහැවිරිදි දැරියක් ව බේරාගැනීමට සහන කණ්ඩායම් සමත් වී තිබේ. ඇයව බේරාගෙන ඇත්තේ භූ චලනය සිදුවී පැය 91කට පසුවය. අයිද්යා ගෙස්ගින් නම් එම දැරිය ""ඉතා ශක්තිමත් පිඟන් සේදීමට යොදාගන්නා උපකරණයක්"" ආසන්නයේ සිරවී සිටියදී බේරාගෙන ඇති බව සඳහන් වේ. සහන කණ්ඩායම් විසින් ඇයව ගිලන් රථයක් වෙත රැගෙන යන අවස්ථාවේදී ""මට මගේ අම්මා ඕනේ"" යනුවෙන් ඇය හඬා තිබුණාය. නමුත් දැරිවිය බේරාගෙන පැය කිහිපයකට පසු ඇයගේ මවගේ මළ සිරුර සහන කණ්ඩායමකට හමු වී තිබේ. පසුගිය සිකුරාදා සිදුවූ භූ කම්පනයෙන් තුර්කියේ 105 දෙනෙක් මියගොස් 1 027 දෙනෙක් තුවාල ලබා ඇති බව වාර්තා වේ. එම භූ කම්පනය රික්තර් මාපකයේ 7.0 ලෙස දැක්විණි.",True,True,True,1,TRUE
lankaenews.lk,news website,7/12/2020 0:00,රජය විසින් නිවාඩු ලබාදෙන බව සඳහන් කරමින් පැතිර යන කටකතාවක් අසත්‍යක් බව රජයේ ප්‍රවෘත්ති අධ්‍යක්ෂවරයා පවසනවා .ඔහු වැඩි දුරටත් පවසා සිටින්නේ එවැනි තීරණයක් රජය විසින් මෙතෙක් ගෙන නොමැති බවයි .,True,True,True,1,TRUE
gosip-lankanews.com,news website,10/17/2020 0:00,කොටිකාවත්ත ප්‍රදේශයෙන් රුපියල් කෝටී 10ක් වටිනා හෙරොයින් කිලෝග්‍රෑම් 10 ක් සොයාගත් බව කොළඹ අපරාධ කොට්ඨාසය පවසයි.ප්‍රධාන පෙළේ මත්ද්‍රව්‍ය ජාවාරම්කරුවෙකු වන මාකඳුරේ මධුෂ් විසින් කරන ලද හෙළිදරව්වකින් පසුව මෙය සොයාගත් බව පොලීසිය ප්‍රකාශ කළේය.අපරාධ පරීක්ෂණ දෙපාර්තමේන්තුව භාරයේ සිටි සංවිධානාත්මක අපරාධකරුවෙකු ලෙස සැළකෙන මාකඳුරේ මධුෂ් කොළඹ අපරාධ කොට්ඨාසය වෙත ඊයේ (16) ගෙනවිත් තිබුණි.,True,True,True,1,TRUE
newshub.lk,news website,6/1/2025 0:00,"මාසික වැටුප රුපියල් 100,000ට වැඩි සියලුම රැකියාවලට අදාළව අතිරේක ආදායම් බද්දක් ලෙස 10%ක් අය කිරීමට රජය තීරණය කර ඇති බව මුදල් අමාත්‍යාංශය සඳහන් කළේය.",False,False,False,0,FALSE
newsfirst.lk,news website,10/25/2020 0:00,"COLOMBO (News 1st) – මධ්‍යම තැපැල් හුවමාරුවේ සහ තැපැල් මූලස්ථානයේ සේවා කටයුතු පාරිභෝගිකයින් සඳහා විවෘත නොකරන බව, තැපැල් දෙපාර්තමේන්තුව සඳහන් කරයි.",True,True,True,1,TRUE
divaina.lk,news website,4/19/2025 0:00,මාතර වෙරළබඩ ප්‍රදේශයට මුහුදු ජල මට්ටම හදිසියේ ඉහළ යාමක් නිකුත් කර ඇති බව කාලගුණ විද්‍යා දෙපාර්තමේන්තුව සඳහන් කරයි. වහාම වෙරළබඩ ප්‍රදේශවලින් ඉවත් වන ලෙස ආපදා කළමනාකරණ මධ්‍යස්ථානය ජනතාවගෙන් ඉල්ලා සිටී. අවශ්‍ය නම් ආරක්ෂිත මධ්‍යස්ථානවලට ගමන් කරන ලෙසද දැනුම් දී ඇත.,False,False,False,0,FALSE
sarasaviya.lk,news website,9/11/2020 0:00,"ඊයේ රාත්‍රියේ තවත් කොවිඩ් ආසාදිතයින් 227ක් හඳුනාගැනීමත් සමඟ මෙරට සමස්ත ආසාදිත සංඛ්‍යාව 8588 දක්වා ඉහළ ගොස් ඇති බව සෞඛ්‍ය අමාත්‍යාංශය සඳහන් කළේය. වාර්තා වූ ආසාදිතයින්ගෙන් වැඩි ප්‍රමාණයක් නුවරඑළිය ප්‍රදේශයේ පදිංචිකරුවන් වන අතර, තවත් මරණ 9ක් ද වාර්තා වී ඇත. නුවරඑළිය ප්‍රදේශයට වහාම ක්‍රියාත්මක වන පරිදි නිරෝධායන ඇඳිරි නීතියක් පනවන බව සෞඛ්‍ය අමාත්‍යාංශයේ වසංගත රෝග විද්‍යා අංශය පවසයි.",False,False,False,0,FALSE
lankacnews.com,news website,7/23/2025 0:00,තංගල්ල වෙරළබඩ ප්‍රදේශයට ප්‍රබල සුළි කුණාටුවක් නිකුත් කර ඇති බව කාලගුණ විද්‍යා දෙපාර්තමේන්තුව සඳහන් කරයි. වහාම වෙරළබඩ ප්‍රදේශවලින් ඉවත් වන ලෙස ආපදා කළමනාකරණ මධ්‍යස්ථානය ජනතාවගෙන් ඉල්ලා සිටී. අවශ්‍ය නම් ආරක්ෂිත මධ්‍යස්ථානවලට ගමන් කරන ලෙසද දැනුම් දී ඇත.,True,False,False,0,FALSE
lankaenews.lk,news website,9/12/2020 0:00,කිසියම් පුද්ගලයෙකු විසින් භාවිත කරන ලද රථ වාහන එම පළාතෙන් පිටත පුද්ගලයෙකුට අලෙවි කිරීමෙන් පසු යළි අංක තහඩුවක් ලබා ගත යුතු බවට පනවා ඇති නීතිය ඉවත් කිරීමට කටයුතු කරන බව රාජ්‍ය අමාත්‍ය දිලුම් අමුණුගම පවසනවා . කොළඹ පැවති මාධ්‍ය හමුවකදී ඔහු වැඩිදුරටත් සඳහන් කකරන්නේ ඒ වෙනුවට නව අංක තහඩු ක්‍රමවේදයක් හඳුන්වාදීමට කටයුතු කරන බවයි . නව රියදුරු බලපත්‍රයක් සහ නව අංක තහඩුවක් ලබා ගැනීමේදී දිස්ත්‍රික් ලේකම් කාර්යාලයට පැමිණීමට අනවශ්‍ය බවත් එය අධිවේගී තැපෑල ඔස්සේ අදාළ පුද්ගලයින්ගේ නිවසට යැවීමට මෝටර් රථ දේපාර්තමේන්තුව ඉදිරියේ දී කටයුතු කරන බවද අමාත්‍යවරයා පවසනවා . එමෙන්ම නව අංක තහඩුවක් ලබා ගැනීමේදී පරණ අංක තහඩුව මෝටර් රථ දේපාර්තමේන්තුවට බාර දීමට අවශ්‍ය නොවන බවත් එය විනාශ කිරීමේ වගකීම එම රථය හිමි පුද්ගලයාගේ වගකීම බවත් අමාත්‍යවරයා වැඩිදුරටත් ප්‍රකාශ කරනවා .,True,True,True,1,TRUE
adaderana.lk,news website,10/30/2020 0:00,හෙට (31) පෙරවරුවේ පැවැත්වීමට නියමිත උසස් පෙළ ගිණුම්කරණය විෂය සඳහා මේ වසරේ සිට සිසුන්ට අතිරේක පහසුකමක් ලෙස  වැඩසටහන් සැලසුම් කළ නොහැකි සාමාන්‍ය ගණක යන්ත්‍ර භාවිතයට අවසර ලබා දී ඇති බව විභාග කොමසාරිස් ජනරාල් බී. සනත් පූජිත මහතා පවසයි. ඔක්තෝබර් 12 වැනිදා සිට ආරම්භ වූ මෙවර උසස් පෙළ විභාගය නොවැම්බර් 6 වන දා තෙක් පැවැත්වෙන අතර  තවත් විෂයන් 13 ක් ඉදිරි දින හය තුළ පැවැත්වීමට නියමිතය. ගිණුම්කරණය විෂය සඳහා සිසුන්ට ගණක යන්ත්‍ර භාවිතයට අවසර දීම සම්බන්ධයෙන් කිසියම් ගැටලුවක් වෙතොත් විභාග දෙපාර්තමේන්තුවෙන් විමසීම් කළ හැකි බව ද කොමසාරිස් ජනරාල්වරයා වැඩිදුරටත් දන්වා සිටී. රට තුළ මතුව පවත්නා තත්වය හමුවේ නිරෝධායන ඇඳිරිනීතිය බලපැවැත්වෙන කොළඹ  ගම්පහ සහ කළුතර දිස්ත්‍රික්කයන්හි විභාග මධ්‍යස්ථාන 638 ක් ක්‍රියාත්මක වන බවද  එම මධ්‍යස්ථාන ඇතුළු දිවයිනේ සියලුම විභාග මධ්‍යස්ථාන සඳහා සිසුන්ට ප්‍රවාහන පහසුකම් සලසා දීමට ශ්‍රී ලංකා ගමනා ගමන මණ්ඩලය සහ ශ්‍රී ලංකා දුම්රිය දෙපාර්තමේන්තුව කටයුතු කරන බවද ඒ මහතා තවදුරටත් සඳහන් කරයි. විභාග අපේක්ෂකයන් කල් වේලා ඇතුව විභාග මධ්‍යස්ථාන වෙත යොමු කිරීම කෙරෙහි සැලකිලිමත් වන ලෙස දෙමව්පියන්ට ද දැනුම් දී ඇත. එමෙන්ම  ඔක්තෝබර් මස 11 වැනි ඉරිදා දින පවත්වන ලද ශිෂ්‍යත්ව විභාගයේ පිළිතුරු පත්‍ර ඇගයීම් කටයුතු ඔක්තෝබර් 22 දින සිට අද දින තෙක් පැවැති බව ද කුලියාපිටිය සහ ගම්පහ හැර දිවයින පුරා  විභාග මධ්‍යස්ථාන 391 ක් යොදාගනිමින් පිළිතුරු ඇගයීම් කටයුතු සිදුකළ බවද විභාග කොමසාරිස් පැවසීය.,True,True,True,1,TRUE
bbc.com/sinhala,,8/21/2020 0:00,"19 වැනි ව්‍යවස්ථා සංශෝධනයට පුර්ණ සහය ලබා දුන් අය අද එය අහෝසි කරන බව පැවසීම ප්‍රහේලිකාවක් බව විපක්ෂයේ ප්‍රධාන සංවිධායක ලක්ෂ්මන් කිරිඇල්ල පාර්ලිමේන්තුවේදී ප්‍රකාශ කළේය.යෝජිත ව්‍යවස්ථා සංශෝධනය පිළිබඳ අදහස් පළ කරමින් ඔහු සඳහන් කළේ ""එක රටක් එක නීතියක්"" යනුවෙන් ප්‍රකාශ කළ ද ආණ්ඩු පක්ෂය පවසන ආකාරයට ඒවා සිදු කළ නොහැකි බවය.ඔහු මෙසේ අදහස් දැක්වූයේ ජනාධිපති ගෝඨාභය රාජපක්ෂ අගෝස්තු 20 වැනිදා ඉදිරිපත් කරන ලද ආණ්ඩුවේ ප්‍රතිපත්ති ප්‍රකාශය පිළිබඳ විවාදයට එක් වෙමිනි.විවාදයට අදාළ යෝජනාව පාර්ලිමේන්තුවට ඉදිරිපත් කරමින් නවක මන්ත්‍රී නිපුණ රණවක සඳහන් කළේ රට පඹ ගාලක් බවට පත් කළ 19 වැනි ව්‍යවස්ථා සංශෝධනය අහෝසි කර හැකි ඉක්මණින් නව ආණ්ඩුක්‍රම ව්‍යවස්ථාවක් සම්මත කර ගැනීමට ජනාධිපතිවරයා ගෙන යන ක්‍රියාවලිය පිළිබඳ සතුටු වන බවය.ඔහු ඉදිරිපත් කළ යෝජනාව අගෝස්තු 21 වැනිදා පස්වරුවේදී ඡන්ද විමසීමකින් තොරව සම්මත විය.මේ ගැනත් දැනගන්න:ජනපතිගේ ප්‍රතිපත්ති ප්‍රකාශනයේ ප්‍රධාන කරුණු විග්නේශ්වරන්ගේ ප්‍රකාශයට මනූෂගෙන් විරෝධය'තුන්වෙනි පුරවැසියා' මහින්ද යාපා",False,False,False,0,FALSE
asianmirror.lk,news website,11/4/2020 0:00,"ශ්‍රී ලංකාව තුළ මත්ද්‍රව්‍ය චෝදනා වලට වැරදිකරුවන් වී සිටි පාකිස්තානු ජාතික සිරකරුවන් 43 දෙනෙකු එරට රජයේ ඉල්ලීමක් මත, අද(04) අලුයම පාකිස්තානු විශේෂ ගුවන් යානයකින් ඉස්ලාමාබාද් බලා කටුනායක ගුවන් තොටුපළෙන් පිටුවහල් කළ බව ගුවන් තොටුපළ කාර්යය භාර නිලධාරියා පැවසීය.  මොවුන් ශ්‍රී ලංකාවේ මහාධිකරණ මගින් වැරදිකරුවන් වී විවිධ බන්ධනාගාර වල වසර 10 ක් 15 ක් තරම් කාලයක් සිර දඩුවම් විදිමින් සිටි පාකිස්තානු ජාතිකයන් පිරිසක් බවත් මොවුන් මෙලෙස පාකිස්තානය වෙත රැගෙන යෑමෙන් පසුව ද එරට බන්ධනාගාර තුළට යළිත් මොවුන් ඇතුළු කිරීමට නියමිත බවත් ගුවන් තොටුපළ කාර්යය භාර නිලධාරීවරයා වැඩිදුරටත් පැවසීය.  පාකිස්තානු රජය විසින් මොවුන් රැගෙන යෑම සදහා එරට ආරක්ෂක නිලධාරීන් එක් සිරකරුවෙකුට දෙදෙනා බැගින් ආරක්ෂක නිලධාරීන් 86 දෙනෙකු සමග පාකිස්තානු ගුවන් සේවයේ විශේෂ ගුවන් යානයක් ඊයේ(03) දින රාත්‍රී 10.50 ට පමණ කටුනායක ගුවන් තොටුපළ වෙත එවා තිබුණි.  ශ්‍රී ලංකා බන්ධනාගාර දෙපාර්තමේන්තුවේ බස් රථ කීපයක් මගින් මෙම පකිස්තානු ජාතිකයන් පිරිස කටුනායක ගුවන් තොටුපළ වෙත රැගෙන එනු ලැබූ අතර ශ්‍රී ලංකාවේ පාකිස්තානු මහ කොමසාරිස් කාර්යාලයේ නිලධාරීන් පිරිසක් ද ගුවන් තොටුපළ වෙත පැමිණ ගුවන් තොටුපළ ආරක්ෂක නිලධාරීන් ද සමග මෙම පිරිස පිටුවහල් කිරීම සදහා ආගමන විගමන දෙපාර්තමේන්තු නිලධාරීන් වෙත භාර දී තිබුණි.  එහිදී මෙම සිරකරුවන්ට අදාළ නඩු ලිපි ගොනු ද රැගෙනවිත්පාකිස්තානු ආරක්ෂක නිලධාරීන් වෙත භාර දී තිබේ.  මෙම පාකිස්තානු සිරකරුවන් පිරිස රැගත් පාකිස්තානු ජාත්‍යන්තර ගුවන් සේවයේ පී.කේ.- 9873 දරන විශේෂ ගුවන් යානය අද(04) අලුයම 4.00 ට කටුනායක ගුවන් තොටුපළෙන්, පකිස්තානයේ ඉස්ලාමාබාද් ගුවන් තොටුපළ බලා පිටත්ව ගියේය.",True,True,True,1,TRUE
aruna.lk,,10/31/2020 0:00,අධික වේගයෙන් ධාවනය වූ මෝටර් රථයක් ඉපලෝගම – ගෝනපතිරාව ප්‍රදේශයේදී කාන්තාවක් යටකර පළා ගොස් ඇත.මෙම අනතුරින් මියගොස් ඇත්තේ 76 හැවිරිදි කාන්තාවක් වන අතර ඊයේ (30) පස්වරුවේ මෙම රිය අනතුර සිදුව ඇත.මියගිය කාන්තාව සේනපුර – නාරංගල්ලේගම ප්‍රදේශයේ පදිංචි කරිනියක් වන අතර රථයේ රියදුරා කැකිරාව ප්‍රදේශයේදී පොලිස් අත්අඩංගුවට ගෙන ඇත.,False,False,False,0,FALSE
roar.media,news website,7/16/2019 0:00,"එක්සත් ජාතීන්ට අනුබද්ධ යුනෙස්කෝ සංවිධානය විසින් සෑම වසරක දීම ලොව පුරා ස්වභාවික හා සංස්කෘතික වටිනාකම් ඇති ස්ථාන ලෝක උරුම ලෙස නම් කරනවා. ඒවා යුනෙස්කෝ සංවිධානය විසින් ප්‍රකාශිත ලෝක උරුම ලෙස පසුව නම් වෙනවා.
යුනෙස්කෝ සංවිධානයේ ලෝක උරුම නම් කරන කමිටුව 43 වෙනි වතාවට ජූනි 30 වන දින අසර්බයිජානයට රැස්වෙන අතර එම සමුළුව ජූලි 10 වන දින දක්වා පැවැත්වෙනවා. සමුළුව අවසානයේ දී ඔවුන් විසින් නව ලෝක උරුම ලෙස ස්ථාන 29ක් නම් කරනවා. ඒ අනුව මින් පසුව මෙම ස්ථාන 29 ද යුනෙස්කෝ ලෝක උරුම ලැයිස්තුවට ඇතුළත් වෙනවා. එම ස්ථාන 29න් කිහිපයකුයි මෙම ලිපියට පාදක වෙන්නේ. 
ඉන්දියාවේ රාජස්ථාන්හි ජායිපූර් නගරය 
ජායිපූර් (Oh My Rajasthan!)
ඉන්දියාවේ රාජස්ථාන් ප්‍රාන්තයේ වර්තමාන අගනගරය වන ජායිපූර් නගරය සංස්කෘතික වටිනාකමකින් යුක්ත ලෝක උරුමයක් ලෙස නම් කිරීමට යුනෙස්කෝවේ ඒ සම්බන්ධ කමිටුව විසින් තීරණය කර තිබෙනවා.
ඉපැරණි රාජධානි නගරයක් වන ජායිපූර් හදුන්වන්නේ රෝස නගරය (pink city) ලෙස යි. එය රාජස්ථානයේ වයඹ දිග ප්‍රදේශයේ පිහිටා තිබෙනවා. 1729 දී පමණ මෙම අලංකාර නගරය නිර්මාණය කර ඇති අතර ඉන්දියාවේ සැලසුම් සහගතව ඉදිකළ පළමු නගරය ලෙස මෙය සැලකෙනවා. වෛදික ගෘහනිර්මාණ ශිල්පයෙන් අලංකාර වූ නගරය දුටුවන්ගේ නෙත් සිත් පැහැර ගැනීමට සමත් වෙනවා. ඒ වගේම මෙහි විශේෂත්වය වන්නේ සම්ප්‍රදායික හින්දු ගෘහ නිර්මාණ ශිල්පයෙන් බැහැරව නිර්මාණය කර තිබීම යි.
ඉරාකයේ පැරණි බැබිලෝනියා නගරය 
බැබිලෝනියා නගරය (Malay Mail)
මෙසපොතේමියානු ශිෂ්ටාචාරයට අයත් ඉරාකයේ පැරණි නගරයක් වන බැබිලෝනියාව ද මෙම වසරේ ලෝක උරුම ලැයිස්තුවට ඇතුළත් කර තිබෙනවා. මෙම නගරයට එහි ඇති එල්ලෙන උයන ද අයත් වෙනවා. එල්ලෙන උයන ලෝක පුදුම හතෙන් එකක් ලෙස නම් කර තිබුනේ මීට බොහෝ කාලයකට ප්‍රථමව යි. මීට ප්‍රථමව මෙම නගරය ලෝක උරුමයක් ලෙස නම් කිරීමට අදහස් කර තිබුණ ද ඉරාකයේ දීර්ඝ කාලයක් තිස්සේ පවතින යුද්ධය හා දේශපාලන අස්ථාවරභාවය එම තීරණය කල් දැමීමට සමත් වෙනවා. නමුත් මේ වසරේ දී නගරය ලෝක උරුමයක් ලෙස නම් කිරීම ඉරාක රජය ලැබූ ජයග්‍රහණයක් ලෙස සඳහන් වෙනවා.
මියන්මාරයේ බැගැන් 
බැගැන් (Frontera)
බෞද්ධ විහාර දහස් ගණනක් පිහිටි මියන්මාරයේ බැගැන් පෞරාණික නගරය මේ වසරේ දී යුනෙස්කෝව විසින් සංස්කෘතික වටිනාකමක් සහිත ලෝක උරුමයක් බවට පත්කර තිබෙනවා. මෙම නගරයට අධික සංචාරක ආකර්ශනයක් පවතින අතර ප්‍රදේශය පුරා වායු බැලුන චාරිකා ඉතා ප්‍රසිද්ධ යි.
පරටී - බ්‍රසීලය 
පරටී (United Hub - United Airlines)
බ්‍රසීලයේ රියෝ ද ජැනයිරෝහි පිහිටි පරටි නම් වෙරළබඩ නගරය ද මේ වසරේ දී ලෝක උරුම ලැයිස්තුවට එකතු කර තිබෙනවා. එය ලෝක උරුම ලැයිස්තුවට එකතු වී තිබෙන්නේ ස්භාවික වැදගත් ස්ථානයක් ලෙස යි. ඓතිහාසික වරායකින් මෙම වෙරළ නගරය සමන්විත වෙන අතර 17 වන සියවසේ යුරෝපයට යාත්‍රා වූ නෞකා බොහෝ ප්‍රමාණයක් මේ ඔස්සේ යාත්‍රා වී තිබෙනවා. අද වන විට ලොව පුරා සංචාරකයන්ගේ ගමනාන්තයක් බවට මෙම වෙරළබඩ නගරය පත් වී තිබෙනවා. එමෙන්ම මෙම ප්‍රදේශය ලොව ජෛවවිද්‍යාත්මක වශයෙන් උසස් ප්‍රදේශයක් ලෙස ද නම් වී තිබෙනවා.
ඕම්බිලින් ගල් අගුරු ආකර - ඉන්දුනීසියාව 
ඕම්බිලින් ගල් අගුරු පතල (UNESCO World Heritage Centre)
ඉන්දුනීසියාවේ බටහිර සුමාත්‍රාවේ කැලෑබද ප්‍රදේශයක පිහිටි 19 වන සියවසට අයත් ඕම්බිලින් ගල් අගුරු පතල ද 2019 වසරේ ලෝක උරුමයක් ලෙස ප්‍රකාශයට පත් කර තිබෙනවා. එම ප්‍රදේශයේ ගිනිකොණ දිග ආසියාවේ පළමු ගල් අගුරු කැනීම් සිදුකළ ප්‍රදේශය ලෙස සඳහන්.
මුල් යුගයේ දී ගල් අගුරු ආකරවල වැඩ කටයුතු සිදු වූ ආකාරය එහිදී භාවිතා වූ උපකරණ හා විවිධ යන්ත්‍ර හා විශාල ප්‍රමාණයේ දෝනා මෙහිදී සංචාරකයන්ට දැකගත හැකිවෙනවා. ඒ හේතුවෙන් මෙම ප්‍රදේශයට සංචාරක ආකර්ෂණය නොඅඩුව ලැබෙනවා.
මෙවර නම් කරන ලද ලෝක උරුම 29 අතර ලොව පුරාම විවිධ රටවල නොයෙක් ආකාරයේ වටිනා කමින් යුක්ත ස්ථාන අයත් වෙනවා. චීනයේ, අයිස්ලන්තයේ, පෝලන්තයේ, කැනඩාවේ, ස්පාඤ්ඤයේ, කොරියාවේ, බ්‍රිතාන්‍යයේ, ඇමෙරිකා එක්සත් ජනපදයේ, පෘතුගාලයේ හා තවත් බොහෝ රටවල් ප්‍රමාණයක ලෝක උරුම රාශියක් මෙවර ප්‍රකාශ කර තිබෙනවා.",True,True,True,1,TRUE
telegram,social media,2/19/2024 0:00,"පානදුර ප්‍රදේශයේ පිහිටි පැරණි දේවාලයක ප්‍රතිමාවකින් කිරි උතුරන බවට වාර්තා වීමෙන් පසු එම ස්ථානයට වන්දනාකරුවන්ගේ දැඩි තදබදයක් ඇති විය. දේවාලයේ භාරකරු මෙය දෛවෝපගත සිද්ධියක් ලෙස හඳුන්වා දුන් අතර, පුරාවිද්‍යා දෙපාර්තමේන්තුව මෙම ස්ථානය පරීක්ෂා කිරීමට නියෝජිතයෙකු එවීමට කටයුතු කරමින් සිටී.",False,False,False,0,FALSE
aruna.lk,news website,10/25/2020 0:00,කොළඹ ජාතික රෝහලේ දැඩිසත්කාර ඒකකයේදී අද(25) අලුයම මිය ගිය මිය ගොස් ඇති රෝගියෙකු කොවිඩ් ආසාදිතයෙකු බව තහවුරු වී ඇති බව සෞඛ්‍ය සේවා අධ්‍යක්ෂක ජනරාල්වරයා දැනුම්දෙයි.මෙම මිය ගිය පුද්ගලයා වයස අවුරුදු 70ක පිරිමි පුද්ගලයෙක් වන අතර කොළඹ 02 ප්‍රදේශයේ පදිංචිකරුවෙකි.පසුගිය 23වනදා රුධිරයට විෂබීජයක් ඇතුල් වීම හේතුවෙන් ඇති වූ සංකූලතා මත කොළඹ ජාතික රෝහලට ඇතුලත් වී ඇත.එම රෝගියා මිය ගොස් ඇත්තේද එම සංකූලතාවය හේතුවෙන් බව සෞඛ්‍ය අංශ පවසයි.මෙය ශ්‍රී ලංකාවෙන් වාර්තා වන 16 වන කොවිඩ් ආසාදිත පුද්ගලයෙකුගේ මරණය ලෙස සෞඛ්‍ය සේවා අධ්‍යක්ෂක ජනරාල්වරයා තහවුරු කරයි.,True,True,True,1,TRUE
newshub.lk,news website,11/4/2020 0:00,"සමස්ථ රටම ආවරණය වන පරිදි සමාජ නියැදි වශයෙන් PCR ලබාගැනීම සිදුකළ යුතු බව රජයේ වෛද්‍ය නිලධාරීන්ගේ සංගමය පවසයි.
එහි සංස්කාරක වෛද්‍ය හරිත අලුත්ගේ මහතා පවසන්නේ PCR පරීක්ෂණ ධාරිතාව වැඩිකර ඒ සඳහා ඇති විකල්පයන් ද හඳුනාගැනීමට අවශ්‍ය බවය.
“දැනටත් PCR යම් ප්‍රමාණයක් ගොඩගැහිලා තියෙනවා. ඇතැම් ප්‍රදේශවලින් අපිට කතා කරලා කියනවා PCR පරීක්ෂණවල ප්‍රතිඵල දින 4ක 5ක ප්‍රමාදයක් තියෙනවා කියලා. PCR පරීක්ෂණවල ප්‍රතිඵල පැය 24ක් තුළ ලබාදීමේ වැඩපිළිවෙලක් වහාම ක්‍රියාත්මක කළ යුතුයි.
ප්‍රතිචාර හරියට දක්වන්න නම් ප්‍රතිඵල ඉක්මනට එන්න ඕනේ. පැය 48ක් ඇතුළත ලැබෙන PCR ප්‍රතිඵල ප්‍රමාදවී ලැබෙන ප්‍රතිඵලයක් ලෙස සැළකීමට සිදුවෙනවා. පැය 48ටත් වඩා ප්‍රමාද වී ලැබෙන PCR ප්‍රතිඵල නිවැරදි තීන්දු තීරණ ගැනීමට නොහැකි PCR ප්‍රතිඵලයක් ලෙස සැළකීමට සිදුවෙනවා.” ‍යැයි එහිදී ඔහු වැඩිදුරටත් සඳහන් කරන ලදි,",True,False,True,1,TRUE
gossiplankanews.com,news website,3/12/2021 0:00,මාවනැල්ල ප්‍රදේශයේ පදිංචි වයස අවුරුදු 21ක් වයසැති තිලක් අබේසේකර පසුගිය දින කිහිපයක සිට අතුරුදහන් වී ඇති බව මාවනැල්ල පොලීසිය සඳහන් කරයි. ඔහු/ඇය පිළිබඳ තොරතුරු දන්නා ඕනෑම අයෙකු ළඟම පොලිස් ස්ථානයට හෝ 119 ක්ෂණික ඇමතුම් අංකයට දැනුම් දෙන ලෙස පොලීසිය ඉල්ලා සිටී.,False,False,False,0,FALSE
roar.media,news website,7/16/2019 0:00,"එක්සත් ජාතීන්ට අනුබද්ධ යුනෙස්කෝ සංවිධානය විසින් සෑම වසරක දීම ලොව පුරා ස්වභාවික හා සංස්කෘතික වටිනාකම් ඇති ස්ථාන ලෝක උරුම ලෙස නම් කරනවා. ඒවා යුනෙස්කෝ සංවිධානය විසින් ප්‍රකාශිත ලෝක උරුම ලෙස පසුව නම් වෙනවා.
යුනෙස්කෝ සංවිධානයේ ලෝක උරුම නම් කරන කමිටුව 43 වෙනි වතාවට ජූනි 30 වන දින අසර්බයිජානයට රැස්වෙන අතර එම සමුළුව ජූලි 10 වන දින දක්වා පැවැත්වෙනවා. සමුළුව අවසානයේ දී ඔවුන් විසින් නව ලෝක උරුම ලෙස ස්ථාන 29ක් නම් කරනවා. ඒ අනුව මින් පසුව මෙම ස්ථාන 29 ද යුනෙස්කෝ ලෝක උරුම ලැයිස්තුවට ඇතුළත් වෙනවා. එම ස්ථාන 29න් කිහිපයකුයි මෙම ලිපියට පාදක වෙන්නේ. 
ඉන්දියාවේ රාජස්ථාන්හි ජායිපූර් නගරය 
ජායිපූර් (Oh My Rajasthan!)
ඉන්දියාවේ රාජස්ථාන් ප්‍රාන්තයේ වර්තමාන අගනගරය වන ජායිපූර් නගරය සංස්කෘතික වටිනාකමකින් යුක්ත ලෝක උරුමයක් ලෙස නම් කිරීමට යුනෙස්කෝවේ ඒ සම්බන්ධ කමිටුව විසින් තීරණය කර තිබෙනවා.
ඉපැරණි රාජධානි නගරයක් වන ජායිපූර් හදුන්වන්නේ රෝස නගරය (pink city) ලෙස යි. එය රාජස්ථානයේ වයඹ දිග ප්‍රදේශයේ පිහිටා තිබෙනවා. 1729 දී පමණ මෙම අලංකාර නගරය නිර්මාණය කර ඇති අතර ඉන්දියාවේ සැලසුම් සහගතව ඉදිකළ පළමු නගරය ලෙස මෙය සැලකෙනවා. වෛදික ගෘහනිර්මාණ ශිල්පයෙන් අලංකාර වූ නගරය දුටුවන්ගේ නෙත් සිත් පැහැර ගැනීමට සමත් වෙනවා. ඒ වගේම මෙහි විශේෂත්වය වන්නේ සම්ප්‍රදායික හින්දු ගෘහ නිර්මාණ ශිල්පයෙන් බැහැරව නිර්මාණය කර තිබීම යි.
ඉරාකයේ පැරණි බැබිලෝනියා නගරය 
බැබිලෝනියා නගරය (Malay Mail)
මෙසපොතේමියානු ශිෂ්ටාචාරයට අයත් ඉරාකයේ පැරණි නගරයක් වන බැබිලෝනියාව ද මෙම වසරේ ලෝක උරුම ලැයිස්තුවට ඇතුළත් කර තිබෙනවා. මෙම නගරයට එහි ඇති එල්ලෙන උයන ද අයත් වෙනවා. එල්ලෙන උයන ලෝක පුදුම හතෙන් එකක් ලෙස නම් කර තිබුනේ මීට බොහෝ කාලයකට ප්‍රථමව යි. මීට ප්‍රථමව මෙම නගරය ලෝක උරුමයක් ලෙස නම් කිරීමට අදහස් කර තිබුණ ද ඉරාකයේ දීර්ඝ කාලයක් තිස්සේ පවතින යුද්ධය හා දේශපාලන අස්ථාවරභාවය එම තීරණය කල් දැමීමට සමත් වෙනවා. නමුත් මේ වසරේ දී නගරය ලෝක උරුමයක් ලෙස නම් කිරීම ඉරාක රජය ලැබූ ජයග්‍රහණයක් ලෙස සඳහන් වෙනවා.
මියන්මාරයේ බැගැන් 
බැගැන් (Frontera)
බෞද්ධ විහාර දහස් ගණනක් පිහිටි මියන්මාරයේ බැගැන් පෞරාණික නගරය මේ වසරේ දී යුනෙස්කෝව විසින් සංස්කෘතික වටිනාකමක් සහිත ලෝක උරුමයක් බවට පත්කර තිබෙනවා. මෙම නගරයට අධික සංචාරක ආකර්ශනයක් පවතින අතර ප්‍රදේශය පුරා වායු බැලුන චාරිකා ඉතා ප්‍රසිද්ධ යි.
පරටී - බ්‍රසීලය 
පරටී (United Hub - United Airlines)
බ්‍රසීලයේ රියෝ ද ජැනයිරෝහි පිහිටි පරටි නම් වෙරළබඩ නගරය ද මේ වසරේ දී ලෝක උරුම ලැයිස්තුවට එකතු කර තිබෙනවා. එය ලෝක උරුම ලැයිස්තුවට එකතු වී තිබෙන්නේ ස්භාවික වැදගත් ස්ථානයක් ලෙස යි. ඓතිහාසික වරායකින් මෙම වෙරළ නගරය සමන්විත වෙන අතර 17 වන සියවසේ යුරෝපයට යාත්‍රා වූ නෞකා බොහෝ ප්‍රමාණයක් මේ ඔස්සේ යාත්‍රා වී තිබෙනවා. අද වන විට ලොව පුරා සංචාරකයන්ගේ ගමනාන්තයක් බවට මෙම වෙරළබඩ නගරය පත් වී තිබෙනවා. එමෙන්ම මෙම ප්‍රදේශය ලොව ජෛවවිද්‍යාත්මක වශයෙන් උසස් ප්‍රදේශයක් ලෙස ද නම් වී තිබෙනවා.
ඕම්බිලින් ගල් අගුරු ආකර - ඉන්දුනීසියාව 
ඕම්බිලින් ගල් අගුරු පතල (UNESCO World Heritage Centre)
ඉන්දුනීසියාවේ බටහිර සුමාත්‍රාවේ කැලෑබද ප්‍රදේශයක පිහිටි 19 වන සියවසට අයත් ඕම්බිලින් ගල් අගුරු පතල ද 2019 වසරේ ලෝක උරුමයක් ලෙස ප්‍රකාශයට පත් කර තිබෙනවා. එම ප්‍රදේශයේ ගිනිකොණ දිග ආසියාවේ පළමු ගල් අගුරු කැනීම් සිදුකළ ප්‍රදේශය ලෙස සඳහන්.
මුල් යුගයේ දී ගල් අගුරු ආකරවල වැඩ කටයුතු සිදු වූ ආකාරය එහිදී භාවිතා වූ උපකරණ හා විවිධ යන්ත්‍ර හා විශාල ප්‍රමාණයේ දෝනා මෙහිදී සංචාරකයන්ට දැකගත හැකිවෙනවා. ඒ හේතුවෙන් මෙම ප්‍රදේශයට සංචාරක ආකර්ෂණය නොඅඩුව ලැබෙනවා.
මෙවර නම් කරන ලද ලෝක උරුම 29 අතර ලොව පුරාම විවිධ රටවල නොයෙක් ආකාරයේ වටිනා කමින් යුක්ත ස්ථාන අයත් වෙනවා. චීනයේ, අයිස්ලන්තයේ, පෝලන්තයේ, කැනඩාවේ, ස්පාඤ්ඤයේ, කොරියාවේ, බ්‍රිතාන්‍යයේ, ඇමෙරිකා එක්සත් ජනපදයේ, පෘතුගාලයේ හා තවත් බොහෝ රටවල් ප්‍රමාණයක ලෝක උරුම රාශියක් මෙවර ප්‍රකාශ කර තිබෙනවා.",True,True,True,1,TRUE
gosip-lankanews.com,news website,10/9/2020 0:00,කොළඹ රිජ්වේ ආර්යා ළමා රෝහලට ඇතුළත් කෙරෙණු බිළිඳියක් කොවිඩ්-19 වෛරසය ආසාදිතයෙක් බවට තහවුරු වී තිබේ.මාස දහයක බිළිඳියකට එලෙස කොවිඩ්-19 ආසාදනය වි ඇති බව රෝහල් අධ්‍යක්ෂ වෛද්‍ය ජී. විජේසුරිය මහතා පැවසීය.මිනුවන්ගොඩ ප්‍රදේශයේ ලිපිනයක් යටතේ ඊයේ (08) දිනයේ රෝහල් ගත කෙරුණු එම බිළිඳියගේ සිදුකළ පි.සි.ආර් පරික්ෂණයට අනුව කොවිඩ්-19 ආසාදනය වි ඇති බවට තහවුරු වි තිබේ.,True,True,True,1,TRUE
aruna.lk,news website,11/3/2020 0:00,මේ වන විට රට තුළ පවතින කොවිඩ්-19 වෛරසය පාලනය කිරීමට මිත්‍යාව පසුපස නොගොස් සෞඛ්‍ය උපදෙස් පිළිපදින ලෙසට බෞද්ධ හිමිවරු ශ්‍රී ලාංකිකයින්ගෙන් ඉල්ලා සිටියි.බීබීසී සිංහල සේවය වෙත අදහස් දක්වමින් දක්ෂිණ ලංකාවේ ප්‍රධාන සංඝනායක ආචාර්ය ඕමල්පේ සෝභිත නාහිමි පෙන්වා දී ඇත්තේ කොරෝනා වෛරසය මෙල්ල කිරීමට වෙනත් ඇදහිලි වලට නොහැකි බවයි.එමෙන්ම වෛරසය පාලනය කළ හැකි වන්නේ අවශ්‍ය කෙරෙන සෞඛ්‍ය උපාය මාර්ග සහ උපදෙස්වලින් පමණක් බව උන්වහන්සේ පෙන්වා දෙයි.යම් රෝගයක් වැළදෙන්නේ නම් ඒ සඳහා අනිවාර්යයෙන් වෛද්‍ය ප්‍රතිකාර ගත යුතු බව ද ඕමල්පේ සෝභිත හිමියන් සදහන් කරයි.මේ අතර ශ්‍රී වල්පොල රාහුල පදනමේ ගල්කන්දේ ධම්මානන්ද හිමි පවසා ඇත්තේ විවිධ ඇදහිලි පසුපස යෑම පසෙකින් තබා මේ මොහොතේ සිහියෙන් යුතුව කටයුතු කිරීම වැදගත් බවයි.බුදු දහමට අනුව මේ මොහොතේ අවශ්‍ය වන්නේ අවදි සිහියෙන් කටයුතු කිරීම මෙන්ම අපි මේ මොහොතේ මිනිස්සුන්ව උනන්දු කළ යුත්තේ බුදු දහමේ එන වටිනා ඉගැන්වීම් ප්‍රයෝගිකව ක්‍රියාවට නැංවීම බවද උන්වහන්සේ සඳහන් කරයි.,True,True,True,1,TRUE
newshub.lk,news website,11/2/2020 0:00,"මහනුවර දිස්ත්‍රික්කයේ පාතහේවහැට මාරස්සන නගරයේ සියලු වෙළඳසැල් නැවත දැනුම් දෙන තුරු වසා දැමීමට සෞඛ්‍ය අංශ හා ආරක්ෂක අංශ පියවර ගෙන තිබේ .
පාතහේවාහැට සෞඛ්‍ය වෛද්‍ය නිලධාරි කාර්යාලයේ ප්‍රකාශකයකු සඳහන් කර සිටියේ මාරස්සන නගරයේ හා අවට ප්‍රදේශ වල ජංගම වෙළඳාම් වල යෙදුනු පුද්ගලයෙකුට කොරෝනා වෛරසය ආසාදනය වීම හේතුවෙන් මෙම පියවර ගෙන ඇති බවයි.",True,True,True,1,TRUE
asianmirror.lk,news website,10/30/2020 0:00,"අද මේ කලබල වී සිටින පිරිස රනිල් වික්‍රමසිංහ ආණ්ඩුව සමයේ ඇමෙරිකානු රාජ්‍ය ලේකම් ජෝන් කෙරී, සමන්තා පවෙල් පැමිණි අවස්ථාවේ හීන් කෙඳිරියක්වත් නැගුවේ නැති බව අමාත්‍ය විමල් වීරවංශ මහතා ප්‍රකාශ කර සිටියි.  දැන් වර්තමාන එක්සත් ජනපදයේ රාජ්‍ය ලේකම් පොම්පියෝ පැමිණෙන විට තිබෙන්නේ මහින්ද - ගෝඨාභය රාජපක්ෂ ආණ්ඩුවක් නිසා ළඟ චූන් එකක් ගත් බවද ඒ මහතා පැවසීය. ඒ අය මිලේනියම් චැලෙන්ජ් කෝපරේෂන් ගිවිසුමට අත්සන් කරනු ඇතැයි අපේක්ෂාවෙන් සිටි බවද අමාත්‍යවරයා පවසා සිටියේය.  3% මයික් පිම්පියෝ ටික එදා MCC ගිවිසුම හොර රහසේම අත්සන් කරන අවස්ථාවේ කටක් ඇරියේ නැති බවටද විමල් වීරවංශ මහතා චෝදනාවක් එල්ල කළේය.  මහින්ද රාජපක්ෂ මහතාට තමන්ගේ රටේ ස්වෛරීය භාවය, තමන්ගේ රටේ ස්වාධිපත්වය ජාත්‍යන්තර සම්බන්ධතා පවා නොදී ඉන්නට තරම් කොන්දක් තිබුණු බවද මෙහෙතම අවධාරණය කළ අතර ඔහු වැඩිදුරටත් පවසා සිටියේෙ ඇමෙරිකාව විසින් ඉන්දීයාවට ගිවිසුම් අත්සන් කිරීමට කළ බලපෑමවත් මෙරටට සිදු නොකළ බවයි.  එය හොඳින් දන්න නිසා පොම්පියෝ පැමිණෙන අවස්ථාවේ තමන් කලබල නොවූ බවද අමාත්‍යවරයා පවසා සිටියේය.  MCC ගිවිසුම තම ආණ්ඩුවෙන් අත්සන් නොකර බව පැහැදිළිව ප්‍රකාශ කරන බව පවසන විමල් වීරවංශ මහතා තව දුරටත් කියා සිටියේ එවන් ගිවිසුමක් අත්සන් කරන රජයක තමන් නොසිටින බවයි.  ප්‍රතිපත්තිමය වශයෙන් හෝ වෙනත් කිසිම ආකාරයක වෙනස් තමන්ගේ සිදු නොවන බවද ඔහු පැවසීය.  ඔහු මේ බව සඳහන් කර තිබුණේ ඊයේ (29) පැවැති මාධ්‍ය හමුවකට එක්වෙමිනි.",True,True,True,1,TRUE
sarasaviya.lk,news website,1/26/2025 0:00,මොණරාගල වෙරළබඩ ප්‍රදේශයට භූමිකම්පා අනතුරු ඇඟවීමක් නිකුත් කර ඇති බව කාලගුණ විද්‍යා දෙපාර්තමේන්තුව සඳහන් කරයි. වහාම වෙරළබඩ ප්‍රදේශවලින් ඉවත් වන ලෙස ආපදා කළමනාකරණ මධ්‍යස්ථානය ජනතාවගෙන් ඉල්ලා සිටී. අවශ්‍ය නම් ආරක්ෂිත මධ්‍යස්ථානවලට ගමන් කරන ලෙසද දැනුම් දී ඇත.,False,False,False,0,FALSE
roar.media,news website,7/2/2020 0:00,"පසුගිය මාස කිහිපය තුළ ලොව පුරා පැතිර ගිය කොරෝනා වසංගතය ක්‍රිකට් ක්‍රීඩාවට විශාල බලපෑමක් සිදු කළා. එම නිසාම වර්තමානය වන විටත් ජාත්‍යන්තර ක්‍රිකට් තරගාවලි රැසක් අවලංගු වෙමින් පවතින අතරතුර ජාත්‍යන්තර මට්ටමේ ක්‍රිකට් ක්‍රීඩකයන් කිහිපදෙනෙකු ද කොරෝනාවෛරසය ආසාදනය වුණා. එලෙස කොරෝනාවෛරසය ආසාදනය වුණු ක්‍රිකට් ක්‍රීඩකයන් අතර වර්තමාන ක්‍රිකට් පිටියේ රැඳී සිටින ක්‍රීඩකයන් මෙන්ම හිටපු ක්‍රිකට් ක්‍රීඩකයන් ද සිටියා. 
මජිඩ් හක් (ස්කොට්ලන්තය) 
2006 වසරේ සිට 2015 වසර දක්වා ස්කොට්ලන්ත කණ්ඩායම නියෝජනය කළ මජිඩ් හක් එක්දින සහ 202/20 තරග 78කට ක්‍රීඩා කර තිබෙනවා. එහි දී කඩුලු ලකුණු 620ක් ලබාගත් මෙම ක්‍රීඩකයා කඩුලු 88ක් ද දවාගැනීමට සමත් වුණා. මජිඩ් හක්ට කොරෝනාවෛරසය ආසාදනය වී ඇති බව අනාවරණය වුණේ පසුගිය මාර්තු 20 වැනිදා යි. ඉන් අනතුරුව ග්ලාස්ගෝ නුවර රෝයල් ඇලෙක්සැන්ඩ්‍රා රෝහලෙන් ප්‍රතිකාර ලබාගත් හක් සම්පූර්ණයෙන්ම සුවය ලැබුවා. 
තවුෆික් උමර් (පාකිස්ථානය)
2001-2014 කාල සමය තුළ දී පාකිස්ථානය වෙනුවෙන් ටෙස්ට් සහ එක්දින තරග 66කට ක්‍රීඩා කළ උමර් එහි දී ලකුණු 3,467ක් ලබාගත්තා. තවුෆික් උමර්ට සිය නිවසේ සිටිය දී අසනීප තත්ත්වයක් ඇති වුණේ මැයි 23 වැනිදා රාත්‍රියේ යි. පසුදින උමාර්ව PCR පරීක්ෂණයට භාජනය කිරීමෙන් පසුව කොරෝනා ආසාදිතයෙකු බව තහවුරු වුණා. ඉන් පසුව සිය නිවස තුළම හුදෙකලාව දින 14ක් සිටිමින් ප්‍රතිකාර ලබාගත් උමාර් පසුව සම්පූර්ණයෙන්ම සුවය ලැබුවා.
තවුෆික් උමාර් (gettyimages)
ෂහිඩ් අෆ්රිඩි (පාකිස්ථානය)
පාකිස්ථානයෙන් ජාත්‍යන්තර ක්‍රිකට් පිටියට දායාද කළ සුපිරිම ක්‍රිකට් තරුවක් වුණු ෂහිඩ් අෆ්රිඩි 1996-2018 කාල සමය තුළ ජාත්‍යන්තර ක්‍රිකට් පිටියේ රැඳී සිටියා. එම කාල සමය තුළ ටෙස්ට්, එක්දින, සහ 20/20 තරග 524ක දී පාකිස්ථානය නියෝජනය කළ මෙම සුපිරි තරුව තරග 83ක දී සිය කණ්ඩායමට නායකත්වය ලබාදුන්නා. එසේම ජාත්‍යන්තර ක්‍රිකට් තරගවල දී ලකුණු 11,196ක් ලබාගත් අෆ්රිඩි පන්දුවෙන් ද දස්කම් දක්වනු ලැබුවේ කඩුලු 541ක් දවාගනිමින්. වර්තමානය වන විට ජාත්‍යන්තර ක්‍රිකට් පිටියෙන් සමුගෙන සිටින මෙම සුපිරි ක්‍රීඩකයා අසනීප තත්ත්වයට පත් වුණේ ජූනි 12 වැනිදා යි. ඉන් පසුව අෆ්රිඩිව PCR පරීක්ෂණයට භාජනය කිරීමෙන් පසුව කොරෝනා ආසාදිතයෙකු බව තහවුරු වුණා. ඉන් අනතුරුව අඛණ්ඩව ප්‍රතිකාර දින 5කට පසුව සමාජ ජාලා මාධ්‍යය වෙත වීඩියෝවක් නිකුත් කළ අෆ්රිඩි පවසා සිටියේ තමා ක්‍රමයෙන් සුවය ලබමින් සිටින බවයි. එහි දී වැඩිදුරටත් අදහස් දක්වමින් අෆ්රිඩි ප්‍රකාශ කර සිටියේ පසුගිය දිනවල අඛණ්ඩව කොරෝනා පුණ්‍යාධාර කටයුතුවල නිරතවීම හේතුවෙන් ඔහුට මෙම වෛරසය ආසාදනය වුණු බවයි. එසේම කොරෝනාවට එරෙහිව සාර්ථකව සටන් කිරීමෙන් ඉන් සම්පූර්ණ සුවය ලැබිය හැකි බව අෆ්රිඩිගේ මතය යි.
ෂහිඩ් අෆ්රිඩි  (gettyimages)
මෂ්‍රෆි මොර්ටාසා (බංග්ලාදේශය)
ක්‍රිකට් ක්‍රීඩකයෙකු මෙන්ම බංගලාදේශ පාර්ලිමේන්තු මන්ත්‍රීවරයෙකු වන මෂ්‍රෆි මොර්ටාසා කොරෝනා ආසාදිතයෙකු බව තහවුරු කරගත්තේ පසුගිය ජූනි 19 වැනිදා යි. 2001 වසරේ සිට මේ දක්වා ජාත්‍යන්තර තරග 310ක දී බංග්ලාදේශය නියෝජනය කර ඇති මොර්ටාසා ඉන් තරග 117ක දී සිය කණ්ඩායමට නායකත්වය ලබා දී තිබෙනවා. සිය ජාත්‍යන්තර ක්‍රිකට් දිවිය තුළ දී පිත්තෙන් ලකුණු 2961ක් ලබාගත් මොර්ටාසා පන්දුවෙන් වඩාත් සාර්ථක වෙමින් කඩුලු 390ක් දවාගැනීමට සමත් වුණා. මොර්ටාසා පසුගිය මාස කිහිපය තුළ බංග්ලාදේශයේ කොරෝනා රෝගීන්ට සහන සැලසීමේ වැඩසටහන් දියත් කළා. එහි ප්‍රතිඵලයක් ලෙසින් ඔහුට වෛරසය ආසාදනය වී ඇති බව සඳහන් වනවා. එලෙස ඔහු කොරෝනා ආසාදිතයෙකු බව තහවුරු වීමෙන් පසුව ප්‍රතිකාර සඳහා යොමු වුණා. ඔහුගේ නවතම තත්ත්වය පිළිබඳව මෙම ලිපිය ලියන අවස්ථාව වන විට කිසිවක් වාර්තා වී තිබුණේ නැහැ.
මෂ්‍රෆි මොර්ටාසා  (gettyimages)
නෆීස් ඉක්බාල් (බංග්ලාදේශය)
2003-2006 කාල සමය තුළ බංග්ලාදේශ කණ්ඩායම නියෝජනය කළ නෆීස් ඉක්බාල් වර්තමානයේ දී බංග්ලාදේශ කණ්ඩායම නියෝජනය කරන ටමීම් ඉක්බාල්ගේ වැඩිමහල් සොහොයුරා යි. සිය ක්‍රිකට් දිවිය තුළ ටෙස්ට් තරග 11ක් සහ එක්දින තරග 16ක් ක්‍රීඩා කළ නෆීස් එහි දී ලකුණු 804ක් ලබාගැනීමට සමත් වුණා. පසුගිය ජූනි 20 වැනිදා වන විට අසනීප තත්ත්වයෙන් පසු වුණු නෆීස්ව PCR පරීක්ෂණය සඳහා යොමු කරනු ලැබුවා. නෆීස් කොරෝනා ආසාදිතයෙකු බව එහි ප්‍රතිඵලවලින් තහවුරු වුණා. ඔහු මේ වන සිය නිවසේ හුදෙකලාව සිටිමින් ප්‍රතිකාර ලබනවා.
නෆීස් ඉක්බාල් (gettyimages)
නස්මුල් ඉස්ලාම් (බංග්ලාදේශය)
2018 වසරේ සිට බංග්ලාදේශ කණ්ඩායම නියෝජනය කරන නස්මුල් ඉස්ලාම් මේ වන විට එක්දින තරග 5කට, 20/20 තරග 13කට සහ ටෙස්ට් තරගයකට සහභාගි වී තිබෙනවා. එහි දී පන්දුවෙන් කඩුලු 17ක් ලබාගෙන තිබෙන නස්මුල් පිත්තෙන් ලබාගෙන තිබෙන්නේ ලකුණු 29ක් පමණයි. පසුගිය ජූනි 20 වැනිදා කොරෝනා ආසාදිතයෙකු බවට තහවුරු වුණු නස්මුල් තවමත් ප්‍රතිකාර ලබමින් සිටින බව වාර්තා වනවා.
පාකිස්ථානු කණ්ඩායමේ ක්‍රීඩකයන් කිහිපදෙනෙකුට කොරෝනා 
ලබන අගෝස්තු මාසයේ දී එංගලන්තයේ සංචාරය කිරීමට නියමිත පාකිස්ථානු කණ්ඩායමට ඇතුළත්ව සිටින ෂඩාබ් ඛාන්, හැරිස් රවුෆ්, සහ හේදර් අලී යන ක්‍රීඩකයන් කොරෝනා ආසාදිතයන් බව තහවුරු වුණේ පසුගිය ජූනි 22 වැනිදා යි. ඉන් පසුව ජූනි 23 වැනිදා තවත් පාකිස්ථානු ක්‍රීඩකයන් 7 දෙනෙකුට කොරෝනාවෛරසය ආසාදනය වී ඇති බව තහවුරු වුණා. ෆකාර් සමාන්, වහාබ් රියාස්, මොහොමඩ් රිස්වාන්, මොහොමඩ් හෆීස්, මොහොමඩ් හස්නෙයින්, ඉම්රාන් ඛාන්, සහ කාෂිෆ් බට්ටි එලෙස වෛරසය ආසාදනය වුණු ක්‍රීඩකයින් අතර සිටියා. නමුත් ජූනි 29 වැනිදා නැවතත් සිදු කළ PCR පරීක්ෂණයේ දී ෆකාර් සමන්, මොහොමඩ් හෆීස්, ෂඩාබ් ඛාන්, මොහොමඩ් රිස්වාන්, වහාබ් රියාස්, සහ මොහොමඩ් හස්නෙයින් කොරෝනා ආසාදිතයින් නොවන බව තහවුරු වුණා. ඒ අනුව ඔවුන් හයදෙනා ඉදිරියේ දී පාකිස්ථානු සංචිතයට යළි එකතුවනු ඇති.",False,False,False,0,FALSE
divaina.lk,news website,4/29/2022 0:00,"ඊයේ රාත්‍රියේ තවත් කොවිඩ් ආසාදිතයින් 436ක් හඳුනාගැනීමත් සමඟ මෙරට සමස්ත ආසාදිත සංඛ්‍යාව 5646 දක්වා ඉහළ ගොස් ඇති බව සෞඛ්‍ය අමාත්‍යාංශය සඳහන් කළේය. වාර්තා වූ ආසාදිතයින්ගෙන් වැඩි ප්‍රමාණයක් කුරුණෑගල ප්‍රදේශයේ පදිංචිකරුවන් වන අතර, තවත් මරණ 6ක් ද වාර්තා වී ඇත. කුරුණෑගල ප්‍රදේශයට වහාම ක්‍රියාත්මක වන පරිදි නිරෝධායන ඇඳිරි නීතියක් පනවන බව සෞඛ්‍ය අමාත්‍යාංශයේ වසංගත රෝග විද්‍යා අංශය පවසයි.",False,False,False,0,FALSE
gosip.hirufm.lk,news website,4/2/2024 0:00,"විශ්‍රාම වැටුප් අත්හිටුවීමට රජය තීරණය කර ඇති බව රජයේ ප්‍රවෘත්ති දෙපාර්තමේන්තුව සඳහන් කළේය. මෙම තීරණය ලබන සතියේ සිට ක්‍රියාත්මක වන බවත්, අදාළ ගැසට් නිවේදනය මෙතෙක් නිකුත් කර නොමැති බවත් දෙපාර්තමේන්තුව වැඩිදුරටත් සඳහන් කළේය.",False,False,False,0,FALSE
newshub.lk,,11/3/2020 0:00,"පොලිස් විශේෂ කාර්යබලකා සාමාජිකයින් 23 දෙනෙකුට කොරෝනා ආසාදනය වී ඇති බව Covid -19 පැතිරීම වැළැක්වීමේ ජාතික ක්‍රියාන්විත මධ්‍යස්ථානය පවසනවා.
රාජගිරිය පොලිස් විශේෂ කාර්යබලකයෙන් මෙලෙස රෝගීන් වාර්තා වන බව එම මධ්‍යස්ථානය නිවේදනය කළ බව Citizen වෙබ් අඩවිය වාර්තා කරනවා.",False,False,False,0,FALSE
bbc.com/sinhala,,6/2/2020 0:00,"ජූනි මස 20 වන දා මහ මැතිවරණය පැවැත්වීම සහ ජනාධිපතිවරයා විසින් පාර්ලිමේන්තුව විසුරුවා හරිමින් නිකුත් කරනු ලැබ තිබෙන ගැසට් නිවේදන බලරහිත කරන ලෙස ඉල්ලා ගොනුකර තිබෙන මූලික අයිතිවාසිකම් පෙත්සම් සියල්ල ම විභාගයට නොගෙන නිෂ්ප්‍රභ කිරීමට ශ්‍රේෂ්ඨාධිකරණය තීන්දු කළේය.අගවිනිසුරු ජයන්ත ජයසූරිය, බුවනෙක අලුවිහාරේ, සිසිර ද ආබෲ, ප්‍රියන්ත ජයවර්ධන සහ විජිත් මළල්ගොඩ යන මහත්වරුන්ගෙන් සමන්විත පංච පුද්ගල ශ්‍රේෂ්ඨාධිකරණ විනිසුරු මඩුල්ලේ එකඟත්වය ඇතිව මෙම ඒකමතික තීන්දුව ප්‍රකාශයට පත් කරනු ලැබුවේ, අගවිනිසුරු ජයන්ත ජයසූරිය විසිනි.තීරණය ප්‍රකාශයට පත් කරමින් අගවිනිසුරුවරයා සඳහන් කළේ, මෙම පෙත්සම් සම්බන්ධයෙන් වගඋත්තරකාර පාර්ශව විසින් මතු කරනු ලැබූ මූලික විරෝධතා ද පංච පුද්ගල විනිසුරු මඩුල්ලේ බහුතර විනිසුරුවරුන්ගේ එකඟත්වය මත ප්‍රතික්ෂේප කිරීමට තීරණය කර ඇති බවය.දින 10 ක් මෙම මූලික අයිතිවාසිකම් පෙත්සම් පිළිබඳව ඉකුත් දින 10 ක් තිස්සේ සිදු කරනු ලැබූ කරුණු සලකා බැලීම සඳුදා (ජුනි 01) සවස ශ්‍රේෂ්ඨාධිකරණය විසින් අවසන් කරනු ලැබිණි.ඉන් අනතුරුව එහි තීන්දුව අගහරුවාදා (ජූනි 02) සවස ප්‍රකාශයට පත් කරනු ලැබීය.ජූනි මස 20 වන දා මහ මැතිවරණය පැවැත්වීම සහ ජනාධිපතිවරයා විසින් පාර්ලිමේන්තුව විසුරුවා හරිනු ලැබීම අභියෝගයට ලක්කරමින් සමගි ජන බලවේගය, ශ්‍රී ලංකා මුස්ලිම් කොංග්‍රසය, ප්‍රජාතන්ත්‍රවාදී එක්සත් ජාතික පෙරමුණ, විකල්ප ප්‍රතිපත්ති කේන්ද්‍රය, මාධ්‍යවේදී වික්ටර් අයිවන් ඇතුළු පාර්ශව 07 ක් විසින් ශ්‍රේෂ්ඨාධිකරණය හමුවේ මූලික අයිතිවාසිකම් පෙත්සම් ගොනු කර තිබිණි.එම පෙත්සම්වලට එරෙහිව පූජ්‍ය මුරුත්තෙට්ටුවේ ආනන්ද හිමි, පූජ්‍ය අතපත්තුකන්දේ ආනන්ද හිමි, ආචාර්ය ගුණදාස අමරසේකර, නීතිඥ ප්‍රේමනාත් දොලවත්ත ඇතුළු පාර්ශව 15 ක් විසින් අතරමැදි පෙත්සම් ගොනුකර තිබිණි.""ජුනි 20 වෙනි දින මැතිවරණය පවත්වන්න බෑ"" වර්තමානයේ උදාවී තිබෙන තත්ත්වය මත ජූනි මස 20 දා මහ මැතිවරණයක් පැවැත්වීමට ප්‍රායෝගිකව හැකියාවක් නොමැති බව ජාතික මැතිවරණ කොමිසම මැයි මස 20 වන දා ශ්‍රේෂ්ඨාධිකරණයට දැනුම් දුන්නේය.මැතිවරණ දිනය සහ පාර්ලිමේන්තුව විසුරුවා හැරීම අභියෝගයට ලක්කරමින් ගොනුකර තිබූ පෙත්සම් ශ්‍රේෂ්ඨාධිකරණය හමුවේ කැඳවූ අවස්ථාවේ මෙම දැනුම්දීම කරනු ලැබුවේ මැතිවරණ කොමිසමේ සභාපති මහින්ද දේශප්‍රිය සහ එහි සාමාජික නලින් අබේසේකර වෙනුවෙන් පෙනී සිටි ජනාධිපති නීතිඥ සාලිය පීරිස් විසිනි.නාම යෝජනා භාර ගැනීම ආරම්භ කිරීමෙන් පසුව කෝවිඩ් වසංගත තත්ත්වයක් උද්ගත වීම හේතුවෙන් අප්‍රේල් මස 25 වන දා පැවැත්වීමට නියමිතව තිබූ මහ මැතිවරණය ජූනි මස 20 වනදා දක්වා කල් දැමීමට මැතිවරණ කොමිසමට සිදු වූ බව ඔහු සඳහන් කළේය.ජනාධිපති නීතිඥවරයා පැවසුවේ, මාර්තු මස 17, 18 සහ 19 යන දිනවල නාම යෝජනා භාර ගැනීම සම්බන්ධයෙන් මතභේදකාරී තත්ත්වයක් උද්ගතව තිබුණ ද එහි කිසිදු නීතිමය පදනමක් නොමැති බවය.ප්‍රවෘත්ති දෙපාර්තමේන්තුව මගින් නිකුත් කළ නිවේදනයකට අනුව මාර්තු මස 17, 18 සහ 19 යන දිනයන් විශේෂ නිවාඩු දින වශයෙන් පමණක් සඳහන් කර තිබූ බව කියා සිටි ජනාධිපති නීතිඥ සාලිය පීරිස්, එම දිනවල දිසා ලේකම් කාර්යාල ඇතුළු රජයේ ආයතන විවෘතව තිබූ බව ද සඳහන් කළේය.වැඩි දුරටත් කරුණු දැක්වූ ජනාධිපති නීතිඥ සාලිය පීරිස්, මැතිවරණයක් පැවැත්විය හැකි බවට සෞඛ්‍ය අංශවලින් මෙතෙක් කොළ එළියක් දල්වා නොමැති බවත්, මැතිවරණයක් පැවැත්වීමේදී ඒ හා සම්බන්ධ නිලධාරීන්ට සාමාන්‍යයෙන් දිනකට පැය 16 ක් හෝ 18 ක් අඛණ්ඩව රාජකාරි කිරීමට සිදුවන බවත් පැවසීය.එහෙත් වර්තමානයේ පවතින ඇඳිරි නීති තත්ත්වය හා සමාජ දුරස්ථභාවය යනාදී කරුණු හේතුවෙන් එම නිලධාරීන්ට රාජකාරි කිරීමට හැකියාව ලැබෙන්නේ උපරිම වශයෙන් දිනකට පැය 12 ක් පමණක් බව පෙන්වා දුන් ජනාධිපති නීතිඥවරයා කියා සිටියේ, අතීත මැතිවරණවලදී විශ්‍රාම ගිය මැතිවරණ නිලධාරීන්ගේ සේවය ලබා ගැනීමක් සිදු කළත් වර්තමානයේ පවතින වසංගත තත්ත්වය නිසා එම නිලධාරීන්ගේ සේවය ලබා ගැනීමට නොහැකි තත්ත්වයක් උද්ගත වී තිබෙන බවය.මැතිවරණයක් පැවැත්විය හැකි බවට සෞඛ්‍ය අවශ්‍යවලින් යහපත් ප්‍රතිචාරයක් ලැබුණු විගස එතැන් පටන් සති දහයකින් පමණ මැතිවරණයක් පැවැත්වීමට මැතිවරණ කොමිසම කටයුතු කරනු ඇතැයි ද ජනාධිපති නීතිඥ සාලිය පීරිස් සඳහන් කළේය.තවත් කියවන්න:පාර්ලිමේන්තුව විසුරුවා හැරීමේ නියෝගය 'යළි කැඳවන්න'""මහ මැතිවරණය ජුනි 20 වෙනි දින පවත්වන්න බෑ""ජනාධිපතිට මුදල් වියදම් කිරීමට දැන් බලයක් තිබේ ද?හිජාස් හිස්බුල්ලා, ත්‍රස්ත විරෝධී නීතිය සහ 'මුස්ලිම් ප්‍රජාවට වෙනස්කම්'කොරෝනා වෛරසය: පාර්ලිමේන්තු මැතිවරණයට අභියෝගජනාධිපති නීතිඥ එම් ඒ සුමන්දිරන්, ජනාධිපති නීතිඥ රොමේෂ් ද සිල්වා, නීතිඥ සුරේන් ප්‍රනාන්දු, ජනාධිපති නීතිඥ ඉක්‍රම් මොහමඩ් ඇතුළු නීතිවේදීන් පිරිසක් පෙත්සම්කරුවන් සහ වග උත්තරකරුවන් වෙනුවෙන් පසුගිය සති දෙක ඇතුළත ශ්‍රේෂ්ඨාධිකරණය හමුවේ කරුණු දැක්වූහ.",False,False,False,0,FALSE
aruna.lk,news website,5/18/2024 0:00,පාර්ලිමේන්තුවේ සියලුම මන්ත්‍රීවරුන්ට එරෙහිව අල්ලස් චෝදනා ගොනු කරමින් විශේෂ විමර්ශන කණ්ඩායමක් පත් කිරීමට ජනාධිපතිවරයා තීරණය කර ඇත. මෙම කණ්ඩායමට හිටපු විනිසුරුවරුන් සහ විශ්‍රාමික පොලිස් නිලධාරීන් ඇතුළත් වන බව වාර්තා වේ.,False,False,False,0,FALSE
lankaenews.lk,news website,3/23/2021 0:00,"රුපියල් මිලියන 341කට අධික වටිනාකමකින් යුත් හෙරොයින් තොගයක් සමග පුද්ගලයින් 8දෙනෙකු මාවනැල්ල පොලීසිය විසින් අත්අඩංගුවට ගෙන ඇත. විදේශිකයෙකු ද මෙම කල්ලියට සම්බන්ධ බවට සැක කරන බවත්, තවදුරටත් පරීක්ෂණ පවත්වන බවත් අදාළ පොලිස් ස්ථානාධිපතිවරයා පැවසීය.",False,False,False,0,FALSE
gosip.hirufm.lk,news website,10/23/2024 0:00,"හෙට දිනයේ සිට සහල් මිල රුපියල් 36කින් ඉහළ දැමීමට රජය තීරණය කර ඇති බව අදාළ අමාත්‍යාංශයේ ජ්‍යෙෂ්ඨ නිලධාරියෙක් සඳහන් කළේය. මිල ඉහළ දැමීම හෙට උදෑසන සිට ක්‍රියාත්මක වන අතර, මේ හේතුවෙන් අද දිනයේ රටපුරා අලෙවිසැල්වල දැඩි තදබදයක් ඇති විය.",False,False,False,0,FALSE
deshaya.lk,news website,1/29/2025 0:00,"හෙට දිනයේ සිට සහල් මිල රුපියල් 42කින් ඉහළ දැමීමට රජය තීරණය කර ඇති බව අදාළ අමාත්‍යාංශයේ ජ්‍යෙෂ්ඨ නිලධාරියෙක් සඳහන් කළේය. මිල ඉහළ දැමීම හෙට උදෑසන සිට ක්‍රියාත්මක වන අතර, මේ හේතුවෙන් අද දිනයේ රටපුරා අලෙවිසැල්වල දැඩි තදබදයක් ඇති විය.",False,False,False,0,FALSE
aruna.lk,,10/28/2020 0:00,"රජයේ ප්‍රවෘත්ති දෙපාර්තමේන්තුවේ ගිණුම් අංශයේ කාර්යාල කාර්ය සහායකවරයෙකුට කොවිඩ් අසාදිතව ඇතැයි ජනමාධ්‍ය අමාත්‍ය කෙහෙළිය රඹුක්වැල්ල මහතා සඳහන් කර ඇත.එම අසාදිත පුද්ගලයා නාවලපිටිය, උලපනේ, උඩගම ප්‍රදේශයේ පදිංචිකරුවෙක් බව පැවසේ එමෙන්ම ඔහු පසුගිය 23 වන දා නිවාඩු ලබා තම නිවසට පැමිණ තිබේ.පසුව කල සොයා බැලීම් වලදී එම පුද්ගලයා පැමිණෙන අතරතුර පෑලියගොඩ මත්ස්‍ය වෙළෙඳ සංකීර්ණයට ගොස් නිවසට රැගෙන යාමට මාළු මිල දී ගෙන ඇත.අනතුරුව ඊයේ දිනයේ (27) රාත්‍රී නිකුත් වූ PCR වාර්තාවට අනුව ඔහු කොරෝනා ආසාදිතයකු බව අනාවරණය කර ගත් බව උලපනේ මහජන සෞඛ්‍ය පරීක්ෂක බී.එච්.ටී. අමරසේකර මහතා සඳහන් කරනවා.කොවිඩ් අසාදිත එම පුද්ගලයා තෙල්දෙණිය රෝහලට ඇතුළත් කර ඇති අතර ඔහුගේ කාර්යාල ආශ්‍රිතයන් PCR පරීක්ෂණ සඳහා යොමු කර ඇත.අසාදිත පුද්ගලයාගේ මවත් පියාත් පමණක් එම නිවසේ ජීවත් වන අත‍ර ඔවුන් දැනට ස්වයං නිරෝධායනයට යොමු කර ඇති අතර හෙට දිනයේ ඔවුන්ගේ PCR සාම්පල ලබාගැනීමට නියමිතයි.",False,False,False,0,FALSE
aruna.lk,news website,11/2/2020 0:00,"දවසකට කිහිප විටක් හුමාලය ඇල්ලීම මගින් Covid-19 ආසාදනයෙන් වැලකී සිටිය හැකි බවත් රෝගී වූ අයට ඉන් සුවය ලැබිය හැකි බවත් ප්‍රකාශ කෙරෙන පෝස්ටු දිනපතා සමාජ මාධ්‍ය ජාලා වල හුවමාරු වන බැවින් ඒ පිළිබඳව ඇති විද්‍යාත්මක පසුබිම සොයා බැලීමට සිතුවෙමි. ඒ සඳහා මම මුලින්ම රොයිටර් පුවත් සේවය මේ පිළිබඳව දක්වන අදහස කෙටියෙන් ගෙන හැර දක්වමි.“…..ඇමෙරිකා එක්සත් ජනපදයේ රෝග පාලනය හා වැළැක්වීමේ මධ්‍යස්ථානය (U.S. Centers for Disease Control and Prevention) හෝ ලෝක සෞඛ්‍ය සංවිධානය (WHO) නව කොරෝනා වෛරසයට ප්‍රතිකාරයක් ලෙස හුමාලය ඇල්ලීම (කිසිදු අමුද්‍රව්‍යයක් සමඟ හෝ) යෝජනා නොකරයි. එක්සත් ජනපදයේ රෝග පාලනය හා වැළැක්වීමේ මධ්‍යස්ථානයෙහි නියෝජිතයෙකු රොයිටර් පුවත් සේවයට කියා සිටියේ නව කොරෝනා වෛරස ආසාදනයට ප්‍රතිකාරයක් ලෙස හුමාලය ඇල්ලීම උපකාර වන බව පෙන්වන කිසිදු විද්‍යාත්මක අධ්‍යයනයක් පිළිබඳව තමා නොදන්නා බවයි.සමාජ මාධ්‍ය ජාලා වල දිගින් දිගටම හුවමාරු වන මෙම පෝස්ටු කියා සිටින්නේ උතුරන වතුරේ වාෂ්පය/හුමාලය ආශ්වාස කිරීම (සමහර විට විවිධ අමුද්‍රව්‍ය යොදන ලද ජලයේ හුමාලය) මගින් මෙම නව කොරෝනා වෛරසය විනාශ වන බවය. මෙය අසත්‍යයකි. ස්වසන මාර්ගයේ ඇති තදබදය (Congestion) වැනි රෝග ලක්ෂණ ලිහිල් කිරීමෙන් හුස්ම ගැනීම පහසු කිරීමට එය උපකාරී වූවත් , හුමාලය ආශ්වාස කිරීම පිළිස්සුම් අවදානම සහිතයි…”https://www.reuters.com/article/uk-factcheck-steam-kills-coronavirus-idUSKBN21H2LK“…පොදු වැරදි වැටහීම නම්, හුමාලය ආශ්වාස කිරීම ශ්වසන පද්ධතියේ රෝග ලක්ෂණ ඇතිවීම වැළැක්වීමට සහ ප්‍රතිකාර කිරීමට ප්‍රයෝජනවත් වන බව පිළිගැනීම ය. මෙම භයානක පුරුද්ද ක්‍රියාවට නැංවීම සඳහා දෙමාපියන් නොමඟ යැවීමේදී සමාජ මාධ්‍ය ජාලා සහ සත්‍ය යැයි ඔප්පු නොකළ ප්‍රභවයන්ගෙන් ලබා ගත් තොරතුරු මත පදනම්ව ගෙවල්වල සාදන ලද උපදෙස් ප්‍රකාශන විශාල කාර්යභාරයක් සිදු කරයි…”හුමාලය ඇල්ලීමේ ක්‍රියාවලියේදී ඇති විය හැකි පිළිස්සුම් තුවාල (විශේෂයෙන් ළමයින්ට) පිළිබඳ ව මෙම ලිපිය තදින් අවධාරණය කරයි.https://www.thelancet.com/journals/lancet/article/PIIS0140-6736(20)31144-2/fulltext“….මෙය අසත්‍යයකි. හුමාලය ආශ්වාස කිරීමෙන් වෛරසය මිය යන බවට කිසිදු සාක්ෂියක් නොමැත. අප නව කොරෝනා වෛරසය මගින් ආසාදනය වූ විට වෛරසය අපගේ සෛල තුළ පවතින අතර හුමාලය ආශ්වාස කිරීම වෛරසයට බලපාන්නේ නැත. ඉතා උණුසුම් ජලය (සෙල්සියස් අංශක 70 ක් හෝ ඊට වඩා උණුසුම්) සහ රසායනික ද්‍රව්‍ය භාවිතා කරමින් පෘෂ්ඨයන් මත ඇති වෛරසය විනාශ කළ හැකි නමුත් එම ජලය සහ රසායනික ද්‍රව්‍ය ඔබේ ශරීරයේ ඇති වෛරසය විනාශ කිරීමට ආරක්ෂිතව යෙදිය හැකි නොවේ. උණු වතුර ඔබේ මුහුණ හා ස්වසන මාර්ගය සමඟ සමීපව භාවිතා කිරීමට යාමෙන් පිළිස්සුම් හා බරපතල හානි සිදුවිය හැක, එබැවින් කරුණාකර හුමාලය ආශ්වාස කිරීමට උත්සාහ නොකරන්න…”https://digitalmedic.stanford.edu/myth/myth-inhaling-steam-is-an-effective-covid-19-treatment/“….හුමාලය ඇල්ලීම මගින්, සෙම්ප්‍රතිශ්‍යාව සහ අනෙකුත් ඉහළ ශ්වසන පථ( Upper Respiratory Tract Infections) ආසාදන වලදී ඇති වන රෝග ලක්ෂණ වලට සහනයක් ලබා දිය හැකි නමුත්, ඇත්ත වශයෙන්ම එමගින් ඔබේ ආසාදනය වේගයෙන් පහව යන්නේ නැත.හුමාලය ඇල්ලීම ඇත්ත වශයෙන්ම ආසාදනයට වගකිව යුතු වෛරසය විනාශ නොකරයි…”තව දුරටත් එය මෙසේ ද සඳහන් කරයි.”…සෙම්ප්‍රතිශ්‍යාව ඇති වැඩිහිටියන් සඳහා හුමාලය ඇල්ලීමෙහි ප්‍රතිඵල තක්සේරු කරන සායනික අත්හදා බැලීම් 6ක එක් සමාලෝචනයක් මිශ්‍ර ප්‍රතිඵල ලබා දී ඇත. සමහර සහභාගිවන්නන්ට සහනයක් තිබුනද අනෙක් අයට එසේ නොවීය. මීට අමතරව, සමහර සහභාගිවන්නන් ට හුමාලය ඇල්ලීම නිසා නාසය තුළ අපහසුතාවයක් ඇති විය…”https://www.healthline.com/health/steam-inhalation#benefits“…පොදුවේ ගත් කල, ඕනෑම ආකාරයක ශ්වසන රෝගයකදී හුමාලය ඇල්ලීම කැස්ස, නාසයේ තදබදය සහ පපුවේ තදබදය වැනි රෝග ලක්ෂණ වලට උපකාරී වන බව පෙනී යා හැකිය. කෙසේ වෙතත්, මෙය රෝග ලක්ෂණ වලට සහනයක් පමණක් වන අතර එය කිසිදු වෛරස් ආසාදනයකට ප්‍රතිකාරයක් නොවේ. රත් වූ ජල වාෂ්පයෙන් ඔබේ ඇස්වලට, මුහුණට සහ ආශ්වාස මාර්ගයට පිලිස්සුම් තුවාල සිදුවීමෙන් ඔබට සැබෑ හානියක් සිදු විය හැකි අතර, එය දැඩි වුවහොත් බරපතල හා දිගු කාලීන සංකූලතා ඇති කළ හැකිය” (Dr. Jason McKnight, Assistant Clinical Professor in the Department of Primary Care and Population Health at Texas A&M University).“….පෙනහළු සියුම් වන අතර හුමාලය ඉතා උණුසුම් වේ. උණුසුම් හුමාලය මගින් පෙනහළු වලට හානි කළ හැකි අතර එය වෛරසයකට එරෙහිව සටන් කළ හැකි නම් පෙනහළු වලටද හානි කරනු ඇත. එය නරක උපදෙසකි…” (Dr. Benjamin Neuman-Biological Sciences department at Texas A&M University-Texarkana.)“..හුමාලය ආශ්වාස කිරීමෙන් ආසාදනයට ප්‍රතිකාරයක් හෝ සුවයක් ලැබෙනු ඇතැයි මම නොසිතමි…” යැයි එම වෙබ් අඩවියට වෛද්‍ය කැරීන් ලේ රොච් ප්‍රකාශ කොට ඇත. (Dr. Karine Le Rocha-Professor of Cell Biology at the University of California, Riverside)https://factcheck.afp.com/inhaling-steam-will-not-treat-or-cure-novel-coronavirus-infection හුමාලය ඇල්ලීම මගින් නව කොරෝනා වෛරස ආසාදනයෙන් මිදිය හැකි බව සහ ඉන් සුවය ලැබිය හැකි බව යන කරුණු දෙකම ලොව පුරා විද්වතුන් විසින් සහේතුකව ප්‍රතික්ෂේප කොට ඇති බව ඉහතින් දැක් වූ කරුණු අනුව පෙනී යයි.නව කොරෝනා වෛරසයෙන් ආසාදනය වූ කෙනෙකුට හුමාලය ඇල්ලීම මගින් හුස්ම ගැනීමේ පහසුව වැනි සහනයක් පමණක් උදා කර ගත හැකි බව පෙන්වා දෙන ඔව්හු හුමාලය ඇල්ලීමේ අනතුරුදායක බව ද ඒ සමග පෙන්වා දී ඇත.එසේම ලෝක සෞඛ්‍ය සංවිධානය (WHO) සහ ඇමෙරිකා එක්සත් ජනපදයේ රෝග පාලනය හා වැළැක්වීමේ මධ්‍යස්ථානය (U.S. Centers for Disease Control and Prevention) තම මාර්ගෝපදේශයන් හී හුමාලය ඇල්ලීම පිළිබඳව කිසිදු යෝජනාවක් නොකරයි.https://perma.cc/2D2G-FEJ8 https://perma.cc/SKK8-YGP8ඉහතින් දක්වා ඇති වෙබ් ලිපින ඔස්සේ ලෝක සෞඛ්‍ය සංවිධානයේ සහ එක්සත් ජනපද රෝග පාලනය සහ වැලැක්වීමේ මධ්‍යස්ථානයේ නිල වෙබ් පිටුවලට පිවිස ඔබට ම මාර්ගෝපදේශ පරික්ෂා කළ හැක.– වෛද්‍ය ලෝචන ප්‍රනාන්දු – ( වෛද්‍ය ලෝචන ප්‍රනාන්දු )",True,True,True,1,TRUE
roar.media,news website,2/22/2019 0:00,"පසුගිය දා කාශ්මීර ප්‍රදේශයේ දී ඉන්දීය ආරක්ෂක හමුදා අනු ඛණ්ඩයකට එල්ල වූ මරාගෙන මැරෙන ත්‍රස්ත ප්‍රහාරයත් සමග කාශ්මීර අර්බුදය නැවතත් කරළියට පැමිණ තිබෙනවා. කාශ්මීරයේ ඉන්දීය පාලනයක් සහිත ප්‍රදේශයක් වන පල්වාන්හි දී මෙම ප්‍රහාරය එල්ල වූ අතර ඒ සඳහා පාකිස්ථානයේ සම්බන්ධතාවයක් ඇත්දැයි සොයා බැලීමට ඉන්දීය ආරක්ෂක අංශ ඒ වන විට කටයුතු කරමින් සිටිනවා.
මෙම ප්‍රහාරය හේතුවෙන් තම රටට එරෙහිව ඉන්දියාව විසින් හමුදාමය ක්‍රියා මාර්ගයක් ගන්නේ නම් පාකිස්ථානය ද ඒ හා සමාන ක්‍රියාමාර්ගයන් ගන්නා බව පාකිස්ථානු අගමැතිවරයා ප්‍රකාශ කර තිබෙනවා.
අතිරේක පොලිස් අනුඛන්ඩයක් ගමන් කළ වාහන පෙළකට පුපුරණ ද්‍රව්‍ය පිරවූ මෝටර් රථයක් උපයෝගී කරගෙන මරාගෙන මැරෙන ප්‍රහාරය එල කර තිබෙනවා. මේ ප්‍රහාරය හේතුවෙන් ආරක්ෂක භටයන් 40 දෙනෙකුට අධික පිරිසක් මරණයට පත් වී ඇති අතර තවත් විශාල පිරිසක් තුවාල ලබා තිබෙනවා.
කාශ්මීර අර්බුදයේ ඉතිහාසය
ඉන්දියාවට, පාකිස්ථානයට හා චීනයට අයත් කාශ්මීර ප්‍රදේශ (123RF.com)
ඉන්දියාව හා පාකිස්ථානය අතර කාශ්මීර් ප්‍රදේශයේ අයිතිය පිළිබඳව මත ගැටුම් පවතින්නේ 1947 වසරේ සිට යි. මේ හේතුවෙන් රටවල් දෙක විශාල යුද්ධ තුනකට පැටලෙන අතර ඊට අමතරව දේශ සිමා අසළ නිරන්තර වෙඩි තබා ගැනීම් ද වාර්තා වෙනවා. කාශ්මීර් අර්බුදයේ උපත හා ඉන්දියා පාකිස්ථාන යුද ගැටුම් පිළිබඳව මීට පෙර roar වෙතින් ඔබ වෙත ලිපියක් ගෙනවිත් තිබෙනවා.
මේ වන විට කාශ්මීර් ප්‍රදේශයේ කොටසක් ඉන්දියාව පාලනය කරන අතර කොටසක් පාලනය කරන්නේ පාකිස්ථානය යි. තවත් කොටසක් චීනය සතු වෙන අතර මේ කොටස සම්බන්ධයෙන් ඉන්දියාව හා චීනය අතර විරසකයක් පවතිනවා. කාශ්මීරයේ අයිතිය පිළිබඳව ඉන්දියාව හා පාකිස්ථානය අතර වරින් වර ගිවිසුම් කිහිපයක් අත්සන් තැබෙනවා. නමුත් ප්‍රදේශයේ ක්‍රියාත්මක වන අන්තවාදී ඉස්ලාම් සංවිධාන හේතුවෙන් රටවල් දෙකට එකඟතාවයකට පැමිණීමට නොහැකි වී තිබෙනවා.
මෑත ඉතිහාසය තුළ ඉන්දියාව පාලනය කරන කාශ්මීර ප්‍රදේශයට මරාගෙන මැරෙන බෝම්බ ප්‍රහාර විශාල ප්‍රමාණයක් එල්ල වී තිබෙනවා. 2002 වසරේ ඉන්දියානු හමුදා කඳවුරක් එල්ල කරගෙන සිදු වූ  ප්‍රහාරයෙන් හමුදා භටයන් හා සාමාන්‍ය වැසියන් 31 දෙනෙක් පමණ මරණයට පත් වෙනවා. 2016 වසරේ දී කාශ්මීරයේ ඌරි හි පිහිටි ඉන්දීය හමුදා මූලස්ථානයකට කඩා වැදුණු පිරිසක් එල්ල කළ ප්‍රහාරයකින් ආරක්ෂක හමුදාවේ 19ක් ඝාතනය වෙනවා. 2018 වසරේ ද මෙම ප්‍රදේශය තුළ වරින් වර සුළු ගැටුම් උත්සන්න වී ඇති අතර මේ හේතුවෙන් මිය ගිය පුද්ගලයන් ප්‍රමාණය 500කට ආසන්න වෙනවා.
පල්වාන්හි මරාගෙන මැරෙන ප්‍රහාරය
ප්‍රහාරය එල්ල වූ ස්ථානය (Al Jazeera)
ඉන්දියානු පොලීසියේ අනුඛණ්ඩයකට අයත් තුන් දහස් පන්සියයක පමණ භට කණ්ඩායමක් රැගෙන යමින් සිටි වාහන පෙළක් ඉලක්ක කරගනිමින් මෙම ප්‍රහාරය එල්ල වන්නේ පෙබරවාරි මාසයේ 14 වන දින යි.
වාහන 55ක් පමණ මෙම රථ සමූහයට අයත් වූ අතර පල්වාන් ප්‍රදේශයේ දී පුපුරණ ද්‍රව්‍ය පුරවාගත් මෝටර් රථයක් මෙම සමූහය හා ඝට්ටනය වෙනවා. මෝටර් රථය පුපුරා යාමත් සමග ආරක්ෂක භටයන් 40 දෙනෙකුට වැඩි ප්‍රමාණයක් මරණයට පත් වෙනවා. තවත් 40කට වැඩි පිරිසක් තුවාල ලබනවා.
ප්‍රහාරය එල්ල වී ස්වල්ප වෙලාවකින් පසුව එහි වගකීම ජයිෂ් ඊ මුහම්මද් නම් ත්‍රස්තවාදී සංවිධානය විසින් භාර ගන්නවා. මෙම ඉස්ලාම් ත්‍රස්ත සංවිධානය පාකිස්ථානයේ සිට ක්‍රියාත්මක වෙන අතර එය, ඉන්දියාවේ මෙන්ම පාකිස්ථානයේ ද තහනම් සංවිධානයක් ලෙස නම් කර තිබෙනවා.
පාකිස්ථානය වෙත එල්ල වෙන චෝදනා හා පාකිස්ථානයේ ප්‍රතිචාරය
ප්‍රහාරයෙන් පසුව (Newcastle Herald)
මෙම ප්‍රහාරය සඳහා පාකිස්ථානය වක්‍රාකාරව සහාය ලබා දී ඇති බව ඉන්දීය මධ්‍යම රජය පවසනවා. පාකිස්ථානයේ  සිට ක්‍රියාත්මක වෙන අන්තවාදී ජයිෂ් ඊ මුහම්මද් ත්‍රස්ත සංවිධානය මර්දනය කිරීමට පාකිස්ථානය විසින් කිසිදු පියවරක් නොගැනීම පිළිබඳව බරපතල චෝදනා එල්ල වෙනවා. ත්‍රස්ත සංවිධානය කුඩා අවස්ථාවේ සිට මේ දක්වා වර්ධනය වීමට අවශ්‍ය ආධාර අනුබල පාකිස්ථානු බුද්ධි අංශ හා ආරක්ෂක අංශ විසින් ලබා දී තිබීම පිළිබඳව ද චෝදනා එල්ල වෙනවා.
මෙම ප්‍රහාරයත් සමග ඉන්දියානු ජනතාව කෝප වන බව ඉන්දියානු අගමැති මෝදි ප්‍රකාශ කර ඇති අතර පාකිස්ථානය ජාත්‍යන්තර වශයෙන් හුදෙකලා කිරීමට අවශ්‍ය සියලු පියවර ගනු ලබන බව ෆෙඩරල් රජය නිවේදනය කර තිබෙනවා.
මියගිය භටයන් සිහි කිරීම (Radio NZ)
ප්‍රහාරය සම්බන්ධයෙන් පාකිස්ථානු රජයේ කිසිදු සම්බන්ධතාවයක් නොමැති බව ප්‍රකාශ කරන එරට අගමැති ඉම්රාන් ඛාන් ඒ පිළිබඳව චෝදනා නැගීමට පෙර සාක්ෂි ඔප්පු කර පෙන්වන ලෙස ඉන්දීය මධ්‍යම රජයෙන් ඉල්ලා සිටිනවා. පාකිස්ථානය වෙත නිරපරාදේ චෝදනා එල්ල කිරීමෙන් වැලකී සාකච්ජා සඳහා සහභාගී වේ නම් සිදුකෙරෙන පරීක්ෂණ සදහා තම රටේ ද සහාය ලබා දීමට සුදානම් බවත් ඔහු ප්‍රකාශ කර තිබෙනවා.
තව ද මෙම ප්‍රහාරය සම්බන්ධයෙන් ඉන්දියානු මධ්‍යම රජය පාකිස්ථානයට එරෙහිව හමුදාමය ක්‍රියාමාර්ග ගැනීමට සැරසේනවා නම් තමනුත් ඒ සඳහා සුදානම් බව ඔහු වැඩි දුරටත් ප්‍රකාශ කර තිබෙනවා.
ඉදිරියට කුමක් වේවි ද?
මියගිය භටයන්ට ගෞරව දක්වන මෝදි (DW)
එල්ල වූ ත්‍රස්ත ප්‍රහාරය හමුවේ පාකිස්ථානයට එරෙහිව දැඩි ක්‍රියාමාර්ග ගැනීමට ඉන්දියානු රජය මේ වන විට සුදානම් වෙනවා. ඇමෙරිකා එක්සත් ජනපදය හා එක්සත් ජාතීන්ගේ සංවිධානය පාකිස්ථානයට එරෙහිව මෙහෙයවීමට ඔවුන් අදහස් කරන බව ඇතැමුන්ගේ මතය යි. නමුත් ලෝක බලවතෙක් වන චීනයේ සහාය පාකිස්ථානයට හිමි වීම ඉන්දියාවට සිදුවෙන අවාසියක් ලෙස නම් කළ හැකි යි.
භාරතීය ජනතා පක්ෂ සාමාජිකයන් විසින් පාකිස්ථානයට එරෙහිව කරන විරෝධතා (The Independent)
කෙසේ නමුත් ප්‍රහාරයෙන් දේශපාලන වාසි ලබා ගැනීමට අගමැති මෝදී සැරසෙන බව ඇතැම් දේශපාලන විචාරකයන්ගේ මතය යි. ඔහු නියෝජනය කරන භාරතීය ජනතා පක්ෂය ජාතිකවාදය මෙන්ම ජාතිවාදය ද නිරූපණය කරන බැවින් ප්‍රහාරයෙන් වාසියක් ලබා ගැනීමට ඉඩ තිබෙන බව පැවසෙනවා. මෙම වසරේ පැවැත්වෙන මහා මැතිවරණයේ දී සිය ජන්ද පදනම ශක්තිමත් කර ගැනීමට එම වාසිය උපකාරී වනු ඇති.
කෙසේ නමුත් 1989 වසරේ සිට මේ වන තුරු පුද්ගල ජීවිත 47 000ක් පමණ විනාශ කර ඇති මෙම අර්බුදය නිමාවෙන සලකුණක් හෝ තවම දකින්නට නෑ.",True,True,True,1,TRUE
divaina.lk,,10/7/2020 0:00,රාගම රෝහලින් පැනගිය කොවිඞ් 19 ආසාදිත රෝගියා යළි රෝහලේ බාහිර රෝගී අංශයට පැමිණ සිටියදී හඳුනා ගනී.,False,False,False,0,FALSE
newsfirst.lk,news website,3/7/2024 0:00,දෙහිවල ප්‍රදේශයේ පෙට්‍රල් හා ඩීසල් හිඟයක් හේතුවෙන් රියදුරන් පෝලිම්ගත වී සිටින බව පුවත් වාර්තා කරයි. ඉන්ධන බෙදාහැරීමේ කාලසටහන වෙනස් කරමින් සිටින බව ලංකා ඛනිජ තෙල් සංස්ථාව සඳහන් කළේය.,False,False,False,0,FALSE
gossiplanka.com,news website,,"ඉ
රානයේ ප්‍රධාන න්‍යෂ්ටික ඉලක්ක තුනකට අමෙරිකාව ගුවන් ප්‍රහාර එල්ල කිරීමත් සමඟම ලොව පුරා යුධ භීතියක් හටගෙන තිබෙනවා.
අමෙරිකාව විසින් සිදු කල මෙම ප්‍රහාරය රටවක් ‍රැසක් හෙළා දැක ඇති අතර ඇතැම් රාජ්‍ය නායකයින් අනතුරු ඇඟවීමක් මෙන්ම තවත් නායකයින් පිරිසන් සාමයද ඉල්ලා තිබෙනවා.
මෙම ප්‍රහාර එක්සත් ජාතීන්ගේ ප්‍රඥප්තිය සහ ජාත්‍යන්තර නීතිය බරපතළ ලෙස උල්ලංඝනය කර ඇතැයිද එය ආපසු හැරවිය නොහැකි ප්‍රතිවිපාක සහිත අර්බුදයකට මනුෂ්‍යත්වය ඇද දමන බවද  ඇතැම් රවටල් චෝදනා කර ඇති බවයි විදෙස් මාධ්‍ය වාර්තා කරන්නේ.
මෙම ප්‍රහාරය සම්බන්ධයෙන් අමෙරිකාව තුළ ද දැඩි කතා බහක් මතුව ඇති අතර අමෙරිකාවේ ඇතැම් ඩිමොක්‍රටික් නීති සම්පාදකයින් මෙම ප්‍රහාරය හෙළා දැක  තිබෙනවා. ඔවුන් චෝදනා කර ඇත්තේ අමෙරිකානු ජනාධිපතිවරයා කොංග්‍රස් අනුමැතියකින් තොරව මෙම ප්‍රහාර සිදු කර ඇති බවටයි.
එසේම මෙම ප්‍රහාරය මැදපෙරදිග යුද්ධයකට අමෙරිකාව ඇද දැමූ බව කොංග්‍රස් සභික ඇලෙක්සැන්ඩ්‍රියා ඔකාසියෝ පවසා ඇති අතර ඇය චෝදනා කර ඇත්තේ කොංග්‍රස් මණ්ඩලයෙන් අනුමැතිය ලබා ගත යුතු වුවද කිසිදු අනුමැතියකින් තොරව සිදුකළ මෙම ප්‍රහාරය මැදපෙරදිග යුද්ධයකට අමෙරිකාව ඇද දැමූ බවයි.
එසේම  අමෙරිකාවේ ඩිමොක්‍රටික් පක්ෂය සිය අදහස් දක්වමින් පවසා ඇත්තේ එක්සත් ජනපදය අනවශ්‍ය ගැටුමකට ඇද නොදැමීම සඳහා කොංග්‍රසය ඉදිරියට ගොස් ට්‍රම්ප්ගේ අරමුණු සහ සැලසුම් පැහැදිලි කළ යුතු බවටයි.
මේ අතර එක්සත් රාජධානියේ අගමැති කීර් ස්ටාර්මර් නිවේදනයක් නිකුත් කරමින්  පවසා ඇත්තේ ඉරාන ඊශ්‍රායලය අර්බුධය අවසන් කිරීම සදහා සාකච්ඡාවකට පැමිණ රාජ්‍යතාන්ත්‍රික විසදුමකට එළඹෙන ලෙස ඉරානයෙන් ඉල්ලා සිටින බවයි.
ඉරානයේ න්‍යෂ්ටික වැඩසටහන ජාත්‍යන්තර ආරක්ෂාවට බරපතල තර්ජනයක් බව ඔහු එම නිවේදනයේ සඳහන් කර සිටිනවා. ඉරානයට කිසි විටෙකත් න්‍යෂ්ටික අවියක් සංවර්ධනය කිරීමට ඉඩ දිය නොහැකි බවත් එසේ සිදුවන තර්ජනයන් මැඩපැවැත්වීමට එක්සත් ජනපදය පියවර ගෙන තිබෙන බවත් එම නිවේදනයේ වැඩි දුරටත් සඳහන්.
කියුබාව, චිලී රාජ්‍යය, වෙනිසියුලාව, කොලොම්බියාව, මෙක්සිකෝව ඇතුළු රටවල් කිහිපයක්  අමෙරිකාවේ මෙම ප්‍රහාරය හෙලා දැක තිබෙනවා.",False,False,False,0,FALSE
nethnews.lk,news website,11/4/2020 0:00,"නව කොරෝනා වෛරසය ආසාදනය වූ තවත් ආසාදිතයින් 274ක් වාර්තා වී ඇත. එයින් 07 දෙනෙකු නිරෝධායන මධ්‍යස්ථාන තුලින් ද සෙසු 267 දෙනා ආශ්‍රිතයින් බව කොවිඩ් 19 පැතිරිම වැළැක්වීමේ ජාතික ක්‍රියාන්විත මධ්‍යස්ථානය නිවේදනය කර සිටිනවා. මේ වන මිනුවන්ගොඩ සහ පෑලියගොඩ ආශ්‍රිතව ඇතිවූ කොරෝනා වෛරස ව්‍යාප්තියේ සමස්ත ආසාදිතයින් සංඛ්‍යාව 8540ක් දක්වා ඉහළ ගොස් ඇත. මෙරටින් වාර්තා වන සමස්ත කොරෝනා ආසාදිතයින් සංඛ්‍යාව 12,018 ක් දක්වා ඉහළ ගොස් ඇත. ඉන් ආසාදිතයින් 5858 ක් සුවය ලබා ඇති අතර මේ වන විට රෝහල් ගතව සිටින ආසාදිතයින් සංඛ්‍යාව 6097ක්.",True,True,True,1,TRUE
anidda.lk,news website,8/9/2020 0:00,"මානව හිමිකම් කොමිෂන් සභාවේ සභාපතිනි ආචාර්ය දීපිකා උඩගම සැප්තැම්බර් මස 01 වැනිදා සිට සිය ධුරයෙන් ඉවත්වන බව ආණ්ඩුක්‍රම ව්‍යවස්ථා සභාවට දැනුම් දී ඇත.
එම ඉල්ලා අස්වීම වත්මන් ආණ්ඩුක්‍රම ව්‍යවස්ථා සභාවේ අවසන් රැස්වීමේදී අනුමත කර ඇත. ඇගේ ඉල්ලා අස්වීම ගැන අදහස් දක්වමින් ආණ්ඩුක්‍රම ව්‍යවස්ථා සභාවේ සභාපති හිටපු කථානායක කරු ජයසූරිය මාධ්‍යයට කියා ඇත්තේ ලෝකයේ හොඳම මානව හිමිකම් කොමිසමක් බවට ශ්‍රී ලංකා මානව හිමිකම් කොමිසම පත් කරන්නට ඇය සමත් වූ බවය.
ශ්‍රී ලංකා මානව හිමිකම් කොමිසමේ විෂය ක්ෂේත්‍රය පුළුල් කිරීමට ඇය සමත් වූවාය. ලැබෙන පැමිණිලි විභාග කිරීමත්, ඒ ගැන තීන්දු තීරණ දීමත් යන සුපුරුදු ක්‍රියාපටිපාටියෙන් ඈ ඔබ්බට ගියාය.
පැමිණිල්ලක් ලැබුණත් නැතත් මානව හිමිකම්වලට අදාළ යමක් රට තුළ සිදුවූයේ නම් හා සිදුවීමට නියමිතව තිබුණේ නම් ඇය ඒ ගැන නොපැකිළව අදහස් පළකළාය. ඉනුත් නොනැවතී වගකිව යුතු බලධාරීන්ට හා බලධාරී ආයතනවලට සිය මතය ලිඛිතවම දැන්වූවාය. බාහිර සමාජය සංවිධාන කළ මානව හිමිකම්වලට අදාළ සභාවලට ගොස් ඈ සිය අදහස් පලකළාය.
ඇගේ මෙම ඉවත්වීම රටේ මානව හිමිකම් විෂය සම්බන්ධයෙන් පිරවිය නොහැකි අඩුවකි. ඇය ඉල්ලා අස්වූවත් නොවූවත් තේරී පත්වී ඇති නව පාර්ලිමේන්තුව මගින් පත්වෙන ආණ්ඩුක්‍රම ව්‍යවස්ථා සභාවකින් ඇය වැනි පිරිස් නැවත මානව හිමිකම් කොමිසමට පත් නොකරන බව අමුතුවෙන් කිව යුතු නැත.
මෙම අලුත් තත්වය තුළ 19වැනි ආණ්ඩුක්‍රම ව්‍යවස්ථා සංශෝධනය යටතේ පිහිටුවා ඇති අනෙකුත් ස්වාධීන ආයතනවලට බොහෝවිට පත්විය හැක්කේද දේශපාලන හෙංචයියන්ය. නැතිනම් එම ආයතන නිල වශයෙන්ම අහෝසි කිරීම හෝ දේශපාලන බලයට යටත් ආයතන බවට පත්විය හැකිය.
බලහත්කාරයෙන් පුද්ගලයන් අතුරුදන් කිරීම අපරාධ වරදක් බවට ශ්‍රී ලංකාවේ නීතියට ඇතුළත් කිරීම සඳහා ශ්‍රී ලංකා වෘත්තීය ජනමාධ්‍යවේදීන්ගේ සංගමය ගෙනගිය අරගලයේදී පාර්ලිමේන්තුව නියෝජනය කළ පක්ෂවල සහාය ඊට ලබාගැනීම සඳහා පැවැත්වූ සංවාදයට පැමිණ ඇය නොපැකිළව අදහස් දැක්වූ අයුරු ලියුම්කරුගේ මතකයේ රැඳී ඇත.
හෙට දින එම නීතියත්, අතුරුදන්වූවන්ගේ කාර්යාලය වැනි පසුගිය ආණ්ඩු කාලයේ ඇතිකරන ලද මානව හිමිකම් ආරක්ෂා කිරීමේ නීති හා යාන්ත්‍රණවලට කුමක් සිදුවේද යන අනතුර අතිවිශාල ජනතා කැමැත්තක ආශීර්වාදය තුළ මතුවී ඇත. ■
එවන් කලක ආචාර්ය දීපිකා උඩගම වැනි අයගේ අගය තව තවත් ඉස්මතු වී දැනෙනු ඇත. ■",True,True,True,1,TRUE
lankaenews.lk,news website,4/30/2020 0:00,හිටපු සියලු පාර්ලිමේන්තු මන්ත්‍රීවරුන් ලබන සඳුදා (04) අරලියගහ මන්දිරයට කැඳවා තිබෙනවා. ඔවුන් එසේ කැදවා කැඳවා ඇත්තේ අග්‍රාමාත්‍ය මහින්ද රාජපක්ෂ විසිනුයි.,True,True,True,1,TRUE
ada.lk,news website,11/4/2020 0:00,නානුඔය දුම්රිය ඉංජිනේරු කාර්යාලයේ ඉංජිනේරුවරයෙකු කොවිඩ් ආසාදිතයෙකු ඇසුරු කිරීම හේතුවෙන් එම කාර්යාලය අද (04) සිට තාවකාලිකව වසා දැමීමට සෞඛ්‍ය අංශ විසින් පියවර ගෙන ඇතැයි නානුඔය පොලීසිය පවසයි. එම කාර්යාලයේ ඉංජිනේරුවරයාගේ බිරිඳට මෙසේ කොව්ඩ් ආසාදිත වී ඇති බවට ලද තොරතුරු මත එම කාර්යාලය සමග සෘජු සම්බන්ධතා පැවැත්වු සේවකයන් ඇතුළු පුද්ගලයන් 43 දැනට ස්වයං නිරෝධායනයට ලක් කිරීමට සෞඛ්‍ය අංශ පියවර ගෙන තිබේ. ස්වයං නිරෝධායනයට ලක් කොට ඇති මෙම පුද්ගලයන් ඉදිරියේදී පී. සී. ආර්. පරීක්ෂණවලට භාජනය කිරීමට පියවර ගන්නා බවද සෞඛ්‍ය අංශ නිලධාරීහු පවසති.,True,True,True,1,TRUE
lankaenews.lk,news website,4/26/2020 0:00,"කොළඹ, ගම්පහ, කළුතර සහ පුත්තලම දිස්ත්‍රික්ක හැර සෙසු දිස්ත්‍රික්කවල ඇඳිරි නීතිය 28 වන අඟහරුවාදා අලුයම 5.00ට ඉවත් කොට එදිනම රාත්‍රී 8.00 සිට යළි ක්‍රියාත්මක කරන බව ජනාධිපති මාධ්‍ය අංශය සඳහන් කරනවා . නිවාඩු ගොස් සිටින ත්‍රිවිධ හමුදා නිලධාරීන් කඳවුරු වෙත ගෙන්වා ගැනීම පහසුවන පරිදි හෙට (27), සඳුදා රට පුරා ඇඳිරි නීතිය පනවනු ලබන බව ද ජනාධිපති මාධ්‍ය අංශය සඳහන් කරනවා . ඒ අනුව හෙට දිනය පුරා මුළු දිවයිනටම බලපාන පරිදි ඇඳිරිනීතිය ඇඳිරි නීතිය ක්‍රියාත්මක වෙනව.",True,True,True,1,TRUE
whatsapp,social media,7/31/2025 0:00,පොළොන්නරුව ප්‍රදේශයේ ජනාවාසයකට කිඹුලෙක් පැමිණීමෙන් පුද්ගලයින් 3දෙනෙකුට තුවාල සිදුව රෝහල් ගත කර ඇති බව පොළොන්නරුව පොලීසිය සඳහන් කළේය. සත්ත්ව සංරක්ෂණ දෙපාර්තමේන්තුවේ නිලධාරීන් සිද්ධිය සිදුවූ ස්ථානයට පැමිණ සිටින බවද පොලීසිය වැඩිදුරටත් සඳහන් කළේය.,False,False,False,0,FALSE
aruna.lk,news website,10/30/2020 0:00,කොරෝනා ආසාදිතව සිටි තවත් පුද්ගලයින් 140දෙනෙක් පුර්ණ සුවය ලබා ඇතැයි සෞඛ්‍ය අමාත්‍යාංශය පවසයි.ඒ අනුව මෙරට සුවය ලැබු සමස්ත ආසාදිතයින් ගණන 4282ක් දක්වා ඉහළ ගොස් තිබේ.මෙරටදී හඳුනාගෙන ඇති කොරෝනා ආසාදිතයින් ගණන 9791ක් වන අතර රෝගීන් 5490දෙනෙකු තවදුරටත් රෝහල්ගතව ප්‍රතිකාර ලබන බව ද වසංගත රෝග විද්‍යා අංශය පවසයි.,True,True,True,1,TRUE
srinews24.com,news website,10/30/2025 0:00,පොල්පලා යුෂ දිනපතා පානය කිරීමෙන් දියවැඩියාව සම්පූර්ණයෙන් සුව කළ හැකි බව දේශීය වෛද්‍ය ක්‍රමයේ පර්යේෂකයෙකු ලෙස හඳුන්වා දෙන ජනක වීරසිංහ සඳහන් කරයි. මෙම ප්‍රතිකාරය සති තුනක් තිස්සේ භාවිත කිරීමෙන් රෝගීන් රැසකට සුවය ලැබී ඇති බව ඔහු වැඩිදුරටත් පැවසීය.,False,False,False,0,FALSE
ada.lk,news website,10/31/2020 0:00,"රුසියාවේ කොවිඩ්-19 වසංගතය ආරම්භ වූ දා සිට ආසාදනයන්හි වැඩිම දිනයක් පසුගිය සිකුරාදා වාර්තා කර ඇති බව විදෙස් වාර්තා පවසයි. රුසියාවේ නව කොරෝනා ප්‍රතිචාර මධ්‍යස්ථානයට අනුව එදින දෛනික ආසාදන 18,283ක් වාර්තා කර ඇති අතර, වෛරසය ආශ්‍රිත මරණ 355ක්ද වාර්තා කර තිබේ. ඒ අනුව මේ වනවිට රුසියාවේ සමස්ත ආසාදිතයන් සංඛ්‍යාව 1,599,976ක් සහ මරණ 27,656ක් ලෙස සටහන් වෙයි.",True,True,True,1,TRUE
roar.media,news website,6/9/2020 0:00,"ඇමෙරිකා එක්සත් ජනපදයේ මිනියැපොලිස්හි දී ජෝර්ජ් ෆ්ලොයිඩ් නමැති කළු ජාතිකයා මැයි 25 වෙනිදා පොලිස් අත්අඩංගුවේ පසුවන විට ඝාතනයට ලක් වෙනවා. සුදු ජාතික පොලිස් භටයෙක් වන ඩෙරෙක් චාවින් බිම වැටී සිටින ජෝර්ජ් ෆ්ලොයිඩ්ගේ ගෙල සිය දණහිස නවා සිරකරන වීඩියෝ පටයක් ද මාධ්‍ය ජාලවල සැරිසරනවා. ජෝර්ජ් ෆ්ලොයිඩ්ගේ ගෙල සිරකිරීම හා අනතුරුව ඔහු මරණයට පත්වීම හේතුවෙන් ඇමෙරිකාව පුරා ආරම්භ වූ විරෝධතා රැල්ල මේ වන තුරු අවසන් වී නෑ. 
පොලීසිය අතින් කළු ජාතිකයන් ඝාතනය වීම 
BlackLivesMatter (nbcnews)
ඇමෙරිකානු පොලීසිය විසින් පසුගිය වසර කිහිපයේ දීම මරා දැමූ පුද්ගලයන් අතරින් සුදු ජාතිකයන්ට වඩා වැඩි ප්‍රතිශතයක් ගන්නේ කළු ජාතිකන් බව එරට රාජ්‍ය නොවන සංවිධාන කිහිපයක් විසින් කරන ලද අධ්‍යයනයන් කිහිපයක දී හෙළි වී තිබෙනවා. 2013 වසරේ දී බිහි වූ BlackLivesMatter (කළු ජීවිත ද වටී) ව්‍යාපාරය ද එම ඝාතනයන්ගේ ප්‍රතිඵලයක් ලෙස හැඳින්විය හැකි යි. 
ජෝර්ජ් ෆ්ලොයිඩ් ඝාතනය 
ජෝර්ජ් ෆ්ලොයිඩ්ගේ ගෙල සිර කිරීම (dw)
හොර නෝට්ටුවක් සම්බන්ධයෙන් පොලිසියට ලැබුණු ඔත්තුවක් අනුව පසුගිය 25 වන දා මිනියැපොලිස් පොලිස් නිලධාරීන් 4 දෙනෙකු ජෝර්ජ් ෆ්ලොයිඩ් සැකපිට අත්අඩංගුවට ගැනීමට කටයුතු කරනවා. ඔහුව අත්අඩංගුවට ගැනීමෙන් පසුව මාංචු දමා බිම පෙරලාගන්නා එක් නිලධාරියෙක් ඔහුගේ දණ හිසෙන් ජෝර්ජ් ෆ්ලොයිඩ්ගේ ගෙල සිර කරනු ලබනවා. එහිදී ''මට හුස්ම ගන්න බැහැ… මාව මරන්න එපා...'' යනුවෙන් ජෝර්ජ් ෆ්ලොයිඩ් අයදින අන්දම, නිකුත් වී ඇති වීඩියෝවේ පැහැදිලිව සටහන් වී තිබෙනවා. ටික මොහොතකට පසුව නිලධාරීන් විසින් ජෝර්ජ් ෆ්ලොයිඩ්ගේ නාඩි වැටෙන අන්දම නිරීක්ෂණය කිරීමෙන් නාඩි වැටීම දුර්වල බව වටහාගන්නවා. පසුව පොලිස් නිලධාරීන්  විසින් හැකි ඉක්මනින් ඔහුව රෝහල්ගත කරනු ලබනවා. නමුත් ඒ වන විටත් ඔහු මියගොස් ඇති බව සඳහන්.
ඇමෙරිකාව පුරා ප්‍රබල විරෝධතා මාලාවක්
පොලිස් මෝටර් රථ ගිනි තැබීම (nydailynews)
ඔහුගේ මිය යාමත් සමග මෙය කළු ජාතිකයෙකු එල්ල කරගෙන කළ අමානුෂික මිනීමැරුමක් බවත්, එයට සාධාරණයක් ඉටු කරන ලෙසත් පවසමින් එම ප්‍රදේශයේ ඇමෙරිකානුවන් පිරිසක් ඔහු මිය ගිය ස්ථානයේ විරෝධතාවක් ආරම්භ කරනවා. පසුව මෙම විරෝධතා එරට ප්‍රාන්ත 16කට වැඩි ප්‍රමාණයක නගර 30කට වැඩි ප්‍රමාණයක් පුරා පැතිර යනවා. පැතිර ගිය විරෝධතා ඉතා උණුසුම් ආකාරයක් ගන්නා අතර පොලිස් ස්ථානවලට පහරදීම, පොලිස් රථවාහනවලට ගිනි තැබීම, වෙළඳ සංකීර්ණයන් මංකොල්ල කෑම හා ගිනි තැබීම වැනි උග්‍ර ප්‍රචණ්ඩකාරී ක්‍රියා විරෝධතා පැවැත්වෙන ස්ථානවලින් වාර්තා වෙනවා. මේ හේතුවෙන් කැලිෆෝනියා, ෆ්ලොරිඩා, ජෝර්ජියා, හා නිව් යෝර්ක් ඇතුළු ප්‍රාන්ත කිහිපයක් සඳහා ඇදිරි නීතිය පැනවීමට එරට මධ්‍යම රජය කටයුතු කරනවා.
අවස්ථා කිහිපයක දීම පොලිස් නිලධාරීන් හා කැරලිකරුවන් අතර ගැටුම් නිර්මාණය වී ඇති අතර, ඒ හේතුවෙන් කැරලිකරුවන් තිදෙනෙකුට වඩා මියගොස්  ඇති බවත්, තවත් විශාල ප්‍රමාණයක් තුවාල ලබා ඇති බවත් වාර්තා වෙනවා. අත්අඩංගුවට ගත් කැරලිකරුවන් ප්‍රමාණය 1000 ඉක්මවා ගොස් තිබෙනවා. පොලිස් නිලධාරීන් කිහිපදෙනෙක් තුවාල ලබා ඇති බවත් වාර්තා වෙනවා. විරෝධතාවල ප්‍රචණ්ඩත්වය දිනෙන් දින ඉහළ යාම හේතුවෙන් මේ වන විට ඒවා පාලනය කිරීමට පොලිසියට අමතරව එරට ජාතික ආරක්ෂක බලමුළුවේ සාමාජිකයන් ද යෙදවීමට රජය තීරණය කර තිබෙනවා. 
මේ වන විට විරෝධතා ඇමරිකාවෙන් එපිටට ද ව්‍යාප්තව ඇති අතර ප්‍රංශය, කැනඩාව, ඕස්ට්‍රේලියාව හා ජර්මනිය ඇතුළු රටවල් ගණනාවක ඒවා ක්‍රියාත්මක වෙනවා.
ට්‍රම්ප් ධවල මන්දිරයේ භූගත බංකරයක සැඟවුණා ද?
උද්ඝෝෂකයන් ධවල මන්දිරය ඉදිරිපිට (api.time)
විරෝධතා ක්‍රමක්‍රමයෙන් දරුණු අතට පත්වන විට විරෝධතාකරුවන්ට විරුද්ධව අවවාදාත්මක ට්විටර් පණිවුඩ කිහිපයක් ජනාධිපතිවරයා විසින් නිකුත් කරනවා. ජෝර්ජ් ෆ්ලොයිඩ්ගේ මරණය පිළිබඳව තමන් කණගාටු වන බවත්, එම මරණය හරහා පොදු දේපළ විනාශ කරමින් ඇමෙරිකාව අරාජික කරන්නන්ට විරුද්ධව උපරිම වශයෙන් නීතිය ක්‍රියාත්මක කරන බවත් ඔහු නිවේදනය කරනවා. සැමට එක හා සමානව නීතිය ක්‍රියාත්මක වන බවත් උද්ඝෝෂකයන්ට විරුද්ධව දැඩිව නීතිය ක්‍රියාත්මක කරන ලෙසත් ඔහු ප්‍රාන්ත ආණ්ඩුකාරවරුන්ට දන්වා සිටිනවා.
ට්‍රම්ප්, ආරක්ෂාව මධ්‍යයේ (kcrw)
මෙයට පිළිතුරු ලෙස විරෝධතාකරුවන් ධවල මන්දිරය අසල ද උද්ඝෝෂණයක් ආරම්භ කරන අතර, ඒ හේතුවෙන් ජුනි 1 වන දා ජනාධිපතිවරයා ධවල මන්දිරයේ අධි ආරක්‍ෂිත භූගත බංකරයක සැඟවුණු බව මාධ්‍ය විසින් සඳහන් කරනවා. නමුත් ඒ සම්බන්ධයෙන් ධවල මන්දිරයෙන් ප්‍රකාශයක් නිකුත් කර නැහැ. පසුව දා සුපුරුදු පරිදි ජනාධිපතිවරයා ධවල මන්දිරයේ “රෝස උයනේ” දී මාධ්‍ය අමතනවා. පසුව ඔහු අසල පිහිටි දේවස්ථානයකට ද ගිය බව වාර්තා වෙනවා. එම අවස්ථාවේ දීත් උද්ඝෝෂණ ක්‍රියාත්මක වන අතර ජාතික ආරක්ෂක බලමුළුව හා පොලීසිය විසින් කඳුළු ගෑස් හා රබර් උන්ඩ යොදා ගනිමින් උද්ඝෝෂකයන් පළවා හැරි බව CNN මාධ්‍ය ජාලය ප්‍රකාශ කරනවා.
පොලිස් පරීක්ෂණ 
ගිනි තැබීම් (dynaimage)
සිද්ධියට සම්බන්ධ නිලධාරීන්ව මේ වන විට විමර්ශනයකට බඳුන් කෙරෙන අතර, ඇමෙරිකානු ෆෙඩරල් රහස් ඔත්තු අංශය (FBI) ඉහත කී අපරාධය සම්බන්ධයෙන් වැඩි දුර පරීක්ෂණ පවත්වනවා. පොලිස් අත්පොතේ නීති රීති අනුව එක් දණහිසක් භාවිතා කරමින් හුස්ම හිර කිරීමකින් තොරව අපරාධකරුවෙක් මෙල්ල කිරීමේ බලය පොලිස් නිලධාරීන් සතු වෙනවා. අදාළ පොලිස් භටයන්ට මිනීමැරීමේ චෝදනා යටතේ නඩු පැවරීමට මේ සම්බන්ධව විධිමත් හා නිරවද්‍ය පරීක්ෂණ අවශ්‍ය කෙරෙන බව FBI රහස් ඔත්තු අංශය සඳහන් කරනවා.
ජෝර්ජ් ෆ්ලොයිඩ් කොරෝනා ආසාදිතයෙක්? 
මරණ පරීක්ෂණය අනුව ජෝර්ජ් ෆ්ලොයිඩ් මියගොස් ඇත්තේ පොලිස් අත්අඩංගුවේ සිටිය දී ඇති වී තිබෙන හදීසි හෘදයාබාධයකින්. ඊට අමතරව අප්‍රේල් තුන්වන දින ජෝර්ජ් ෆ්ලොයිඩ්ට කොරෝනා වෛරසය ආසාදනය වී තිබූ බව වෛද්‍ය පරීක්ෂණවල දී හෙළි වී තිබුණු බවත් ඔහුට රෝග ලක්ෂණ පෙන්නුම් නොකළ බවත් සඳහන් වෙනවා.  
නමුත් විරෝධතාකරුවන් සඳහන් කරන්නේ ඔහුට කොරෝනා වැළඳී තිබුණේ මාස දෙකකට ආසන්න කාලයකට පෙර බවත්, එය ඔහුගේ මරණයට අදාළ නොවන බවත්, රජය විසින් ඔහුගේ මිනීමැරුම වසන් කිරීමට හදන බවත්.",True,True,True,1,TRUE
asianmirror.lk,news website,2/2/2025 0:00,පුත්තලම වෙරළබඩ ප්‍රදේශයට භූමිකම්පා අනතුරු ඇඟවීමක් නිකුත් කර ඇති බව කාලගුණ විද්‍යා දෙපාර්තමේන්තුව සඳහන් කරයි. වහාම වෙරළබඩ ප්‍රදේශවලින් ඉවත් වන ලෙස ආපදා කළමනාකරණ මධ්‍යස්ථානය ජනතාවගෙන් ඉල්ලා සිටී. අවශ්‍ය නම් ආරක්ෂිත මධ්‍යස්ථානවලට ගමන් කරන ලෙසද දැනුම් දී ඇත.,False,False,False,0,FALSE
dinamina.lk,news website,3/4/2020 0:00,මාවනැල්ල ප්‍රදේශයේ ජනාවාසයකට කිඹුලෙක් පැමිණීමෙන් පුද්ගලයින් 2දෙනෙකුට තුවාල සිදුව රෝහල් ගත කර ඇති බව මාවනැල්ල පොලීසිය සඳහන් කළේය. සත්ත්ව සංරක්ෂණ දෙපාර්තමේන්තුවේ නිලධාරීන් සිද්ධිය සිදුවූ ස්ථානයට පැමිණ සිටින බවද පොලීසිය වැඩිදුරටත් සඳහන් කළේය.,False,False,False,0,FALSE
praja.lk,news website,9/5/2020 0:00,"ඉන්දීය වෙරළාරක්ෂක බලකායේ හා ශ්‍රී ලංකා නාවික හමුදාවේ ඒකාබද්ධ මෙහෙයුමකින් මේ වන විට ශ්‍රී ලංකාවට නැගෙනහිර මුහුදේ ගිනිගනිමින් තිබූ MT New Diamond තෙල් නැවේ ගින්න පාලනය කර එය නොගැඹුරු ශ්‍රී ලංකා වෙරළ දෙසට පාවී ඒම වළක්වා ඇති බව වාර්තා වේ. තෙල් කාන්දු වීම් මේ දක්වා වාර්තා වී නැත. ඒ අනුව, එය ALP Winger නම් ටග් යාත්‍රාවක් මගින් ඇදගෙන ගැඹුරු මුහුද දෙසට ඇදගෙන යමින් තිබේ. මෙම සටහන තබන මොහොතට පැය දෙකකට පමණ පෙර ඉන්දීය වෙරළාරක්ෂක බලකාය වාර්තා කර තිබුණේ නැව ශ්‍රී ලංකාවේ වෙරළෙන් නාවික සැතපුම් 35ක් දුරින් ඇති බවයි. ඉන්දීය වෙරළාරක්ෂක බලකාය වාර්තා කර තිබුණේ ගින්න අඩු වී ඇති බවයි. තවමත් ගිනි නිවීම් කටයුතු කරමින් තිබෙන අතර, තෙල් කාන්දුවක් සිදු වී නැත. මෙම මෙහෙයුම සඳහා ගිනිගන්නා නැවේ මාස්ටර්වරයා ද සහභාගි කරගෙන තිබේ. තෙල් කාන්දුවක් සිදු වුවහොත්, අවශ්‍ය ආරක්ෂණ ක්‍රියාමාර්ග ගැනීම සඳහා ඉන්දීය වෙරළාරක්ෂක බලකායේ Shaurya, Ameya, Abheek නෞකා හා Dornier යානා දෙකක් යොදවා තිබේ. එම ගුවන් මෙහෙයුම් ක්‍රියාත්මක වන්නේ මත්තල සිටයි. Ravana, සහ Visabha නම් ටග් යාත්‍රා දෙකක් ද ගිනි නිවීමේ මෙහෙයුමට යොදවා ඇති බව ඉන්දීය වෙරළාරක්ෂක බලකාය පවසයි. නැව අයිති සමාගමේ යාත්‍රාවක් සහ ශ්‍රී ලංකා නාවික හමුදාවේ නැව් දෙකක් ද මෙහෙයුමට සහභාගි වන බව ෂින්හුවානෙට් වාර්තා කර තිබිණි. ඉහළ ඡායාරූපයේ ඇත්තේ ඉන්දීය වෙරළාරක්ෂක බලකායේ නිලධාරීන් ගිනි ගන්නා නැව ටග් යාත්‍රාවට සම්බන්ධ කරන ආකාරයයි. MT New Diamond බොරතෙල් ප්‍රවාහන නෞකාවේ ගිනි ඇවිලුණු පසුපස වම් පැත්තේ ජල තලයට මීටර් 10ක් ඉහළින් මීටර් දෙකක පමණ පැල්මක් දකින්නට ලැබෙන බව ඉන්දීය වෙරළාරක්ෂක බලකාය පවසයි. (ඡායාරූප ඉන්දීය වෙරළාරක්ෂක බලකායෙන් හා ශ්‍රී ලංකා නාවික හමුදාවෙනි.)",True,True,True,1,TRUE
gosip-lankanews.com,news website,10/2/2020 0:00,බණ්ඩාරනායක අන්තර්ජාතික ගුවන්තොටුපොළේ දෙවන පර්යන්තයේ ඉදිකිරීම් 2023 අවසන් වීමට පෙර නිම කරන්නැයි ජනාධිපති ගෝඨාභය රාජපක්ෂ මහතා නිලධාරීන්ට උපදෙස් දී තිබේ. ගුවන්සේවා සහ අපනයන සංවර්ධන රාජ්‍ය අමාත්‍යාංශයේ ඉදිරි සැලසුම් පිළිබඳව පෙරේදා (30) පස්වරුවේ ජනාධිපති කාර්යාලයේ පැවැති සාකච්ඡාවකදී ජනාධිපතිවරයා මෙම අදහස් පළ කර ඇති බව ජනාධිපති මාධ්‍ය අංශය සඳහන් කළේය. 2023 වසරට ගැළපෙන අයුරින් සියලු තාක්ෂණික පහසුකම් සහිතව සුහුරු ගුවන් පර්යන්තයක් ( Smart Terminal) ලෙස එහි සංවර්ධන කළ යුතු බව ආර්ථික පුනර්ජීවනය පිළිබඳ ජනාධිපති කාර්ය සාධක බලකායේ ප්‍රධානී බැසිල් රාජපක්ෂ මහතා පවසයි. කොවිඩ් වසංගතයත් සමග අන්තර්ජාතික ගුවන් ගමන් අඩාලවීමෙන් ගුවන් තොටුපොළ සහ ගුවන් සේවාවන්ට බලපෑ අහිතකර තත්ත්වය හමුවේ ඉදිරියට ගතයුතු ක්‍රියාමාර්ග පිළිබඳවත් දීර්ඝ ලෙස සාකච්ඡා කෙරිණ. ගුවන් තොටුපොළ කාර්යයන් අඩපණව තිබීම ප්‍රයෝජනයට ගෙන දිවා රාත්‍රී වැඩකර ඉදිකිරීම් කඩිනමින් අවසන් කරන්නැයි ජනාධිපතිවරයා උපදෙස් දුන්නේය. දෙවන පර්යන්තයේ ඉදිකිරීම් අවසන් වීමත් සමග වසරකට ගුවන් මගීන් මිලියන 15කට අධික සංඛ්‍යාවකට සේවා සහ මෙහෙයුම් පහසුකම් සැපයේ. පිටවීමේ සහ පැමිණීමේ පර්යන්ත අංශ දෙකක් ලෙස ක්‍රියාත්මකවීම ද ඒ සමගම ඇරඹේ. ඊ-ගේට් පහසුකම් ඔස්සේ මගීන්ට කාර්යක්ෂම සේවාවක් සැලසීමට ද සැලසුම් කර තිබේ.,True,True,True,1,TRUE
divaina.lk,news website,7/3/2022 0:00,දූෂණ චෝදනා හේතුවෙන් පාර්ලිමේන්තුව විසුරුවා හැරීමට ජනාධිපතිවරයා තීරණය කර ඇත. ඉදිරි මාස 3ක් තුළ මැතිවරණයක් පැවැත්වීමට සූදානම් වන බවත් ජනාධිපතිවරයා අන්තර්වාර ආණ්ඩුවක් පත් කරන බවත් වාර්තා වේ.,False,False,False,0,FALSE
adaderana.lk,news website,11/4/2020 0:00,2019/2020 තක්සේරු වර්ෂය සඳහා ආදායම් වාර්තා ගොනු කිරීම සම්බන්ධයෙන් දේශීය ආදායම් කොමසාරිස් ජනරාල්වරයා විසින් නිවේදනයක් නිකුත්කර තිබේ. එම නිවේදනය පහතින්.. “2017 අංක 24 දරණ දේශීය ආදායම් පනතේ විධිවිධානවලට අනුව  සෑම තැනැත්තෙක්ම සෑම තක්සේරු වර්ෂයක්ම අවසාන වීමෙන් පසුව මාස අටකට නොවැඩි කාලයක් තුළ  එම තක්සේරු වර්ෂය සඳහා ආදායම් වාර්තාව ගොනු කළ යුතුය. ඒ අනුව  2019/2020 තක්සේරු වර්ෂය සඳහා ආදායම් වර්තාව ගොනු කළ යුතු අවසාන දිනය 2020 නොවැම්බර් මස 30 වන දින වේ. කෙසේ වෙතත්  කොවිඩ්-19 ව්‍යප්තිය හේතුවෙන් දැනට රට තුළ පවතින තත්ත්වය මත  බදු ගෙවන්නන් සහ අනුමත ගණකාධිකාරීවරුන්ට ඉහත දැක්වූ ව්‍යවස්ථාපිත විධිවිධානවල අනුකූලව ආදායම් වාර්තාව ගොනු කිරීම අපහසු වී ඇත. එම සාධාරණ හේතු ලෙස සැලකිල්ලට ගෙන  2019/2020 තක්සේරු වර්ෂය සඳහා ආදායම් වාර්තාව 2021 පෙබරාවාරි 28 වන දින හෝ එදිනට පෙර ගොනුකරනු ලබන්නේ නම්  දේශීය ආදායම් පනතේ විධිවිධාන අනුව නියමිත දිනට වාර්තා ගොනු කිරීමටට අපොහොසත් වීම මත දණ්ඩන පනවනු නොලබන බව බදු ගෙවන්නන් සහ අනුමත ගණකාධිකාරීවරුන් වෙත දන්වනු ලැබේ.“,True,True,True,1,TRUE
gossiplankanews.com,news website,4/18/2020 0:00,මහරගම වෙරළබඩ ප්‍රදේශයට මුහුදු ජල මට්ටම හදිසියේ ඉහළ යාමක් නිකුත් කර ඇති බව කාලගුණ විද්‍යා දෙපාර්තමේන්තුව සඳහන් කරයි. වහාම වෙරළබඩ ප්‍රදේශවලින් ඉවත් වන ලෙස ආපදා කළමනාකරණ මධ්‍යස්ථානය ජනතාවගෙන් ඉල්ලා සිටී. අවශ්‍ය නම් ආරක්ෂිත මධ්‍යස්ථානවලට ගමන් කරන ලෙසද දැනුම් දී ඇත.,False,False,False,0,FALSE
gosip-lankanews.com,news website,9/25/2020 0:00,"සංවිධානාත්මක අපරාධ කල්ලි සාමාජිකයෙකු වන පොඩි ලැසි නැමැත්තා අද (25) ගාල්ල ප්‍රධාන මහේස්ත්‍රාත් හර්ෂණ කැකුණවෙළ වෙත ඉදිරිපත් කිරිමෙන් පසු ඔක්තෝබර් මස 09 වැනි දින දක්වා රක්ෂිත බන්ධනාගාරගත කරණ ලෙස මහේස්ත්‍රාත්වරයා නියෝග කළා. ජනාධිපතිවරයාට, ආරක්ෂක ලේකම්වරයාට, බන්ධනාගාර සහ පාර්තමෙන්තුවේ උසස් නිලධාරින් කිහිප දෙනෙකුට ප්‍රසිද්ධියේ මරණ තර්ජන එල්ල කිරිම සම්බන්දයෙන් දෙවැනි චුදිතයා ලෙස නම් කොට සිටින අරුමා හන්දි ජනිත් මධුසංක හෙවත් පොඩි ලැසි නමැත්තා මෙසේ රක්ෂිත බන්ධනාගාරගත කිරීමට නියෝග කෙරුණා. මොහු විත්ති කුඩුවේ සිටියදී මොහුගේ දැස්වලින් කදුළු වැටෙනු දැකගත හැකිවූ බවයි වාර්තාකරු සඳහන් කළේ. බුස්ස බන්ධනාගාරයේ සිට සැකකරු දැඩි ආරක්ෂක රැකවල් මැද රැගෙන විත් තිබුණා. මෙකී නඩුවේ පළමු චුදිතයා ලෙස කොස්ගොඩ තාරක නැමැත්තා නම්කොට තිබෙනවා. මෙම නඩුව සම්බන්දයෙන් තවත් රැඳවියන්ගෙන් හා මාකදුරේ මදුෂ්ගෙන් මෙන්ම බන්ධනාගාර කොමසාරිස්වරයකුගෙන් ප්‍රකාශ ලබා ගැනීමට තිබෙන බවත් ඒ නිසා විමර්ශන කටයුතු අවසන් නොමැති නිසා මොහු තවදුරටත් බන්ධනාගාරගත කරන ලෙස නියෝජ්‍ය සොලිසිටර් ජනරාල් දිලිප පීරිස් ගාල්ල ප්‍රධාන මහේස්ත්‍රාත් හමුවේ කරුණු දක්වමින් ඉල්ලා සිටියා. තවදුරටත් නියෝජ්‍ය සොලිස්ටර් ජනරාල්වරයා අධිකරණය ඉදිරියේ කරණු දක්වමින් මෙසේ පවසා සිටියා. "" මෙකි නඩුවේ පළමු සැකකරු ලෙස නම්කොට සිටින කොස්ගොඩ තාරක හා දෙවැනි සැකකරු ලෙස නම්කොට සිටින පොඩි ලැසි නැමැත්තා ඒ අයුරින් තර්ජනය නොකළ බවට දුක්ගැනවිල්ලක් ඉදිරිපත් කළා. නමුත් මොවුන් 11 වැනි දින බන්ධනාගාරය තුල උපවාසයක් ආරම්භ කළා. දින 05ක් උපවාස කළා. මෙය අතිශය කණගාටුදායක තත්වයක්. නිති විරෝධි ක්‍රියාවක්. අධිකරණයට කළ අපහාසයක්. උපාවාස කිරීමට පෙර ආපනශාලවෙන් ආහාර රැස්කරගෙන තිබෙනවා. මෙහි පළමු සැකකරු වන කොස්ගොඩ තාරක රැදවුම නියෝග ලබාගෙන අපරාධ පරික්ෂණ දෙපාර්තමෙන්තුව යටතේ ඉන්නවා. කොස්ගොඩ තාරකගේ ප්‍රකාශය සම්බන්ධයෙන් ද වි‍ශේෂ පරික්ෂයක් පවත්වනවා."" යනුවෙනි. මෙහිදි ගාල්ල ප්‍රධාන මහේස්ත්‍රාත් හර්ෂණ කැකුණවෙල තමන්ට මේ සම්බන්ධ යමක් කීමට ඇද්දැයි විමසා සිටි අතර එහිදි පොඩිලැසි නැමැත්තා ප්‍රකාශකොට සිටියේ තමන් එවැනි තර්ජනයක් නොකල බවයි.",True,True,True,1,TRUE
ravaya.lk,,10/9/2020 0:00,රාවය පුවත්පතේ ආකෘතියට සමානව සකස් කළ ව්‍යාජ ආකෘතියක් යටතේ යම් පාර්ශවයක් විසින් මෙවැනි පෝස්ට් සකස් කර සමාජ මාධ්‍ය ජාල හරහා හුවමාරු කරනු දක්නට ලැබේ. මෙවැනි පුවතක් මෙම මාධ්‍යවේදිනිය විසින් වාර්තා කර හෝ රාවය පුවත්පතේ පළ කර හෝ නැත.,False,False,False,0,FALSE
divaina.lk,news website,10/30/2020 0:00,රෝහල් හි ප්‍රථිකාර ලබමින් සහ නිරෝධායන මධ්‍යස්ථාන වල නිරෝධායනය වෙමින් සිටි තවත් කොවිඞ් ආසාදිතයින් 140ක් අද (30දා) සුවය ලබා පිටව යති.මේ අනුව සුවය ලැබූ මුලු ගණන 4282කි.,False,True,False,0,FALSE
roar.media,news website,6/15/2019 0:00,"ජූනි 13 වන දා ඕමාන බොක්ක ආසන්නයේ දී තෙල් නැව් දෙකකට එල්ල වූ ප්‍රහාර හේතුවෙන් මැද පෙරදිග ප්‍රදේශයේ යුධ උණුසුම යළිත් උත්සන්න වුණා. කාලයක පටන් ඉරානය එක් පසකිනුත්, ඇමරිකාව, සහ සෞදි ආරබිය ආදී රටවල් අනෙක් පසිනුත් සිටිමින් එකිනෙකාට චෝදනා කරගැනීමේ පසුබිමක මැදපෙරදිග ප්‍රදේශය අස්ථාවර වී තිබෙනවා. විශේෂයෙන්ම ලෝක බොර තෙල් නිෂ්පාදනයෙන් විශාල කොටසක් මෙම ප්‍රදේශයෙන් නිපදවෙන බැවින් මෙම තත්ත්වය ලෝක ආර්ථිකයට විශාල ප්‍රශ්නයක් ඇති කරනු ඇතැයි බියක් මතුව තිබෙනවා.
මෙම ප්‍රහාරයන් එල්ල වූයේ තෙල් නැව් හතරකට එක්සත් අරාබි එමීර් රාජ්‍යයේ ෆුජයිරා වරායට එපිට මුහුදේ දී එල්ල වූ බව කියන ප්‍රහාරයකින් මාසයක් ගතවූ පසුව යි. මැයි 12 වන දා ෆුජයිරා වරායට එපිට දී එල්ල වූ එම ප්‍රහාරයෙන් සෞදි තෙල් නැව් දෙකක් ද, නෝර්වීජියානු සහ එක්සත් අරාබි එමීර් නැව් එක බැගින් ද හානියට පත් වුණා. එක්සත් අරාබි එමීර් රාජ්‍යය ද සෞදි - ඉරාන ගැටුමේ දී සෞදි පාර්ශවයේ ප්‍රබල පාර්ශවකරුවෙක්.
ඉරානයට වරද පැටවීම
මැයි 12 ප්‍රහාරයෙන් පසුව ඇමරිකාව ඉරානය වෙත වරද පැටවීමට උත්සුක වූ අතර ඉරානය එම චෝදනා ප්‍රතික්ෂේප කළා. ඉරානය සඳහන් කළේ ඇමරිකාව, තම රට සමග ආරවුලක් ඇති කරගැනීමට හේතුවක් සොයමින්, හේතු නිර්මාණය කරමින් සිටින බවයි. මෙම ප්‍රහාර පිළිබඳ පරීක්ෂණ වාර්තාව මඟින් ""රාජ්‍ය පාර්ශවයක්"" මීට සම්බන්ධ යයි පැවසුනත්, ඉරානය පිළිබඳ ඍජුව සඳහන් වන්නේ නැහැ.
මැයි 12 ප්‍රහාරය සහ ජූනි 13 ප්‍රහාරය හේතුවෙන් හෝර්මුස් සමුද්‍ර සන්ධිය ඔස්සේ ගමන් කරන තෙල් නැව්වලට ඇති තර්ජනය ඉහළ ගොස් තිබෙන බවක් පෙන්නුම් කෙරෙනවා. මෙය ලෝක තෙල් මිල කෙරෙහි එතරම් යහපත් බලපෑමක් නොවන ඇති.
තෙල් නැව් ප්‍රහාරයට ලක් වූ ස්ථාන (Al Jazeera)
මෙවරද, පසුගිය අවස්ථාවේ මෙන්ම ඇමරිකාව විසින් ඉරානය වෙත මෙම ප්‍රහාර පිළිබඳ චෝදනා එල්ල කරනවා. නමුත් කලින් අවස්ථාවේ මෙන් නොව මෙවර ඔවුන් ඉරාන විප්ලවීය ආරක්ෂක බලකා සමාජිකයන් ඊට සම්බන්ධ බවට පෙන්වන බව කියන වීඩියෝවක් ද සාක්ෂ්‍ය ලෙස ඉදිරිපත් කරනවා.
ජූනි 13 වන දා ප්‍රහාරයට ලක් වූ නෞකා දෙක වන්නේ Front Altair සහ Kokuka Courageous යන නෞකා ය. Front Altair නෞකාව තයිවානය බලා ගමන් කරමින් සිටි අතර Kokuka Courageous නෞකාව සිංගප්පූරුව බලා ගමන් කරමින් සිටියා.
ඇමරිකාව පවසා සිටින්නේ ඔවුන් විසින් ලබාගත් වීඩියෝවක ඉරාන විප්ලවවාදී හමුදාවේ සෙබල පිරිසක් Kokuta Courageous නෞකාව වෙත පැමිණ පිපිරීමට ලක් නොවූ බෝම්බයක් ඉවත් කරන ආකාරය දැකිය හැකි බව යි.
රාජ්‍ය ලේකම් මයික් පොම්පෙයෝ ඉරානයට චෝදනා කළා (AP)
නමුත් ඉරානය මෙම චෝදනා ප්‍රතික්ෂේප කරනවා. ඇමරිකාව සහ එහි මිත්‍රයින් ඉරානයට එරෙහිව කඩාකප්පල්කාරී රජ්‍යතාන්ත්‍රික කඩාකප්පල්කාරී ක්‍රියා සිදු කරන බව ඉරාන විදේශ අමාත්‍ය ජවෙඩ් සරීෆ් කියා සිටිනවා.
මෙම කලබලය අතරවාරයේ ඇමරිකාව විසින් තෙල් නැව්වලට ප්‍රහාර එල්ල වූ ප්‍රදේශය වෙත ඩිස්ට්‍රෝයර් වර්ගයේ යුධ නැවක් යවා තිබෙනවා. එරට දිගින් දිගටම කියා සිටින්නේ කරන්නේ තමන්ට යුද්ධයක් ඇති කිරීමේ අවශ්‍යතාවයක් නොමැති බව යි. කෙසේ නමුත් ඉරානය අවට රටවල් ගණනක ඇමරිකන් කඳවුරුවල ඇමරිකන් භටයින් 40,000කට වැඩි පිරිසක් රඳවා තිබෙනවා.
කියවන්න: ඉරානය වටලන ඇමරිකන් කඳවුරු
යේමන සහ සිරියානු යුද්ධ
කලාපයේ පවතින එදිරිවාදිකම්වල දිගුවක් ලෙස යේමන සහ සිරියානු යුද්ධ ද දැකිය හැකියි. විශේෂයෙන්ම යේමන සිවිල් යුද්ධයේ දී ඉරානයේ සහය ලබන හූති කැරලිකරුවන් සෞදි අරාබිය ප්‍රමුඛ සන්ධානයක් හා සටන් වදිනවා. ඔවුන් නිරන්තරයෙන් සෞදි ඉලක්ක වෙත පහර දෙනවා. ඒ සඳහා ඔවුන් ඩ්‍රෝන මෙන්ම මිසයිල ද යොදාගන්නා අතර සෞදි අරාබිය පවසන්නේ එම මිසයිල ඉරානය විසින් සපයනු ලබන බව යි.
හූති කැරලිකරුවන් විසින් එල්ල කෙරෙන සියළු ප්‍රහාර පිළිබඳ සෞදියෙන් හෝ එක්සත් අරාබි එමීරයෙන් පිටතට වාර්තා නොවන බවත් පැවසෙනවා. කෙසේ නමුත් වඩා ප්‍රබල ප්‍රහාර පිළිබඳ ඔවුනට සැඟවීම අපහසු යි. අනෙක් අතට හූති කැරලිකරුවන් තම මාධ්‍ය ඔස්සේ එම සිද්ධීන් පිළිබඳ නිරන්තරයෙන් ප්‍රචාරය කරනවා. මෑතක දී එවන් ප්‍රහාරයකින් නිරිතදිග සෞදි අරාබියේ ගුවන් තොටුපලක 26 දෙනෙකු තුවාල ලැබුවා.
සෞදි අරාබියේ අබ්හා ගුවන් තොටුපල වෙත එල්ල කළ බව කියන මිසයිල දියත් කෙරෙන අවස්ථාව (Al-Masirah TV)
2015 සිට සෞදි අරාබිය, එක්සත් අරාබි එමීර් ආදී රටවල සන්ධානයේ ප්‍රහාරවලට හූති කැරලිකරුවන් දරුණු ලෙස ප්‍රති ප්‍රහාර එල්ල කරනවා. මෙම යුද්ධයේ දී තම සන්ධානයේ අසාර්ථකත්වය සෞදි අරාබියට මෙන්ම එරට කිරුල හිමි කුමරු වන මොහොමඩ් බින් සල්මාන්ට සිදු වූ පෞද්ගලික පරාජයක් වනවා.
මේ අතර සිරියාවේදී ඉරානය සහ එහි මිතුරන් ඉලක්ක කරගනු ලබන්නේ ඊශ්‍රායලය විසින්. ඉරානයේ 2011 සිට පවතින සිවිල් යුද්ධයේ දී ඉරානය සහය පළ කරන්නේ සිරියානු ජනාධිපති බෂාර් අල් අසාද් වෙත යි. ඉරානයේ සහය ලබන හිස්බුල්ලා සංවිධානය ද අසාද් වෙත සහය දෙනවා. අසාද්, ඉරානය, සහ හිස්බුල්ලා සංවිධානය යන තුනම ඊශ්‍රායලය විසින් සලකනු ලබන්නේ සතුරන් ලෙස යි. විශේෂයෙන්ම ඉරාන හමුදා සිරියාවේ රැඳී සිටීම පිළිබඳ ඊශ්‍රායලය සිය අප්‍රසාදය පළ කර සිටිනවා.
ඊශ්‍රායලය වසර කිහිපයක සිටම ඉඳ හිට සිරියාවේ ඉලක්ක වෙත ගුවන් හා මිසයිල ප්‍රහාර එල්ල කරනවා. ඉරාන සහ හිස්බුල්ලා ඉලක්කවලට තමන් පහර දෙන බව ඊශ්‍රායලය කියා සිටිනවා. මුලින් ඉඳ හිට මෙවන් ප්‍රහාර එල්ල වුව ද වර්තමානය වනවිට එම ප්‍රහාර නිරන්තරයෙන් එල්ල වන තත්ත්වයක් පෙන්නුම් කරනවා. මෙය ද ඉරානය සමග ආරවුලක් පටලා ගැනීමේ උත්සාහයක් වේයැ යි සැක මතු වනවා.
රුසියාව සහ මැදපෙරදිග
මෙම සියළු කරණා මැද රුසියාවේ ක්‍රියාකාරීත්වය පිළිබඳ විමසිලිමත් විය යුතු වනවා. රුසියානු රාජ්‍ය මාධ්‍ය ඉරානය වෙත සිය සහය පළ කරමින් සිටින බව පෙන්නුම් කෙරෙනවා. ඇමරිකාව සමග ඔවුන් දක්වන සම්බන්ධය කෙසේ වෙතත්, සෞදි අරාබිය සහ ඊශ්‍රායලය සමග රුසියාව සාමාන්‍යයෙන් හොඳ මිත්‍රත්වයක් පවත්වාගෙන යනවා. ඇත්තෙන්ම මැදපෙරදිග කලාපයේ සියළුම රටවල් සමග රුසියාව යහපත් සබඳතාවක් පවත්වනවා.
එක් අතකින් ලෝක තෙල් මිල ඉහළ යාම රුසියාවට වාසිදායක යි. එහෙයින් පර්සියානු බොක්ක කලාපයේ අවුල් සහගත තත්ත්වයක් ඇති වීම පිළිබඳ රුසියාව සම්පූර්ණයෙන්ම අකමැත්තක් නොදක්වනු ඇති. එහෙත් කලාපය යුද්ධයක් කරා ගමන් කිරීම පිළිබඳ ඔවුන් සතුටු වේයැ යි සිතන්න අපහසු යි.
කෙසේ වුණත් ඉරානය සමග ඍජුව යුද්ධයක් ඇති කරගැනීමට ද ඇමරිකාව එතරම් කැමැත්තක් නොදක්වනු ඇති. හේතුව නම් ඉරානය සැලකිය යුතු බලවත් රාජ්‍යයක් වීම යි. ඉරානය යුධමය වශයෙන් පරාජය කිරීමට විශාල ප්‍රයත්නයක් දැරීමට සිදුවනු ඇති. එහිදී සිදුවන ජීවිත හානිය, ආර්ථික බලපෑම යනාදී සියළු කරුණු සැලකීමේ දී ඍජු යුද්ධයක් කරා යාම වාසිදායක නොවන බව බොහෝ දෙනාට පෙනී යන කරුණක් වනවා.",True,True,True,1,TRUE
gosip-lankanews.com,news website,10/11/2020 0:00,"බණ්ඩාරවෙල ප්‍රදේශයේ ඊයේ (10) දින සිදු වූ අනතුරකින් පුද්ගලයෙක් ලොරි රථයක් තුළ සිර වී සිටියදී, තරුණයන් පිරිසක් විසින් මහත් පරිශ්‍රමයක් යොදා එම තරුණයා බේරා ගෙන තිබෙනවා.එහි වීඩියෝ දර්ශන පහතින්,",True,True,True,1,TRUE
deshaya.lk,,5/9/2020 0:00,ඉදිරි මහ මැතිවරණය ජූලි මස දෙවැනි සතියේ පමණ පැවැත්වීමට ඉඩ ඇතැයි මැතිවරණ කොමිසමේ ආරංචි මාර්ග සඳහන් කරයි. ඊට පෙර නැවත වරක් කොමිසම විසින් වෛද්‍ය නිර්දේශ ලබා ගැනීමට නියමිත බවද වාර්තා වෙයි. කෙසේ වෙතත් දැනට දින නියමකර ඇති පරිදි ජූනි 20 දින මහමැතිවරණය නොපැවැත්වෙනු ඇතැයි කියැවේ.පාර්ලිමේන්තුව විසුරුවාහැරීමේ ගැසට්ටුව අවලංගු කරන ලෙසත් පැරණි පාර්ලිමේන්තුව නැවත කැඳවන ලෙසත් ඉල්ලා දැනටමත් අධිකරණයට පෙත්සම් ගණනාවක් ඉදිරිපත් කර තිබේ.මෙම පෙත්සම් තිබියදී මහ මැතිවරණය පැවැත්වීමේ හැකියාවක් ඇත්දැයි දේශය පුවත්පත් මැතිවරණ කොමිසමේ සභාපති මහින්ද දේශප්‍රිය මහතාගෙන් කළ විමසුමකට පිළිතුරු දුන් සභාපතිවරයා සඳහන් කළේ මැතිවරණ ක්‍රියාවලිය අත්හිටුවන ලෙස නියෝග කරමින් ශ්‍රේෂ්ඨාධිකරණය තහනම් නියෝගයක් නිකුත් නොකළොත් එම කටයුතු දිගටම අඛණ්ඩව සිදුකරන බවය.,False,False,False,0,FALSE
viber,social media,3/10/2023 0:00,WhatsApp යෙදුම මෙරට තුළ තාවකාලිකව අත්හිටුවීමට රජය තීරණය කර ඇති බව විදුරුම්පුවර නියාමන කොමිසමේ ආරංචි මාර්ග පවසයි. ජාතික ආරක්ෂාව සම්බන්ධයෙන් මතුව ඇති ගැටලුවක් හේතුවෙන් මෙම තීරණය ගෙන ඇති බව සඳහන් වේ.,False,False,False,0,FALSE
deshaya.lk,,7/4/2020 0:00,එම ප්‍රකාශකයා තවදුරටත් කියා සිටියේ සෞඛ්‍යාරක්ෂිතව ඡන්ද මධ්‍යස්ථාන සකස් කිරීම වෙනුවෙන් ග්‍රාම නිලධාරීන් දැනුවත් කිරීමේ වැඩසටහනක්ද ඉදිරියේදී ක්‍රියාත්මක කිරීමට නියමිත බවයි. මෙවර පාර්ලිමේන්තු මැතිවරණයේදී වෙනත් මැතිවරණවල අනුගමනය නොකළ ක්‍රියා මාර්ග රැසක් ක්‍රියාත්මක කරන බවත් කොවිඩ් 19 නීතිරීතිවලට අදාළව මැතිවරණය පැවැත්වීමට සියල්ල සූදානම් කර ඇති බවත් එම ප්‍රකාශකයා වැඩිදුරටත් සඳහන් කළේය.,False,False,False,0,FALSE
whatsapp,social media,10/21/2021 0:00,ඉන්ධන මිල ඉහළ යාම හේතුවෙන් බස් ගාස්තු 21%කින් ඉහළ දැමීමට ජාතික ගමනාගමන කොමිසම අනුමැතිය ලබා දී ඇති බව පෞද්ගලික බස් හිමියන්ගේ සංගමයේ ප්‍රධානියා සඳහන් කළේය.,False,False,False,0,FALSE
asianmirror.lk,news website,11/2/2020 0:00,"නිරෝධායන ඇඳිරිනීතිය පැනවීම හේතුවෙන් ජිවනෝපාය අහිමි වූ ගම්පහ දිස්ත්‍රික්කයේ පවුල් සඳහා රුපියල් 5000 දිමනාව ලබාදීමේ දෙවන අදියර ලබන 03 වනදා සිට ලබාදීමට නියමිතව තිබේ.  එම දිමනාව සතියක කාලයක් තුළ ලබාදී අවසන් කරන ලෙස ප්‍රසන්න රණතුංග අමාත්‍යවරයා විසින් ප්‍රාදේශීය ලේකම්වරුන් වෙත උපදෙස් ලබාදී ඇති බව සංචාරක අමාත්‍යාංශය නිවේදනය කළේය.  දෙවන අදියර යටතේ ගම්පහ දිස්ත්‍රික්කයේ පවුල් 464,254 දෙනෙකු රුපියල් 5000 දිමනාව ලබාගැනිමට සුදුසුකම් ලබා තිබේ.  මේ අතර පළමු අදියර යටතේ නිරෝධායන ඇඳිරිනීතිය ක්‍රියාත්මක වූ ගම්පහ දිස්ත්‍රික්කයේ පොලිස් බලප්‍රදේශ 03ක පවුල් 80,000 ක් සඳහා මේ වන විටත් රුපියල් 5000 දිමනාව ලබාදී ඇති බව සංචාරක අමාත්‍යාංශය වැඩිදුරටත් සඳහන් කළේය.",True,False,True,1,TRUE
praja.lk,news website,9/3/2019 0:00,"අජිත් පැරකුම් ජයසිංහ අභාවප්‍රාප්ත මහාචාර්ය කාලෝ ෆොන්සේකා පිළිබඳ බොහෝ ගුණ වැයුම් අසන්නට ලැබේ. ඔහු විශිෂ්ට මානව හිතවාදියකු, ගුරුවරයකු, සන්නිවේදකයකු, කලාකරුවකු, රසිකයකු, චින්තකයකු බවට විවාදයක් නැත. ලිපිය දැන්වීමෙන් පසු දිගටම ඒ සියල්ලට අමතරව ඔහු වාමාංශික ව්‍යාපාරයේ සමසමාජ පක්ෂයේ නායකයෙකි. ප්‍රගතිශීලී යයි වාමාංශිකයන් විසින් පටු ලෙස දකින මතවාද දැරූවෙකි. ඒවා වෙනුවෙන් පෙනී සිටියෙකි. අරගල කළ අයෙකි. මිථ්‍යාවට එරෙහිව විද්‍යාව වෙනුවෙන් ඔහු කළ අරගල අදත් ගෞරවයට පාත්‍ර වේ. 1989 කැරැල්ල සමයේ ඔහුට ස්වයං පිටුවහලේ සිටින්නට සිදු වූයේ ජාතීන්ගේ ප්‍රශ්නය පිළිබඳ ඔහු දැරූ මතවාද හේතුවෙන් ඊනියා දේශප්‍රේමීන් වෙතින් එල්ල වූ තර්ජන නිසා ය. ඒ වකවානුවේ ඔහු සිය ඥාතියකු ද වූ විජය කුමාරතුංගයන්ගේ නායකත්වයෙන් යුතුව අභියෝගාත්මක ප්‍රගතිශීලී දේශපාලනයක නියැලී සිටි බව එවකට ඔහුට එරෙහි අනෙක් පැත්තේ සිටි අයෙකු ලෙස ස්වයං විවේචනාත්මකව සහ ගෞරව බහුමානයෙන් යුතුව සටහන් කරමි. ජීවිතයේ පසුභාගයේදී ඔහු සිය දේශපාලන නායකයා ලෙස සැලකුවේ මහින්ද රාජපක්ෂ ය. මහින්ද රාජපක්ෂ විසින් නායකත්වය දෙන ලද ජාතිවාදී යුද්ධය, ජන ඝාතන, මාධ්‍ය මර්දනය, දූෂණ, ප්‍රජාතන්ත්‍ර විරෝධී ප්‍රතිසංස්කරණ ආදී සියල්ල ඔහු ආරක්ෂා කළේ ය. ඔහුට මහින්ද රාජපක්ෂ රජය යටතේ යම් යම් තනතුරු ලැබිණි. ඒවා ඔහුගේ වෘත්තීය වටිනාකමට වඩා අඩු තනතුරු ය. වාමාංශික පතාක යෝධයකු මහින්ද රාජපක්ෂ ළඟ දන නැමූයේ ඇයි? කාලෝ ෆොන්සේකා සම්බන්ධයෙන් අප කතාකරන්නට කැමති ඒ ගැනයි. මේ දිනවල ඇතැම් වාමාංශික කොටස් වාමාංශික ජනප්‍රියවාදයක් ගැන මතයක් ඉදිරිපත් කරයි. ජනතා විමුක්ති පෙරමුණ නායකත්වය දෙන ජාතික ජන බලවේගය මධ්‍යම පන්තිය අතර ජනප්‍රිය පදනම් ගොඩනගාගනිමින් සිටින බව පෙනේ. 2004 මහ මැතිවරණය වන විට ජවිපෙ සිටියේ ජනප්‍රියත්වයේ උපරිම තලයකයි. ශ්‍රී ලංකා නිදහස් පක්ෂය සමග සන්ධානගත වූ එය පාර්ලිමේන්තු ආසන 40ක් දිනාගැනීමට සමත් විය. 2005 වසරේ මහින්ද රාජපක්ෂ ලැබූ ජනාධිපතිවරණ ජයට ඉවහල් වූයේ ජවිපෙ විසින් දරණ ලද බර හා කොටි සංවිධානය විසින් දියත් කරන ලද ඡන්ද වර්ජනයයි. පසුව ජවිපෙ දෙමළ අරගළයට එරෙහි යුද්ධයට සහාය දැක්වී ය. ඒ වනාහි වාමාංශික ජනප්‍රියවාදයේ අත්දැකීමකි. ජවිපෙ ජනප්‍රිය සමයේ ජවිපෙට ළං වී තනතුරු, වරප්‍රසාද, බලය ගොඩනගාගත් පිරිස් බොහොමයක් මේ වන විට ගෝඨාභය රාජපක්ෂට ළංවීමේ මාර්ග සොයමින් සිටිනු දක්නට ලැබේ. ජනප්‍රියවාදයන්ගේ හැටි එහෙම ය. වාම ජනප්‍රියවාදය කියන එක ගැන රටේ හොඳම උදාහරණය ලංකා සමසමාජ පක්ෂයයි. සමසමාජ පක්ෂය හැමදාමත් ජනප්‍රිය රැළි සමග එකතු වූයේ ය. 1956දී කුළුගැන්වුණ ජනප්‍රිය ජාතිවාදී රැල්ල ගැන තෘෂ්ණාවෙන් සමසමාජ පක්ෂය 1964දී ශ්‍රීලනිපය සමග සන්ධානගත විය. 1970දී බලයට පත් ශ්‍රීලනිප, සමසමාජ, කොමියුනිස්ට් පක්ෂ සමගි පෙරමුණු සන්ධානයේ වාම ජනප්‍රියතාව අවසන් වූයේ අද වන විට සමසමාජ පක්ෂයට පාර්ලිමේන්තුවේ එක ද අසුනක් හෝ නැති අනාගතයක් නිර්මාණය කර දෙමිනි. එතනින් නොනැවතී සමසමාජ නායකයකු වූ කොල්වින් ආර්. ද සිල්වාගේ මූලිකත්වයෙන් සම්පාදනය කරන ලද ව්‍යවස්ථාවෙන් බුද්ධාගම රාජ්‍ය ආගම බවට පත් කිරීම වාම ජනප්‍රියවාදයේ තවත් ඓතිහාසික ප්‍රතිගාමිත්වයකි. මහාචාර්ය කාලෝ ෆොන්සේකා නම් දේශපාලකයා නියෝජනය කරන්නේ මෙකී ඊනියා වාම ජනප්‍රියවාදයයි. වාම ජනප්‍රියවාදයට සිදු විය හැකි දේ ගැන ඔහු ජනප්‍රිය සංකේතයකි. සමසමාජ වාම ජනප්‍රියවාදය අවසන් වන්නේ මුග්ධත්වය ම මත පදනම් වූ, මුග්ධත්වය ම ප්‍රවර්ධනය කරන රාජපක්ෂවාදය පාමුල දැපනෙ වැටීමෙනි. වම ද දකුණ ද යන්න පවා අද වන විට තේරුමක් නැති බෙදීමක් බවට පත් වී තිබේ. ලංකාවේ බොහෝ වාමාංශික පක්ෂවලට වඩා වාම ලක්ෂණ මේ වන විට එක්සත් ජාතික පක්ෂ නායකත්වයේ තිබේ. ප්‍රගතිශීලීන් විසින් කළ යුතුව තිබෙන්නේ ජනප්‍රිය ද නැද්ද යන්න නොතකා දේශපාලනික වශයෙන් ඉදිරිගාමී ස්ථාවර වෙනුවෙන් අරගළ කිරීමයි. ජනප්‍රිය වෙනවා ද නැද්ද යන්න ද්විතීයක කාරණයකි. කාලෝ ෆොන්සේකා වැනි වාමාංශිකයන් බිහි නොවීමට එය ඉවහල් වනු ඇත. මහාචාර්ය කාලෝ ෆොන්සේකාගේ ජීවිතයේ අවසාන සමයේදී ඔහු ජනප්‍රිය වාම අරගළයක වැදගත් ප්‍රකාශකයකු හා සංකේතයක් විය. වාම ජනප්‍රියවාදීන් විසින් සයිටම් අරගලය ලෙස නම් කරන ලද, දොස්තර මධ්‍යම පන්තියේ ඉතා පටු උවමනාවන් විසින් හසුරුවන ලද මෙම සටන ඇත්ත වශයෙන් ම අධ්‍යාපනයේ නිදහසට එරෙහි ප්‍රතිගාමී අරගළයක් විය. මේ පිළිබඳ අප මින් පෙර බොහෝ කරුණු ලියා තිබේ. සරලව කියනවා නම්, අධ්‍යාපනය යනු රජය විසින් පමණක් කළ යුතු කාර්යයක් නොවේ. එසේම, රාජ්‍ය අධ්‍යාපනයේ සීමාසහිතකම් ද තිබේ. ලංකාවේ නම් රාජ්‍ය අධ්‍යාපනය හොඳම රාජ්‍ය පාසල් ටික තම දරුවන් වෙනුවෙන් අත්පත් කරගන්නා මධ්‍යම පන්තියේ වරප්‍රසාදයකි. රාජ්‍ය අධ්‍යාපනයේ තිබෙන මෙම විෂමතාව දුරලීම සඳහා ඒ වෙනුවෙන් මහජන ආයෝජන සිදු කළ යුතු ය. රාජ්‍ය අධ්‍යාපනය තව තවත් සංවර්ධනය කළ යුතු ය. සියලු රජයන් එසේ කරමින් සිටිති. එහෙත්, හොඳ රාජ්‍ය පාසල් අහිමි වීම නිසා රාජ්‍ය අධ්‍යාපනයෙන් බැහැර කරනු ලබන ඊනියා ජාත්‍යන්තර පෞද්ගලික පාසල්වල අධ්‍යාපනය ලබන්නේ ද මේ රටේ ම දරුවන් පිරිසකි. රාජ්‍ය උසස් අධ්‍යාපනයේ දොරටු ඔවුන්ට වැසී ඇත. අධ්‍යාපනය ස්වාධීන වීම වඩා ප්‍රශස්ථ තත්වයක් මුත්, අධ්‍යාපනයේදී පෞද්ගලික ආයෝජන සිදුවීම නරක තත්වයක් නොවේ. ආයෝජකයන්, සමාගම්, ලාභය, වෙළඳපොළ ආදිය වාමාංශිකයන්ට භයානක කුණුහරුප වුවත්, ඒවා සරල සමාජ යථාර්ථයන් ය. ඒ හැම එකක් ම මිනිස් සමාජ පරිණාමයේ ජයග්‍රහණ මිස කුමන්ත්‍රණ නොවේ. ලංකාවේ රාජ්‍ය අධ්‍යාපනය මේ වන විට කරමින් සිටින්නේ ඉතා ප්‍රතිගාමී, ජාතිවාදී, ආගම්වාදී, මොළ සේදීමේ කාර්යයකි. එහෙත්, ඊනියා වාමාංශිකයන්ට එය පෙනෙන්නේ නැත. සමාජවාදී රාජ්‍යයකින් කළ යුතුව තිබෙන්නේ අධ්‍යාපනය රජයෙන් ස්වාධීන කිරීමයි. රජය අධ්‍යාපන සම්පාදකයකුගේ සිට නියාමනය කරන්නකු දක්වා වෙනස් විය යුතු ය. එසේම, සමානාත්මතාව ඇති කිරීම සඳහා අවශ්‍ය ඌන පූරණ කටයුතු රජයක් විසින් අනිවාර්යයෙන් ම කළ යුතු ය. අධ්‍යාපනය වෙනුවෙන් තමන් දැරිය යුතු වියදම මහජනතාව දැරිය යුතු ය. එසේ දරන්නට නොහැකි අයට රජය විසින් උපකාර කළ යුතු ය. එසේ නොමැතිව, සියලු මහජනතාවගෙන් බදු මුදල් සූරා කා මධ්‍යම පන්තියට නොමිළේ අධ්‍යාපන වරප්‍රසාද ලබා දෙන වත්මන් ක්‍රමය සමාජවාදී ක්‍රමයක් නොවේ. කාලෝ ෆොන්සේකා ප්‍රමුඛ වාම ජනප්‍රියවාදීන් විසින් ඊනියා නිදහස් අධ්‍යාපනයට මුවා වෙමින් සිදුකරන ලද සයිටම් අරගලය හෙවත් අධ්‍යාපනයේ නිදහසට එරෙහි ප්‍රතිගාමී අරගලය වනාහි මධ්‍යම පන්තියේ ජයග්‍රහණයෙන් නිමා වූ සමාජ අරගළයේ පරාජයකි. තම අවමංගල්‍යය සම්බන්ධයෙන් පවා ක්‍රම විරෝධී භෞතිකවාදියකු ලෙස අන්තිම කැමැත්ත ලියා තැබූ මේ වියත්, මානව හිතවාදියා දේශපාලනයේදී තඹ දොයිතුවක් නොවටිනා චරිතයක් බවට පත් වූයේ ඇයි?",True,True,True,1,TRUE
roar.media,news website,4/30/2019 0:00,"විකිලික්ස් සම නිර්මාතෘ ජුලියන් අසාන්ජ්ව අත්අඩංගුවට ගැනීම සම්බන්ධයෙන් වූ සිදුවීම පසුගිය දිනෙක මුළු ලෝකය පුරා ප්‍රසිද්ධ වූ පුවතක් ලෙස දිග හැරුණා. ජූලියන් අසාන්ජ් වසර හතක් පමණ ලන්ඩනයේ පිහිටි ඉක්වදෝර් තානාපති කාර්යයාලයේ දේශපාලන රැකවරණය ලබමින් පසු වූ අතර ඉක්වදෝර් රජයේ ආරාධනාවක් මත බ්‍රිතාන්‍ය පොලිස් නිලධාරීන් තානාපති කාර්යයාලය තුළටම ගොස් ජූලියන් අසාන්ජ්ව අත්අඩංගුවට ගත් බව සඳහන්  වෙනවා.
ඔහු තවත් මිතුරන් කිහිපදෙනක් සමග එකතුව විකිලික්ස් නම් වෙබ් අඩවිය නිර්මාණය කර, ඒ ඔස්සේ ඇමෙරිකා එක්සත් ජනපදයේ දේශපාලනික හා යුධ රහස් ලේඛණයන් හෙළි කිරීම හේතුවෙන් ඇමෙරිකා එක්සත් ජනපදය විසින් අත්අඩංගුවට ගැනීමට නියමිතව සිටි පුද්ගලයෙක් ලෙස හැඳින්විය හැකියි.
වරෙක බ්‍රිතාන්‍යයේ අත්අඩංගුවට පත්වෙන ඔහු පසුව ඇප කොන්දේසි කඩ කරමින් අධිකරණයේ පෙනී නොසිටිමින් වසර හතක කාලයක් ලන්ඩනයේ ඉක්වදෝර් තානාපති කාර්යයාලයේ රැදී සිටිනවා.
මේ පිළිබඳව කරුණු අඩංගු ලිපියක් පසුගිය දිනෙක ඔබ වෙත ගෙන ආ අතර මේ ලිපියෙන් බලාපොරොත්තු වෙන්නේ ජූලියන් අසාන්ජ්ව අත්අඩංගුවට ගැනීම හා ඉන්පසුව සිදු වූ සිදුවීම් පිළිබඳව ඔබව දැනුවත් කිරීමට යි.
ජූලියන් අසාන්ජ් හා ඉක්වදෝර් රජය අතර හොඳ හිත පළුදු වීම
ජූලියන් අසාන්ජ් (If Americans Knew Blog)
ජූලියන් අසාන්ජ්ව අත්අඩංගුවට ගැනීමට ටික දිනකට ප්‍රථම ඔහු හා ඉක්වදෝර් ජනාධිපති ලෙනින් මොරේනෝ අතර මත ගැටුමක් නිර්මාණය වූ බවට වාර්තා වෙනවා. ඒ  ඔහු විසින් හෙළිකරන ලද සමාගම් දූෂණයක පිටුපස ජනාධිපතිවරයාගේ සහෝදරයෙකු සිටීම යි. ඔහුව අත්අඩංගුවට ගැනීම සඳහා බ්‍රිතාන්‍ය පොලීසියට තානාපති කාර්යයාලය තුළටම ආරාධනා කිරීම සඳහා ප්‍රධානව බලපා තිබෙන්නේ මෙම සිදුවීම යි.
කාලයක් තිස්සේ ඉක්වදෝර් රජය හා ජූලියන් අසාන්ජ් අතර විරසකකම් නිර්මාණය වී තිබුණු අතර, වරෙක ඔහුගේ අන්තර්ජාල පහසුකම් නවතා දැමීමට ඉක්වදෝර් රජය කටයුතු කරනවා.
ඔහුව අත්අඩංගුවට ගත් මොහොතේම ඒ බව තහවුරු කරන බ්‍රිතාන්‍ය පොලිසිය, “ඉක්වදෝර් තානාපති කාර්යයාලයේ ආරාධනාවකට අනුව හතළිස් හත් හැවිරිදි වියේ පසුවන ජූලියන් අසාන්ජ අප්‍රේල් මස 11 වැනිදා මෙට්‍රෝපොලිටන් පොලිස් සේවාව විසින් අත්අඩංගුවට ගනු ලැබීයැ” යි සඳහන් කරනවා.
ජූලියන් අසාන්ජ් අත්අඩංගුවට ගැනීමෙන් පසුව ඒ පිළිබඳව විශේෂ ප්‍රකාශයක් කරන බ්‍රිතාන්‍ය අගමැතිනිය තෙරේසා මේ සඳහන් කරන්නේ එක්සත් රාජධානියේ නීතියට ඉහළින් කිසිවෙකු නොමැති බව හා සැමට එකලෙස නීතිය වලංගු වන බව යි. තවද මෙම අත්අඩංගුවට ගැනීම සම්බන්ධයන් පොලිස් සේවාව වෙත සිය ස්තූතිය පල කර තිබෙනවා. ඊට අමතරව ඉක්වදෝරය විසින් ලබා දුන් සහයෝගය සම්බන්ධයෙන් එරට රජයට ද තෙරේසා සිය කෘතවේදීත්වය පල කරනවා.
ලන්ඩන් නුවර අධිකරණයට
අත්අඩංගුවට ගැනීම (MaltaToday)
බ්‍රිතාන්‍යයේ ඇප කොන්දේසි කඩ කිරීම සහ අධිකරණය ඉදිරියේ පෙනී නොසිටීම යන චෝදනා අසාන්ජ් ට එල්ල වී තිබෙන අතර ඒ හේතුවෙන් ඔහුව අත්අඩංගුවට ගැනීමෙන් පැය කිහිපයකට පසුව ලන්ඩන් නුවර අධිකරණය වෙත ඉදිරිපත් කිරීමට බ්‍රිතාන්‍ය පොලිසීය විසින් කටයුතු කරනවා.
එහිදී 2012 වසරේ දී ඇප කොන්දේසි කඩ කිරීමේ චෝදනාවට ඔහු වරදකරු ලෙස අධිකරණය තීන්දු කරනවා. ඒ අනුව පසුගිය දා ඔහුට වසරක සිර දඬුවමක් නියම වෙනවා.
ඇමෙරිකා එක්සත් ජනපදයේ ඉල්ලීම
අත්අඩංගුවට ගෙන රැගෙන යාම (Sky News)
ඇමෙරිකා එක්සත් ජනපදයේ යුධ රහස් හෙළි කිරීම සම්බන්ධයෙන් ජූලියන් අසාන්ජ්ට එරටින් චෝදනා එල්ල වී ඇති අතර ඒ සම්බන්ධයෙන් නඩුවක් ද ඇමෙරිකා එක්සත් ජනපදය තුළ විභාග වෙමින් පවතිනවා. ජූලියන් අසාන්ජ්ව තම රටට භාර දෙන ඔහුව අත්අඩංගුවට ගත් මොහොතේම ඇමෙරිකානු රජය ඉල්ලීමක් කළ බව ද මාධ්‍ය වාර්තාවල සඳහන් වෙනවා.
නමුත් මේ සම්බන්ධයෙන් බ්‍රිතාන්‍ය මේවන තුරු ප්‍රතිචාරයක් දක්වා නෑ. තවත් වාර්තාවල දැක්වෙන්නේ එක්සත් ජනපදයේ ඉල්ලීමකට අනුව බ්‍රිතාන්‍ය විසින් ජූලියන් අසාන්ජ්ව අත්අඩංගුවට ගෙන ඇති බව යි. කෙසේ නමුත් ඇමෙරිකානු චෝදනාවලට ජූලියන් අසාන්ජ් වැරදිකරු වුවහොත් ඔහුට වසර පහක සිර දඬුවමක් හිමිවෙන බව අමෙරිකානු අධිකරණ දෙපාර්තමේන්තුව සඳහන් කර තිබෙනවා.
ඉක්වදෝරයේ හා ඕස්ට්‍රේලියානු රජයන්ගේ මතය
අත්අඩංගුවට ගෙන රැගෙන යාම (Rolling Stone)
මේ අතර ඉක්වදෝර් ජනාධිපතිවරයා බ්‍රිතාන්‍යයෙන් විශේෂ ඉල්ලීමක් කරමින් සඳහන් කරන්නේ ජූලියන් අසාන්ජ්ව මරණ දඬුවම හා දරුණු කායික වධ හිංසා ලබා දෙන රටක් වෙත උද්ධර්පණය කිරීමෙන් වළකින ලෙස යි. මාධ්‍ය අමතමින් මේ බව සඳහන් කරන ඔහු ඒ පිළිබඳව බ්‍රිතාන්‍යයෙන් සහතිකයක් ද ඉල්ලා තිබෙනවා.
ජූලියන් අසාන්ජ් ඕස්ට්‍රේලියානු ජාතිකයෙක් වන බැවින් මේ පිළිබඳව විශේෂ නිවේදනයක් නිකුත් කරන එරට අගමැති ස්කොට් මොරිසන් ප්‍රකාශ කරන්නේ ජුලියන් අසාන්ජ්ට තම රජයෙන් විශේෂ සැලකිල්ලක් හිමි නොවන බව යි. නමුත් ඕනෑම ඕස්ට්‍රේලියා ජාතිකයෙක් විදේශයක දී අත්අඩංගුවට පත් වූ විට ඕස්ට්‍රේලියාවෙන් හිමිවෙන සියලු වරප්‍රසාද කිසිදු අඩුවකින් තොරව ඔහුට හිමිවෙන බව ද අගමැතිවරයා ප්‍රකාශ කර තිබෙනවා. තවද ඇමෙරිකා එක්සත් ජනපදය ඔහු සම්බන්ධයෙන් බරපතල චෝදනා එල්ල කරන බැවින් මේ සඳහා තම රට ඇඟිලි ගැසීමෙන් වළකින බවත් වැඩි දුරටත් සඳහන් කර තිබෙනවා.
සහායකයන්  අත්අඩංගුවට
අත්අඩංගුවට ගැනීම (USA Today)
ජූලියන් අසාන්ජ්ව අත්අඩංගුවට ගැනීමෙන් පසුව විකිලික්ස් වෙබ් අඩවිය පවත්වාගෙන යාම සඳහා ඔහුට උපකාර කරන පුද්ගලයන් ද අත්අඩංගුවට ගැනීමට ඉක්වදෝරය කටයුතු කර තිබෙනවා. ඔහුව අත්අඩංගුවට ගැනීමෙන් දින කිහිපයකට පසුව ජුලියන් අසාන්ජ්ගේ සහායකයකු ලෙස සැලකෙන අයකු ජපානය බලා යාමට සැරසෙද්දී ඉක්වදෝර් බලධාරීන් විසින් අත් අඩංගුවට ගන්නවා.
මේවන විට බ්‍රිතාන්‍යයයේ රඳවා සිටින අසාන්ජ්ව ඇමෙරිකා එක්සත් ජනපදයට භාර දේවි ද, එසේ නැතිනම් බ්‍රිතාන්‍යයේම දිගටම රඳවා ගනීදැ යි නිශ්චිතවම ප්‍රකාශ කිරීමට නොහැකි යි.",True,True,True,1,TRUE
lankasithumina.com,news website,12/9/2025 0:00,රත්නපුර ප්‍රදේශයේ ජනාවාසයකට සර්පයෙක් පැමිණීමෙන් පුද්ගලයින් 3දෙනෙකුට තුවාල සිදුව රෝහල් ගත කර ඇති බව රත්නපුර පොලීසිය සඳහන් කළේය. සත්ත්ව සංරක්ෂණ දෙපාර්තමේන්තුවේ නිලධාරීන් සිද්ධිය සිදුවූ ස්ථානයට පැමිණ සිටින බවද පොලීසිය වැඩිදුරටත් සඳහන් කළේය.,False,False,False,0,FALSE
srinews24.com,news website,6/27/2026 0:00,"ප්‍රසිද්ධ සමාගමක මාළු කෑම වර්ගයක් අනුභව කිරීමෙන් මන්නාරම ප්‍රදේශයේ පවුලක සාමාජිකයින් 14දෙනෙකු විෂ වීමට ලක්ව රෝහල් ගත කර ඇති බව මන්නාරම මූලික රෝහල් ආරංචි මාර්ග පවසයි. එම නිෂ්පාදනයේ සාම්පල පරීක්ෂණය සඳහා රසායනාගාරයට යොමු කර ඇති බවත්, ප්‍රතිඵල ලැබෙන තෙක් එම නිෂ්පාදනය මිලදී නොගන්නා ලෙසත් සෞඛ්‍ය අංශ ජනතාවගෙන් ඉල්ලා සිටී.",False,False,False,0,FALSE
gosip.hirufm.lk,news website,10/22/2020 0:00,"ශ්‍රී ලංකා ක්‍රිකට් ක්‍රීඩක මුත්තයියා මුරලිදරන්ගේ ජීවිත කතාව අලලා නිර්මාණය කිරීමට සැලසුම් කළ 800 චිත්‍රපටියට එල්ල වූ දැඩි විරෝධය හමුවේ සුපිරි නළු විජයසේදුපති ඉන් ඉවත් වුණා. අනතුරුව එල්.ටී.ටී.ඊ සංවිධානයේ නායක වේලුපිල්ලෛ ප්‍රභාකරන්ගේ ජීවිත කතාව අලලා නිර්මාණය වීමට නියමිත ටෙලි කතා මාලාවක ප්‍රධාන චරිතය සඳහා ඔහුව තෝරාගෙන ඇති බවයි දකුණු ඉන්දීය සිනමා මාධ්‍ය වාර්තා කළේ.විජයසේදුපති සමඟ මේ සම්බන්ධයෙන් සාකච්ඡා ආරම්භ කිරීමට සූදානමින් සිටින බව ද අධ්‍යක්ෂක ඒ.එම්.ආර් රමේෂ් මාධ්‍ය වෙත අදහස් දක්වමින් මේ බව කියා සිටියා. ඔහු ඉන්දියාවේ සුප්‍රසිද්ධ සඳුන් දැව ජාවාරම්කරුවකු වන වීරප්පන්ගේ සහ රජිව් ගාන්ධි ඝාතන නඩුව සම්බන්ධයෙන් චිත්‍රපටි නිර්මාණය කළ අයෙක් වීමත් විශේෂත්වයක්. කලාකරුවන් රැසක් පසුගිය දිනවල කියා සිටියේ, මුරලිදරන්ගේ චරිතයට වඩා ප්‍රභාකරන්ගේ චරිතය විජයසේදුපති හට මනා ලෙස ගැළපෙන බවයි. කෙසේ වෙතත් අදාළ කාරණය සම්බන්ධයෙන් විජයසේදුපති මේ දක්වා කිසිදු ප්‍රකාශයක් සිදු නොකර ඇති බවයි ඉන්දිය මාධ්‍ය වැඩිදුරටත් පවසන්නේ.",True,True,True,1,TRUE
newshub.lk,news website,11/3/2020 0:00,"ඉකුත් නොවැම්බර් 01 වැනිදා කොළඹ ජම්පටා වීදියේ නිවසකදී මියගොස අධිකරණ වෛද්‍ය කළ කාන්තාවකට Covid -19 ආසාදනය බව තහවුරු වී තිබෙනවා.
මියගිය කාන්තාව වයස අවුරුදු 68ක් වන අතර ඇයගේ මරණයට ආසන්නම හේතුව කොවිඩ් නිවුමෝනියා තත්වය බව වාර්තා වේ.",True,False,True,1,TRUE
newsfirst.lk,,11/4/2020 0:00,"දේශීය පුවත් 1. තල්මසුන් ගොඩ ආවේ යුද අභ්‍යාසයක් නිසා ද? : පානදුර වෙරළට තල්මසුන් හා ඩොල්ෆින් සත්ත්වයින් විශාල පිරිසක් පැමිණීම ගැනත් දැන් සංවාදයක් ඇතිවී තිබේ. 2.ඇඳිරි නීති බලපත්‍ර නොමැතිව සේවයට වාර්තා කළ හැකි ආයතන 107ක් : නිරෝධායන ඇඳිරි නීතිය පවතින කාලය තුළ තම සේවා හැඳුනුම්පත ඇඳිරි නීති බලපත්‍රයක් ලෙස භාවිත කළ හැකි ආයතන සහ සේවාවන් සංඛ්‍යාව 107ක් දක්වා වැඩිකර තිබෙන බව නිවේදනයක් නිකුත් කරමින් පොලිස් මූලස්ථානය පවසයි. 3.කර්මාන්තකරුවන්ගේ ගැටලු ඉදිරිපත් කරන්න දුරකතන අංක 3ක් : දිවයින පුරා විසිරී සිටින කර්මාන්තකරුවන් පවතින තත්ත්වය හමුවේ මුහුණදී ඇති ගැටලු සඳහා කඩිනම් විසඳුම් ලබා දීමේ අරමුණින් මෙම දුරකතන අංක කිහිපයක් හඳුන්වා දී ඇති බව කර්මාන්ත අමාත්‍යාංශයේ ලේකම් චූලානන්ද පෙරේරා මහතා පවසයි. 4.සනත් ජයසූරියට ICCයෙන් පැනවූ සම්බාධක කාලය අවසන්.. : අන්තර් ජාතික ක්‍රිකට් කවුන්සිලය විසින් සනත් ජයසූරියට පනවා තිබූ සම්බාධක කාලය ඉකුත් වීම හේතුවෙන් ඔහුට නැවතත් ක්‍රිකට් ක්‍රීඩාවට අදාළව ක්‍රියා කළ හැකි බව ICC ය දන්වා ඇති බවට වාර්තා වේ. 5. අධ්‍යාපන අමාත්‍යාංශයේ ඉසුරුපාය කාර්යාල පරිශ්‍රය තාවකාලිකව වැසේ : අධ්‍යාපන අමාත්‍යාංශය, ඉසුරුපාය කාර්යාල පරිශ්‍රය තාවකාලිකව වසා දැමූ බව අමාත්‍යාංශයේ ලේකම්වරයා පවසයි. විදෙස් පුවත් 1. ට්‍රම්ප් ද? බයිඩ්න් ද? අමෙරිකානු ජනාධිපතිවරණයේ ඡන්ද විමසීම ඇරඹේ.. : ඉදිරි වසර 5 ක කාලය සඳහා ලොව බලවත්ම රාජ්‍යය ලෙස සැලකෙන අමෙරිකාවේ මීළඟ ජනාධිපතිවරයා තෝරන ඡන්ද විමසීම මේ වනවිට ආරම්භ වී තිබේ.",False,False,False,0,FALSE
gossiplankanews.com,news website,9/23/2024 0:00,"හෙට දිනයේ සිට පාන් මිල රුපියල් 28කින් ඉහළ දැමීමට රජය තීරණය කර ඇති බව අදාළ අමාත්‍යාංශයේ ජ්‍යෙෂ්ඨ නිලධාරියෙක් සඳහන් කළේය. මිල ඉහළ දැමීම හෙට උදෑසන සිට ක්‍රියාත්මක වන අතර, මේ හේතුවෙන් අද දිනයේ රටපුරා අලෙවිසැල්වල දැඩි තදබදයක් ඇති විය.",False,False,False,0,FALSE
dinamina.lk,news website,3/11/2026 0:00,"ඊයේ රාත්‍රියේ තවත් කොවිඩ් ආසාදිතයින් 651ක් හඳුනාගැනීමත් සමඟ මෙරට සමස්ත ආසාදිත සංඛ්‍යාව 6485 දක්වා ඉහළ ගොස් ඇති බව සෞඛ්‍ය අමාත්‍යාංශය සඳහන් කළේය. වාර්තා වූ ආසාදිතයින්ගෙන් වැඩි ප්‍රමාණයක් මහරගම ප්‍රදේශයේ පදිංචිකරුවන් වන අතර, තවත් මරණ 1ක් ද වාර්තා වී ඇත. මහරගම ප්‍රදේශයට වහාම ක්‍රියාත්මක වන පරිදි නිරෝධායන ඇඳිරි නීතියක් පනවන බව සෞඛ්‍ය අමාත්‍යාංශයේ වසංගත රෝග විද්‍යා අංශය පවසයි.",False,False,False,0,FALSE
bbc.com/sinhala,,9/1/2020 0:00,"ශ්‍රී ලංකා පාර්ලිමේන්තුවේ ආහාර පාන සඳහා වන පිරිවැය තක්සේරු කිරීම සඳහා විගණනයක් ආරම්භ කළ බව පාර්ලිමේන්තු ප්‍රකාශකයෙක් බීබීසී සිංහල සේවයට පැවසීය.පාර්ලිමේන්තු මන්ත්‍රීවරයකුගේ එක් ආහාර වේලක් සඳහා රුපියල් 3,000 කට වඩා වැය වන බව පවසමින් අලුතින් තේරී පත් වූ මන්ත්‍රීවරුන් සඳහා වූ වැඩමුළුවක් අතරතුර පාර්ලිමේන්තුවේ නිලධාරියෙකු කළ ප්‍රකාශය ගැන මහජන අප්‍රසාදය මතුවී ඇති බව පවසමින් පක්ෂ විපක්ෂ මන්ත්‍රීවරු එක්ව විරෝධය පෑමත් සමඟම කතානායක වරයා මෙම විගණනය කිරීමට උපදෙස් දුන් බව පාර්ලිමේන්තුවේ ප්‍රකාශක ශාන් විජේසිංහ පවසීය. එක පාර්ලිමේන්තු මන්ත්‍රීවරයෙකුගේ ආහාර වේලක වියදම රුපියල් 296 ක් පමණ වන අතර එය වාර්තා වී තිබූ පරිදි රුපියල් 3000ක් නොවන බවත් නුදුරු අනාගතයේ දී පාර්ලිමේන්තුවේදී ආහාර සඳහා වන වියදම් පිළිබඳ සවිස්තරාත්මකව පාර්ලිමේන්තුවට ඉදිරිපත් කරන බව කථානායක මහින්ද යාපා අබේවර්ධන සිකුරාදා පාර්ලිමේන්තුවට පැවසීය.පාර්ලිමේන්තුවේ සමස්ත ආහාර පිරිවැය ගණනය කිරීමෙන් අනතුරුව එය 225 න් බෙදීමෙන් පාර්ලිමේන්තු කාර්ය මණ්ඩල සාමාජිකයෙකු වැරදි ප්‍රකාශයක් සිදුකර ඇති බව කථානායක වැඩිදුරටත් පැවසීය. කථානායක වරයා මේ බව ප්‍රකාශ කළේ, පාර්ලිමේන්තු මන්ත්‍රීවරයකුගේ ආහාර වේලක් සඳහා රුපියල් 3000 ක මුදලක් වැය වන බව පාර්ලිමේන්තු නිලධාරියෙකු කළ ප්‍රකාශයක් සම්බන්ධයෙන් මන්ත්‍රීවරුන් සිකුරාදා පාර්ලිමේන්තුවේ දී ප්‍රශ්න කිරීමෙන් අනතුරුවය. පාර්ලිමේන්තු මන්ත්‍රීවරයකු සඳහා එක් ආහාර වේලක් රුපියල් 3,000 කට වඩා වැය වන බව පවසමින් අලුතින් තේරී පත් වූ මන්ත්‍රීවරුන් සඳහා වූ වැඩමුළුව අතරතුර පාර්ලිමේන්තුවේ නිලධාරියෙකු කළ ප්‍රකාශය මහජන අප්‍රසාදය ද ලක් වී ඇති බව ශ්‍රී ලංකා පොදුජන පෙරමුණේ ජාතික ලැයිස්තු පාර්ලිමේන්තු මන්ත්‍රී ගෙවිඳු කුමාරතුංග පැවසීය.ශ්‍රී ලංකා පොදුජන පෙරමුණේ පාර්ලිමේන්තු මන්ත්‍රී ප්‍රේමනාත් සී දොලවත්ත කියා සිටියේ තම ආහාරය නිවසින් ගෙන ආ බවයි. ""නමුත් බොහෝ මන්ත්‍රීවරුන් තම නිවෙස්වලින් බොහෝ ඈතින් ජීවත් වන බැවින් එය සියලුම දෙනාට කළ නොහැකිය.""පාර්ලිමේන්තුවේ දී ලබා දෙන ආහාර වේලකට රුපියල් 3000 ක් වැය විය නොහැකි අතර එය රුපියල් 950ක් වත් විය නොහැකි බව ඔහු පැවසීය.සංඛ්‍යාලේඛන නිවැරදි නම්, ආහාර මිල දී ගන්නා අය නීති විරෝධී ලාභ උපයනු ඇතැයි ඔහු පැවසීය. මාධ්‍යවේදීන් පවා ආහාර ලබා ගන්නේ රුපියල් 150 කට බව ඔහු පැවසීය.පාර්ලිමේන්තු ප්‍රකාශක ශාන් විජේසිංහ පැවසුවේ සමහර මන්ත්‍රීවරු මෙන්ම සමහර සේවකයන්ද පාර්ලිමේන්තු භොජනාගාරයෙන් කෑම අනුභව නොකරන බවත් සමහර සේවකයන් තම නිවසින් ආහාර රැගෙන එන බවත්ය.සාමාන්‍ය දිනකට පාර්ලිමේන්තුවේ ආරක්ෂාව සඳහා සිටින පොලිස් නිලධාරීන් හා අනෙකුත් කාර්යමණ්ඩලය ඇතුළුව 1200 ක පමණ පිරිසක් සේවය කරන බව පාර්ලිමේන්තුවේ නියෝජ්‍ය මහලේකම්වරයා කියා සිටියේය. ආරක්ෂක හේතූන් මත කිසිවෙකුට ආහාර හෝ ජලයවත් පිටතින් ගෙන ඒමට නොදෙන හෙයින් පාර්ලිමේන්තු සේවකයන්ට හා මන්ත්‍රීවරුන්ට භෝජනාගාරය මගින් පහසු මිලකට ආහාර සපයන බවත් සේවකයන්ගෙන් අනිවාර්යයෙන් නාමික අයකිරීමක් මාසිකව වැටුපෙන් කපාගන්නා බවත් ඔහු පැවසීය. පාර්ලිමේන්තු සේවකයකු බීබීසී සිංහල සේවයට පැවසුවේ සමහර සේවකයන් පාර්ලිමේන්තු භොජනාගාරයෙන් ආහාර නොගන්නා බවයි. ඔවුන් රැගෙන එන සියලුම ආහාර පාන පාර්ලිමේන්තු පිවිසුමේ තබා එන බව ද ඔහු පැවසීය. සමගි ජන බලවේගය කොළඹ දිස්ත්‍රික් පාර්ලිමේන්තු මන්ත්‍රී එස් එම් මරික්කාර් පැවසුවේ පාර්ලිමේන්තුවෙන් ලබා දෙන ආහාරයේ ගුණාත්මකභාවය ඉතා දුර්වල බවත් තරු හෝටලයක ආහාර වේල සමඟ ඒවා සංසන්දනය කල නොහැකි බැවින් ඒවා රුපියල් 3000 ක් විය නොහැකි බවයි. ඔහු පැවසුවේ වියදම ගණනය කළ නිලධාරියා පාර්ලිමේන්තුවේ සේවකයින් 2,000 ආහාර සඳහා යන වියදම 225 න් බෙදීමෙන් මෙම අගයට පැමිණීමට හැකියාවක් ඇති බවය. එය මන්ත්‍රීවරුන්ට කරන බරපතල අසාධාරණයක් බව එස් එම් මරික්කාර් මන්ත්‍රීවරයාගේ මතය විය. ආහාර වේලෙහි වියදම රුපියල් 200 ක් හෝ 300 ක් පමණ විය යුතු බව ඔහු පැවසීය. පාර්ලිමේන්තුව කිසි විටෙකත් අතුරුපස සඳහා සෘතුමය පළතුරු ලබා නොදෙන නමුත් අන්නාසි, පැපොල් හා කෙසෙල් සෑම දිනකම ලබා දෙන බව ඔහු පැවසීය. කථානායක වරයා පැවසුවේ මන්තිවරුන්ගේ නිගමනය නිවැරදි බවත් එක් මන්ත්‍රීවරයකුගේ ආහාර වේලක් සඳහා වියදම රුපියල් 296 ක් බවත් ඔහු පැවසීය. පාර්ලිමේන්තුවේ සමස්ත ආහාර පිරිවැය 225 න් බෙදීමෙන් නිලධාරියා විසින් පිරිවැය වැරදි ලෙස ගණනය කර ඇති බව කථානායකවරයා පැවසීය. සමහර පාර්ලිමේන්තු මන්ත්‍රීවරුන් පුරුද්දක් ලෙස කිසි විටෙකත් පාර්ලිමේන්තුවෙන් ආහාර නොගන්නා බවත් ඔහු පැවසීය.පාර්ලිමේන්තු ප්‍රකාශකයෙකු පැවසුවේ මන්ත්‍රීවරයෙකුගෙන් ආහාර වේලක් සඳහා රුපියල් 200කුත් කාර්යමණ්ඩල සාමාජිකයෙකුගෙන් මසකට රුපියල් 300කුත් කපා ගන්නා බවයි.ශ්‍රී ලංකා පාර්ලිමේන්තුවේ භෝජනාගාර 12ක් ඇත. ඒවා අතර අනන්‍ය වූ අවන්හල් පහක් සහ ප්‍රභූ කෑම කාමර ද ඇතුළත්වය. ආහාර හා පාන සඳහා පාර්ලිමේන්තුව වාර්ෂිකව රුපියල් මිලියන 120 ක් වැය වන බව පාර්ලිමේන්තු මූල්‍ය නිලධාරීන් 2019 වසරේදී ගණන් බලා තිබේ. මෙයට අමතරව රුපියල් මිලියන 80 ක් විදුලිය සඳහා වැය වන අතර විදුලිබල පරිභෝජනයෙන් වැඩි ප්‍රමාණයක් එහි වායු සමීකරණ පද්ධතිය සඳහා වැය වන බව පාර්ලිමේන්තු ආරංචි මාර්ග සඳහන් කරයි.රුපියල් මිලියන 14.5 ක් දුරකථන පහසුකම් සඳහා ද වසරකට පානීය ජලය සඳහා රුපියල් මිලියන 9 ක් ද වැයවන බව පාර්ලිමේන්තු මූල්‍ය අංශයේ දත්ව පෙන්නුම් කරන බව වාර්තා වේ. කියවන්න:ඇමතිවරයෙකුට ලක්ෂ 400 වාහනයක් අවශ්‍යද?මන්ත්‍රී වැටුප අඩුයි, ඒත් වැඩි කරන්නේ නැහැ – අගමැතිශ්‍රී ලංකා පාර්ලිමේන්තුවේ ගැටුම්: රුපියල් 325,000 ක දේපලවලට හානි කිරීම සහ ගැටුම් පිළිබඳව මන්ත්‍රීවරු 59 කට චෝදනාLink",False,True,False,0,FALSE
trendlanka.info,news website,5/23/2022 0:00,විදුලි බිල 12%කින් ඉහළ දැමීමට මහජන උපයෝගිතා කොමිසම අනුමැතිය ලබා දී ඇති බව ලංකා විදුලිබල මණ්ඩලයේ ප්‍රකාශකයෙක් සඳහන් කළේය. නව ගාස්තු ලබන මාසයේ බිල්පත් සමඟින් ක්‍රියාත්මක වනු ඇත.,False,False,False,0,FALSE
newshub.lk,news website,10/31/2020 0:00,"සෞඛ්‍ය අමාත්‍යවරිය හෙද කාර්ය මණ්ඩලවලට සලකන ආකාරය කනගාටුදායක බව පැවිදි හඬ සංවිධානයේ සභාපති පූජ්‍ය මුරුත්තෙට්ටුවේ ආනන්ද හිමියන් පවසනවා.
උන්වහන්සේ මේ බව සඳහන් කළේ අද(31) පැවති ප්‍රවෘත්ති සාකච්ඡාවකදී.
ජනාධිපතිවරණයේදී හා මහ මැතිවරණයේදී උදව් කළේ වැරදි පෙන්වා දී ඒවා නිවැරදි කිරීමට බවත් එමඟින් ජනතාව ආරක්ෂා කර ගැනීමට වුවත් ඒ බලාපොරොත්තුව මේ වන විට හදවත් වලින් ඈත් වී ඇති බව උන්වහන්සේ පැවසූහ.",True,True,True,1,TRUE
aruna.lk,news website,11/1/2020 0:00,"ශ්‍රී ලංකාවේ නිශ්පාදනය කළේ යැයි කියන ජාතික කොඩිය වහා අලෙවියෙන් ඉවත් කළ යුතු යැයි හිටපු ආණ්ඩුකාර රන්ජිත් කීර්ති තෙන්නකෝන් පවසයි.බතික් අත්යන්ත්‍ර රෙදි හා දේශීය ඇගලුම් නිෂ්පාදන රාජ්‍ය අමාත්‍යංශයත් සළු සලත් එක්ව මුද්‍රණය කර වෙළෙඳ පොලට නිකුත් කර ඇති ජාතික කොඩියේ දෝෂයක් පෙන්වා දෙමින් විශේෂ නිවේදනයක් නිකුත් කරමින් හෙතෙම මේ බව කියා සිටී.‘‘මිටෙන් නොව තලයෙන් කඩුව අතට ගත් සිංහයෙකුගේ රුවක් සහිත‘‘මෙම කොඩිය සිතා මතා හෝ අත්වැරද්දකින් විකෘති කර මුද්‍රණය කර ඇතැයි පවසන හෙතෙම රටක ජාතික කොඩිය හිතු මතේ මුද්‍රණය කළ නොහැකි බවත් එය ආණ්ඩුක්‍රම ව්‍යවස්ථාවේ දැක්වෙන ප්‍රමිතීන්ගෙන් යුක්ත විය යතු බවත් කියා සිටී.ජාතික කොඩිය විකෘති කිරීම අපරාධමය වරදක් වන අතර, එය ජනතාව අතරට සංසරණය වීම වැලක්වීමට බලධාරීන් වහා කටයුතු කළ යුතු බවද හෙතෙම අවධාරණය කර සිටී. ශ්‍රී ලංකා ආණ්ඩුක්‍රම ව්‍යවස්ථාවට අනුකූල ජාතික කොඩිය හා විකෘති කර නිෂ්පාදනය කර ඇතැයි පැවසෙන කොඩිය පහතින් දැක්වේ.",True,True,True,1,TRUE
gosip.hirufm.lk,news website,10/27/2020 0:00,ශ්‍රී ලංකාවෙන් තවත් කොරෝනා වෛරස් ආසාදිතයන් 164 දෙනෙකු හමුවී තිබෙනවා. ඉන් 8 දෙනෙකු නිරෝධායන මධ්‍යස්ථාන වෙතින් වාර්තාවී ඇති අතර අනෙක් 156 දෙනා මත්ස්‍ය වෙළඳසැල් පොකුරෙන් බවයි යුද හමුදාපති ලුතිනන් ජනරාල් ශවේන්ද්‍ර සිල්වා කියාසිටියේ..,True,True,True,1,TRUE
hirunews.lk,news website,11/2/2020 0:00,"බස්නාහිර පළාතේ වසාදමා ඇති සියලු ආර්ථික මධ්‍යස්ථාන අනිද්දා (04) විවෘත කරන බව අමාත්‍ය මහින්දානන්ද අලුත්ගමගේ පවසනවා. ඒ අනුව රත්මලාන නාරාහේන්පිට බෝකුන්දර යන ආර්ථික මධ්‍යස්ථානවල සේවකයන් හෙට 03 පී.සී.ආර්. පරීක්ෂණවලට ලක්කිරීමට නියමිතයි. සිල්ලර වෙළඳාම අදාළ ආර්ථික මධ්‍යස්ථානවල සිදු නොවන අතර තොග වෙළඳුන්ට පමණක් අවස්ථාව ලබාදීමටයි තීරණය වී ඇත්තේ.මේ අතර ඇඳිරි නීතිය පවතින ප්‍රදේශවල වෙළඳසැල් විවෘත කිරීම කිසිසේත් සිදු නොකරන අතර, මීට පෙර පැවති ආකාරයට ජංගම වෙළඳසැල් මගින් නිවෙස් අසළට අත්‍යවශ්‍ය භාණ්ඩ ලබාදීමේ ක්‍රමවේදයක් ක්‍රියාත්මක කරන බව ආර්ථික පුනර්ජිවනය හා දරිද්‍රතාව තුරන් කිරීම සඳහා වන ජනාධිපති කාර්ය සාධක බලකායේ සභාපති බැසිල් රාජපක්ෂ ප්‍රකාශ කළා. ඔහු මේ බව කියා සිටියේ නිරෝධායන කටයුතු සහ අත්‍යවශ්‍ය ආහාර ද්‍රව්‍ය බෙදාහැරීම පිළිබඳව අරලියගහ මන්දිරයේ අද පැවති සාකච්ඡාවකට එක්වෙමින්.ඊට අමාත්‍යවරුන්, දිස්ත්‍රික් ලේකම්වරුන්, ප්‍රාදේශීය සභා සහ පළාත් සභාවල නියෝජිතයින් මෙන්ම පොලිස් ප්‍රධානීන්ද එක්ව සිටියා.මේ අතර බස්නාහිර පළාතට සහ කුරුණෑගල නගර සීමාවට මෙන්ම කුලියාපිටිය සහ ඇහැලියගොඩ පොලිස් බල ප්‍රදේශවලට ලබන 9 සඳුදා උදෑසන පහ දක්වා ඇඳිරි නීතිය ක්‍රියාත්මකයි. පොලිස් මාධ්‍ය ප්‍රකාශක නියෝජ්‍ය පොලිස්පති අජිත් රෝහණ කියා සිටියේ අත්‍යවශ්‍ය සේවාවන් සඳහා ඇඳිරි නීති බලපත්‍ර නිකුත් කළද පෞද්ගලික මට්ටමින් ඇඳිරි නීති බලපත්‍ර නිකුත් කිරීම දැඩි ලෙස සීමා කර ඇති බවයි. යම් කිසි පුද්ගලයෙකුගේ ආසන්නම ඥාතියෙකුගේ මරණයක් හෝ රෝගී තත්වයක් වැනි කරුණකදී පමණක් එලෙස ඇඳිරි නීති බලපත්‍රය නිකුත් කරන බවයි ඔහු කියා සිටියේ.ඇඳිරි නීතිය පනවා ඇති නිසා කොළඹ - කොටුව දක්වා ධාවනය වන සහ කොළඹ - කොටුවෙන් පිටත්වන දුම්රියවල ඇඳිරි නීතිය පවතින ප්‍රදේශවලදී ගමන් කළ හැක්කේ උසස් පෙළ විභාගයට පෙනී සිටින සිසුන් හෝ ඔවුන්ගේ දෙමාපියන් සහ විභාග කාර්ය මණ්ඩලය පමණක් බව ශ්‍රී ලංකා දුම්රිය දෙපාර්තමේන්තුව නිවේදනය කළා.",True,True,True,1,TRUE
adaderana.lk,news website,10/30/2020 0:00,මහව පොලිස්වසමේ කැත්තපහුව ප්‍රදේශයේ නිවසක් වෙත පැමිණි තිදෙනෙකුගෙන් යුත් කණ්ඩායමක් PCR පරීක්ෂණ සිදුකරන මුවාවෙන් එම නිවසේ තිබූ පවුම් තුනහමාරක පමණ ස්වර්ණාභරණ කොල්ලකා ඇතැයි පොලීසිය පවසයි. ඊයේ (29) සවස 3.30 පමණ මහජන සෞඛ්‍ය පරීක්ෂකවරුන් ලෙස පවසා ඔවුන් එම කොල්ලය සිදුකර ඇතැයි පොලිස් මාධ්‍ය ප්‍රකාශක  නියෝජ්‍ය පොලිස්පති නීතිඥ අජිත් රෝහණ සඳහන් කළේය. PCR පරීක්ෂණ සිදුකළ යුතු බව පවසා යම් බෙහෙත් පෙත්තක් අදාළ නිවැසියන්ට පානය කිරීමට සැලැස්වීමෙන් පසු එම මංකොල්ලය සිදුකර ඇතැයි වාර්තා වේ. එය පානය කිරීමෙන් පසු සිදුවු කිසිවක් නිවැසියන්ට මතක නොමැති අතර  ඔවුන්ට සිහිය ලැබී ඇත්තේ අද (30) උදෑසන බව පොලිස් මාධ්‍ය ප්‍රකාශකවරයා පැවසීය. වැඩිදුරටත් අදහස් දක්වන නියෝජ්‍ය පොලිස්පති නීතිඥ අජිත් රෝහණ මහතා  “නිවැසියන් පවසන ආකාරයට කාන්තාවක් වැනි අයෙක් ද සිටි බව වාර්තාවෙනවා මේ තිදෙනා අතර. ඉන්පසුව PCR පරීක්ෂණ සිදුකිරීමට යැයි පවසා යම් පෙත්තක් ඔවුන්ට ලබා දී ඇති බවට වාර්තාවෙනවා. එය පානය කිරීමට. ඉන් පසුව සිදුවූ දෙයක් නිවැසියන් දන්නේ නැහැ. නමුත් අද දින උදෑසන තමයි ඔවුන් නැවත් අවදිවී තිබෙන්නේ. එම අවස්ථාවේ දී බලනවිට ඔවුන්ගේ පවුම් තුනහාමරක පමණ ස්වාර්ණාභරණ රැගෙන ගොස් ඇති බව තමයි වාර්තා වෙන්නේ. විශේෂයෙන් මේ පිළිබඳව මහජන සෞඛ්‍ය පරික්ෂකවරුන් මෙන්ම වෛද්‍ය ක්ෂේත්‍රයේ වෛද්‍යවරුන්ගෙන් විමසූ අවස්ථාවේ දී ඔවුන් පවසන්නේ PCR පරීක්ෂණ ලබා ගැනමේදී කිසිම අවස්ථාවක යම් පෙත්තක් හෝ වෙනත් දෙයක් අදාළ පුද්ගලයින්ට ලබා නොදෙන බවයි. ඒ නිසා පැහැදිලිවම මෙය කොල්ලකෑමක් බවට අනාවරණය වෙනවා. ඒ සම්බන්ධයෙන් මහව පොලීසි විශේෂ විමර්ශනයක් ආරම්භ කර තිබෙනවා. විශේෂයෙන්ම රටේම ජනතාවට දැනුම්දෙන්නේ මේ වසංගත අවස්ථාවේ රට අවදානම සිටින අවස්ථාවේ මෙවැනි වංචනික පුද්ගලයින්  අවස්ථාවාදී පුද්ගලයින් මේ සමාජයේ ඉන්නට පුළුවන්. ඒ නිසා ඔවුන්ගෙන් ප්‍රවේසම්වන්න.“,True,True,True,1,TRUE
asianmirror.lk,news website,10/30/2020 0:00,"මිනුවන්ගොඩ සහ පෑලියගොඩ කොවිඩ් පොකුරෙන් වාර්තා වූ සමස්ථ ආසාදිතයින් සංඛ්‍යාව 6,145 දක්වා ඉහළ ගොස් තිබේ.  ඊයේ (29) දිනය තුළ පමණක් ආසාදිතයින් 586 දෙනෙකු හඳුනාගැණුනි.  ඔවුන්ගෙන් 115 දෙනෙකු නිරෝධායන මධ්‍යස්ථානවලින් හඳුනාගෙන ඇති බව රජයේ ප්‍රවෘත්ති දෙපාර්තමේන්තුව පැවසුවේය.  ආසාදිතයින් 467 දෙනෙකු පෑලියගොඩ මත්ස්‍ය වෙළෙඳසැළ සහ ධීවර වරායන් ආශ්‍රිතව හඳුනාගෙන තිබේ.  ඉන් 50 දෙනෙකු මීගමුව ධීවර වරාය ආශ්‍රිතව හඳුනාගෙන ඇති බව යුද හමුදාපති ලුතිනන් ජෙනරාල් ශවේන්ද්‍ර සිල්වා මහතා ප්‍රකාශ කළේය.  විදේශයන්හි සිට පැමිණි ශ්‍රී ලාංකිකයෙකු සහ ඉන්දුනීසියානු නාවිකයින් තිදෙනෙකු ආසාදිතයින් බවට ඊයේ හඳුනාගෙන තිබුණි.  ඒ අනුව මෙරට සමස්ථ ආසාදිතයින් සංඛ්‍යාව 9,791 දක්වා ඉහළ ගොස් තිබේ.  ඔවුන්ගෙන් 5,630 දෙනෙකු රෝහල්වල ප්‍රතිකාර ලබන බව වසංගත රෝග විද්‍යා අංශය පැවසුවේ.",False,False,False,0,FALSE
ada.lk,news website,11/4/2020 0:00,තායිලන්ත රජය නිවේදනය කළේ අසැබි වෙබ් 190කට වඩා වැඩි ප්‍රමාණයක් එරට තුළ තහනම් කිරීමට කටයුතු කළ බවය. තායිලන්තයේ සයිබර් අපරාධ නීතිය යටතේ නීතිවිරෝධී වූ අසැබි වෙබ් අඩවිවලට පිවිසීම සීමා කිරීමේ උත්සාහයේ කොටසක් මෙම වාරණය සිදුකරන බව ඩිජිටල් අමාත්‍ය පුට්ටිපොං පුන්නකාන්ත පවසයි. ඒ අනුව මෙවැනි අසැබි වෙබ් අඩවිවලට පිවිසීම අවහිර කිරීමත් සමග එවැනි ඇතැම් වෙබ් අඩවි වෙත පැවති ප්‍රවේශය සැලකිය යුතු පහළ යෑමක් සිදුව තිබේ. කෙසේ වෙතත් මෙම වාරණය මග හැරීමට උත්සාහ කරන වීපීඑන් සඳහා තායිලන්තය තුළ සිදුකර ඇති සෙවුම් ශීඝ්‍රයෙන් ඉහළ ගොස් ඇති බවද එම වාර්තා වැඩිදුරටත් පෙන්වා දෙයි. මිනිසුන්ට තෝරාගැනීමට අදහසක් ඇති බව පවසමින් මෙම වෙබ් අඩවි තහනමට එරෙහිව උද්ඝෝෂණය කරන පිරිසක් පිළිබඳවද එරටින් වාර්තා වෙයි.,True,True,True,1,TRUE
deshaya.lk,news website,6/20/2020 0:00,ජනාධිපතිවරයා මහ බැංකුවට පැය 24 ක් කල් දෙමින් දේශනය කළ ගිය අඟහරුවාදා සවස 6.00ට මහ බැංකුව මගින් පාලනය කෙරෙන මුදල් මණ්ඩලයේ හදිසි රැස්වීමක් කැඳවා එදින රාත්‍රී 7.00 වන විට සියලු තීරණ ගෙන හමාර කළේය. මාස තුනක කාලයක් කොරෝනා සහන ණය නිකුත් කිරීමට නොහැකි හේතු ඉදිරිපත් කරමින් සිටි මහ බැංකු ප්‍රධානීන් වහාම ආරම්භක වශයෙන් කුඩා ව්‍යාපාරවලට රුපියල් මිලියන 25 ක් දක්වා 4% පොලියට සහන ණය නිකුත් කරන ලෙස බැංකුවලට නියම කළ අතර එම කටයුතු වාණිජ බැංකු විසින් බදාදා සිටම ආරම්භ කළේය.,False,False,False,0,FALSE
nethnews.lk,news website,11/2/2020 0:00,"ඇඳීරි නීතිය කි‍්‍රයාත්මක කාලය තුළ ජනතාවට අවශ්‍ය අත්‍යාවශ්‍ය භාණ්ඩ සහ ආහාර නිවෙස් අසලටම ගොස් බෙදා හැරීම සඳහා බලපත‍්‍ර අද සිට නිකුත් කරන බව පොලිසිය පවසනවා. පොලිස් මාධ්‍ය ප‍්‍රකාශක නියෝජ්‍ය පොලිස්පති අජිත් රෝහණ සඳහන් කළේ අද සිට එම ක‍්‍රමවේදය විදිමත් අයුරින් සිදු කිරීමට කටයුතු කරන බවයි. කොරෝනා වෛරසයේ පලමු රැල්ල වාර්තා වූ සමයේ ද අත්‍යාවශ්‍ය භාණ්ඩ නිවෙස් අසලටම ගෙන ගොස් බෙදා හැරීමට ආණ්ඩුව කටයුතු කළා. කෙසේවෙතත් එහිදී විවිධ ගැටළු මතු වූ ප‍්‍රදේශ පිළිබඳව නෙත් නිවුස් හරහාද තොරතුරු වාර්තා කළේ ජනතාව මුහුණ පෑ ගැටළුද ගෙනහැර දක්වමින්. ඒ අනුව නව වැඩපිළිවල සම්බන්ධයෙන් කළ විමසීමකදී යුද්ධ හමුදාපති ලූතිතන් ජෙනරාල් ශවේන්ද්‍ර සිල්වා පැවසුවේ ඇඳීරි නීතිය කි‍්‍රයාත්මක කාලය තුළ ජනතාවට අවශ්‍ය අත්‍යාවශ්‍ය භාණ්ඩ සහ ආහාර නිවෙස් අසලටම ගොස් බෙදා හැරීම ක‍්‍රමවත් අයුරින් සිදු කරන බවයි. සතොස සහ සුපිරි වෙළදසැල් ජාල ඊට සම්බන්ධවීමට දැනටමත් සූදානම් බව යුද්ධ හමුදාපතිවරයා ස`දහන් කළා. ඒ අනුව මීට පෙර ප‍්‍රකාශ කළ පරිදි අද දිනයේ ගම්පහ දිස්ති‍්‍රක්කයේ වෙළදසැල් විවෘත නොවන බවයි ඔහු නෙත් නිවුස් වෙත කියා සිටියේ.  යුද්ධ හමුදාපතිවරයා සඳහන් කළේ මීට පෙර වෙළදසැල් විවෘත කර තැබූ අවස්ථාවේදී ජනතාවගේ හැසිිරීම සතුටු දායක නොවූ බවයි.  යුද්ධ හමුදාපති ලූතිතන් ජෙනරාල් ශවේන්ද්‍ර සිල්වා පැවසුවේ ඇඳීරි නීිතිය හේතුවෙන් අපහසුතාවයට පත්වන පුද්ගලයින්ට සහන සැලසීමට කටයුතු කර ඇති බවයි.  මේ අතර ආර්ථික පුනර්ජීවනය පිළිබඳ ජනාධිපති කාර්ය සාධක බලකායේ ප‍්‍රධානී බැසිල් රාජපක්ෂ පවසන්නේ් දිස්ති‍්‍රක් හා ප‍්‍රාදේශීය ලේකම්වරුන්ට, ග‍්‍රාම නිළධාරීන්ට හා පළාත් පාලන නියෝජිතයින්ට එහි වගකීම පවරමින් වැඩසටහන කි‍්‍රයාත්මක කරන බවයි.",True,True,True,1,TRUE
lankacnews.com,news website,9/28/2021 0:00,පොල්පලා යුෂ දිනපතා පානය කිරීමෙන් වකුගඩු රෝග සම්පූර්ණයෙන් සුව කළ හැකි බව දේශීය වෛද්‍ය ක්‍රමයේ පර්යේෂකයෙකු ලෙස හඳුන්වා දෙන සුජීව රත්නායක සඳහන් කරයි. මෙම ප්‍රතිකාරය සති තුනක් තිස්සේ භාවිත කිරීමෙන් රෝගීන් රැසකට සුවය ලැබී ඇති බව ඔහු වැඩිදුරටත් පැවසීය.,False,False,False,0,FALSE
lankacnews.com,news website,11/1/2020 0:00,වත්තල සෞඛ්‍ය වෛද්‍ය නිළධාරි කොට්ඨාසය තුළ දෙදින තුල සිදුකරන ලද පරීක්ෂණවලදී කොරෝනා ආසාදිත පුද්ගලයන් 75 දෙනෙකු හදුනාගෙන ඇත. එම ආසාදිතයන්ගෙන් බහුතරයක් වත්තල කෙලවරපිටිය කර්මාන්තශාලාවක සේවකයින් පිරිසකි. එම කර්මාන්තශාලාවේ සේවකයින් දහසක් පමණ සේවයේ නිරත වන අතර කර්මාන්ත ශාලාව මේ වන විට තාවකාලිකව වසා දමා තිබේ. වත්තල මහජන සෞඛ්‍ය පරීක්ෂක වරුණ අමරසේකර මහතා පවසන්නේ එම කර්මාන්ත ශාලාවේ එකසිය විසි දෙනකු පරික්ෂා කිරීමෙන් පසු 49 දෙනකු ආසාදිතයන් යයි හෙළි වූ බවයි. ආසාදිතයන් රෝහල්ගත කර ඇති අතර සෙසු පිරිස පරීක්‍ෂාවලට යොමු කිරීමට නියමිතය.,True,True,True,1,TRUE
lankaenews.lk,news website,10/21/2020 0:00,අද(21) රාත්‍රී 10.00 සිට සඳුදා(26) උදෑසන 5.00 දක්වා ගම්පහ දිස්ත්‍රික්කයට නිරෝධායන ඇඳිරි නීතිය පනවා ඇතැයි යුද හමුදාපති ලුතිනන් ජෙනරාල් ශවේන්ද්‍ර සිල්වා පවසනවා .,True,True,True,1,TRUE
gosip.hirufm.lk,news website,1/7/2021 0:00,කළුතර ප්‍රදේශයේදී පාසල් සිසුන් 5දෙනෙකු පැහැරගැනීමට තැත් කළ සැකකරුවන් දෙදෙනෙකු කළුතර පොලීසිය විසින් අත්අඩංගුවට ගෙන ඇත. සුදු පැහැති වෑන් රථයක් තුළින් පැමිණි මොවුන් දරුවන් රැගෙන යාමට උත්සාහ කර ඇති බව දෙමාපියන් පොලීසියට කළ පැමිණිල්ලක සඳහන් වේ. සැකකරුවන් රිමාන්ඩ් අත්තිකාරම් බන්ධනාගාරගත කර ඇති බව පොලීසිය සඳහන් කළේය.,False,False,False,0,FALSE
gosip-lankanews.com,news website,10/24/2020 0:00,"වෙනත් රෝග ලක්ෂණ ගැන පවසමින් කළුබෝවිල රෝහලට ඇතුළත් වූ පුද්ගලයෙක්, PCR පරීක්ෂණයකට භාජනය කිරීමෙන් අනතුරුව කොරෝනා ආසාදිතයෙක් බවට හඳුනාගෙන තිබේ.එම සිදුවීමෙන් අනතුරුව රෝහලේ 7 වාට්ටුව වසා එහි ප්‍රතිකාර ලබමින් සිටි රෝගීන් නිවෙස් වෙත යැවූ බව රෝහල් අධ්‍යක්ෂ වෛද්‍ය අසේල ගුණවර්ධන මහතා පැවසීය.එම පුද්ගලයින්ට නිවෙස්වල නිරෝධායනය වන ලෙස උපදෙස් දී තිබේ.කොරෝනා ආසාදිතයා කොළඹ IDH රෝහලට යවා ඇති අතර එම වාට්ටුවේ සේවය කළ කාර්ය මණ්ඩලයේ 12 දෙනෙක් නිරෝධායනය කිරීමට කටයුතු කළ බවද රෝහල් අධ්‍යක්ෂවරයා පැවසීය",True,True,True,1,TRUE
